id,wsf_built_share,wsf_built_nonbuilt_ratio,wsf_built_km2,wsf_observed_km2,wsf_built_px,wsf_valid_px,wsf_n_tiles,wsf_n_tiles_missing
1,0.213697,0.271774,7.45815,34.9009,76982,360239,1,0
2,0.138785,0.16115,2.76788,19.9435,29743,214310,1,0
3,0.406457,0.684799,6.0785,14.9549,65399,160900,2,0
4,0.29498,0.4184,14.7176,49.8928,154713,524486,1,0
5,0.359112,0.560334,10.3906,28.934,123306,343364,1,0
6,0.327477,0.486937,36.5894,111.736,552876,1688292,1,0
7,0.183564,0.224836,1.64844,8.98019,17097,93139,1,0
8,0.249962,0.333265,4.73531,18.9439,48897,195618,1,0
9,0.434905,0.769613,3.4688,7.97595,35954,82671,1,0
10,0.346663,0.530603,5.18002,14.9425,53203,153472,1,0
11,0.288494,0.40547,7.76772,26.9252,81630,282952,1,0
12,0.385033,0.626105,4.98905,12.9575,50876,132134,1,0
13,0.415204,0.709997,14.0722,33.8926,142573,343381,1,0
14,0.236315,0.309441,3.76944,15.9509,37900,160379,1,0
15,0.389698,0.638533,23.3146,59.8275,233845,600067,1,0
16,0.151457,0.178491,1.96728,12.989,20202,133384,1,0
17,0.341222,0.517962,7.82767,22.9398,84868,248718,1,0
18,0.266336,0.363021,12.7505,47.8738,134732,505873,1,0
19,0.247009,0.328037,27.1091,109.748,299889,1214082,1,0
20,0.314648,0.459104,4.08332,12.9774,41290,131226,1,0
21,0.446616,0.807063,4.45799,9.9817,45110,101004,1,0
22,0.247551,0.328993,1.97799,7.99009,20922,84516,1,0
23,0.388124,0.634317,18.5858,47.8863,190823,491655,2,0
24,0.301795,0.432244,5.42115,17.9629,57198,189526,1,0
25,0.277193,0.383496,9.68467,34.9381,102334,369179,1,0
26,0.382694,0.619941,45.4479,118.76,465898,1217418,1,0
27,0.353579,0.54698,4.23712,11.9835,43265,122363,1,0
28,0.42528,0.739977,18.6601,43.8775,196651,462404,2,0
29,0.503625,1.01461,54.7836,108.778,644226,1279178,1,0
30,0.451801,0.824156,69.4001,153.605,707759,1566527,1,0
31,0.341319,0.518185,14.6461,42.9108,151698,444447,1,0
32,0.316866,0.463842,25.9159,81.7893,266680,841617,1,0
33,0.330958,0.494674,13.5488,40.9378,136754,413207,1,0
34,0.421601,0.728911,42.9004,101.756,432196,1025130,1,0
35,0.346947,0.53127,5.88285,16.9559,64247,185178,1,0
36,0.466077,0.872929,10.2277,21.9441,120081,257642,1,0
37,0.258477,0.348575,9.53689,36.8965,95937,371163,1,0
38,0.282209,0.393162,5.06822,17.9588,53084,188102,1,0
39,0.480153,0.923643,132.708,276.389,1375337,2864373,1,0
40,0.43371,0.765881,78.335,180.62,807076,1860864,1,0
41,0.302391,0.433468,11.4626,37.9064,123013,406801,1,0
42,0.234915,0.307045,5.15299,21.9365,58531,249158,1,0
43,0.40741,0.687508,33.7312,82.7967,345453,847924,1,0
44,0.221121,0.283896,10.1521,45.9132,120853,546548,1,0
45,0.174675,0.211644,5.75409,32.9399,62982,360567,1,0
46,0.315373,0.46065,9.75955,30.9462,99533,315604,1,0
47,0.458146,0.845514,93.6878,204.495,949212,2071857,1,0
48,0.188932,0.232942,18.2834,96.75,419725,2221571,2,0
49,0.466674,0.875027,20.0363,42.9345,207370,444357,1,0
50,0.40107,0.669644,120.839,301.289,1218501,3038127,1,0
52,0.371433,0.59092,6.30326,16.9702,63684,171455,1,0
53,0.25736,0.346548,9.24389,35.9203,154938,602028,1,0
54,0.221729,0.284899,6.41487,28.9291,112103,505586,1,0
55,0.344308,0.525106,4.81212,13.9763,49016,142361,1,0
56,0.359371,0.560966,15.0741,41.9489,227551,633192,1,0
57,0.387064,0.631493,6.57103,16.9765,66392,171527,1,0
58,0.472434,0.895498,14.1507,29.9535,166516,352464,1,0
59,0.163813,0.195905,3.91862,23.9243,60086,366796,1,0
60,0.426002,0.742168,6.37846,14.9729,65146,152924,1,0
61,0.322348,0.475683,2.56896,7.96956,26536,82321,2,0
62,0.337049,0.508407,3.69764,10.9706,37706,111871,1,0
63,0.287335,0.403183,10.0231,34.8815,160393,558210,1,0
64,0.435999,0.773046,8.26527,18.9571,83397,191278,1,0
65,0.301289,0.431207,7.81902,25.95,127162,422060,1,0
66,0.165802,0.198757,8.2705,49.8694,167797,1012030,1,0
67,0.335325,0.504494,20.0852,59.8962,318341,949352,1,0
68,0.348796,0.535616,13.9225,39.9146,215351,617413,1,0
69,0.329533,0.491497,24.3256,73.8171,352238,1068901,1,0
70,0.406171,0.683986,85.9031,211.493,1219050,3001323,1,0
71,0.219683,0.281531,7.68436,34.9793,77017,350582,1,0
72,0.296064,0.420584,12.1112,40.9077,223104,753566,1,0
73,0.310276,0.449855,6.19749,19.9739,91918,296246,1,0
74,0.418946,0.721011,4.59312,10.9635,57024,136113,1,0
75,0.214703,0.273404,40.9276,190.616,767663,3575459,2,0
76,0.307837,0.444747,21.7837,70.7635,218790,710733,1,0
77,0.469777,0.886,17.8031,37.8969,178444,379848,1,0
78,0.274246,0.377877,9.5775,34.9232,96226,350875,2,0
79,0.335697,0.505337,17.0781,50.872,264861,788988,1,0
80,0.293552,0.415533,22.8498,77.8402,384394,1309457,1,0
81,0.472016,0.893996,54.1242,114.663,645079,1366647,1,0
82,0.343919,0.524202,22.3064,64.8597,322186,936808,1,0
83,0.286519,0.401579,11.7192,40.9037,167113,583253,1,0
84,0.278811,0.3866,2.50889,8.99857,26133,93730,1,0
85,0.519745,1.08223,94.4024,181.632,949442,1826746,1,0
86,0.539303,1.17062,13.4498,24.9391,135522,251291,1,0
87,0.290738,0.409916,29.0232,99.8266,359043,1234938,1,0
88,0.414059,0.706656,5.7879,13.9786,86164,208096,1,0
89,0.381899,0.617859,32.0097,83.8171,480904,1259243,1,0
90,0.383185,0.621232,9.18073,23.9591,99919,260759,1,0
91,0.402474,0.673567,11.2409,27.9284,158728,394381,1,0
92,0.146995,0.172327,2.04949,13.9426,20836,141746,1,0
93,0.318371,0.467074,7.30273,22.9363,148407,466145,1,0
94,0.349078,0.536282,35.5155,101.746,616213,1765259,1,0
95,0.360842,0.564558,13.3191,36.9125,236837,656346,1,0
96,0.4714,0.891788,6.11595,12.974,61627,130732,1,0
97,0.446077,0.805305,11.123,24.9351,160767,360402,1,0
98,0.259268,0.350016,3.88059,14.968,52984,204360,1,0
99,0.242458,0.32006,29.2877,120.793,577034,2379930,1,0
100,0.429358,0.752411,4.2874,9.98561,51185,119213,2,0
101,0.43848,0.78088,7.44138,16.9709,100468,229128,1,0
102,0.293821,0.416072,43.094,146.646,792113,2695900,2,0
103,0.389495,0.637989,4.28504,11.0016,58399,149935,1,0
104,0.456443,0.839732,16.3903,35.9094,237258,519798,1,0
105,0.357157,0.555591,19.6059,54.894,331750,928862,1,0
106,0.368709,0.584055,11.7675,31.9142,178389,483821,1,0
107,0.381165,0.61594,4.56649,11.9803,61387,161051,1,0
108,0.254045,0.340563,5.32161,20.9474,69280,272708,1,0
109,0.356004,0.552804,71.4003,200.566,973470,2734437,1,0
110,0.44977,0.817423,9.42545,20.9558,140533,312455,1,0
111,0.554747,1.24591,12.7317,22.9504,131196,236497,1,0
112,0.436765,0.775457,6.53258,14.9567,87646,200671,1,0
113,0.526523,1.11204,17.3355,32.9248,180102,342059,1,0
114,0.490725,0.963576,13.2164,26.9324,146136,297796,1,0
115,0.300009,0.428589,17.3626,57.871,203755,679164,1,0
116,0.523205,1.09734,57.4079,109.724,659977,1261413,1,0
117,0.336577,0.507334,58.0857,172.577,620159,1842548,1,0
118,0.475098,0.905118,14.6964,30.9333,148634,312849,2,0
119,0.275984,0.381185,8.53476,30.9256,104139,377337,1,0
120,0.348156,0.534109,2.78453,7.99793,27943,80260,1,0
121,0.266379,0.363102,18.61,69.8626,186598,700497,1,0
122,0.410273,0.695699,13.9296,33.9519,155991,380213,1,0
123,0.379225,0.61089,14.3756,37.9065,176307,464914,1,0
124,0.388847,0.636251,28.7118,73.8386,288809,742732,1,0
125,0.154047,0.182098,6.2955,40.8675,63096,409590,1,0
126,0.508131,1.03306,15.2153,29.944,169646,333863,2,0
127,0.354851,0.550031,35.7536,100.755,419472,1182106,1,0
128,0.430047,0.75453,9.86127,22.9306,116126,270031,1,0
129,0.283852,0.39636,16.9894,59.8509,209234,737123,1,0
130,0.18125,0.221374,4.15815,22.9421,49843,274996,1,0
131,0.393734,0.649442,10.2003,25.907,117510,298450,1,0
133,0.357536,0.556506,5.35478,14.977,55088,154077,1,0
134,0.356149,0.553155,30.5712,85.8361,348320,978017,1,0
135,0.383764,0.622756,6.50623,16.9537,65210,169922,1,0
136,0.397589,0.659997,10.7198,26.9609,143752,361559,1,0
137,0.330283,0.493168,4.29037,12.9899,44538,134848,1,0
138,0.393523,0.648867,9.43846,23.9847,114621,291269,1,0
139,0.530996,1.13218,12.1869,22.9507,161341,303846,1,0
140,0.313479,0.45662,2.18876,6.98215,28315,90325,1,0
141,0.469637,0.885501,22.9678,48.906,367637,782811,1,0
142,0.37588,0.602257,8.24452,21.9347,106638,283702,1,0
143,0.398184,0.661636,8.34237,20.9508,112635,282872,1,0
144,0.307317,0.443661,1.83933,5.98515,18435,59987,1,0
145,0.50002,1.00008,13.9668,27.9325,152468,304924,1,0
146,0.0356392,0.0369563,0.355285,9.96909,3712,104155,1,0
147,0.344912,0.526512,1.7186,4.98271,17556,50900,1,0
148,0.243573,0.322004,8.75351,35.9373,89595,367837,1,0
149,0.498026,0.992136,11.4456,22.9818,131587,264217,1,0
150,0.175449,0.212781,4.55082,25.9385,46767,266556,1,0
151,0.350137,0.538785,5.59817,15.9883,73257,209224,2,0
152,0.333629,0.500665,90.8867,272.4,1015064,3042496,1,0
153,0.442465,0.793609,173.074,391.146,1918158,4335165,1,0
154,0.370465,0.588473,8.50765,22.9649,116693,314991,1,0
155,0.319428,0.469353,7.01186,21.951,77002,241062,1,0
156,0.335452,0.504782,16.7265,49.8633,175315,522623,1,0
157,0.273737,0.376912,14.2033,51.8877,152431,556852,1,0
158,0.0764449,0.0827724,0.762936,9.98033,9297,121617,1,0
159,0.366497,0.578525,49.7492,135.746,531397,1449934,1,0
160,0.244362,0.323385,1.46426,5.99186,19147,78355,1,0
161,0.0955085,0.105594,1.90781,19.9745,21122,221153,1,0
162,0.465484,0.870852,13.9402,29.9466,190478,409204,1,0
163,0.413574,0.705244,23.5162,56.8597,305295,738188,2,0
164,0.0455621,0.0477371,6.45634,141.706,78525,1723473,1,0
165,0.0382281,0.0397476,0.495169,12.953,4976,130166,1,0
166,0.0353277,0.0366214,1.41023,39.919,16142,456922,1,0
167,0.188086,0.231658,14.4491,76.8193,146911,781083,2,0
168,0.226332,0.292544,4.06405,17.9563,62117,274451,2,0
169,0.150782,0.177554,4.21434,27.9494,47007,311755,1,0
170,0.417071,0.715474,1.24781,2.99182,14019,33613,1,0
171,0.0829491,0.090452,0.578689,6.97638,6206,74817,1,0
172,0.288709,0.405895,29.6649,102.749,298713,1034650,1,0
173,0.340974,0.517392,76.5453,224.493,810285,2376381,1,0
174,0.288195,0.404879,5.17899,17.9705,55196,191523,1,0
175,0.232386,0.302738,3.94223,16.9641,42433,182597,1,0
176,0.271674,0.373012,36.3433,133.777,365852,1346657,1,0
177,0.138321,0.160525,1.38019,9.97816,14222,102819,1,0
178,0.319575,0.46967,139.661,437.02,1400116,4381177,1,0
179,0.298705,0.425934,24.1368,80.8005,286951,960649,1,0
180,0.408257,0.689922,9.3654,22.939,122713,300578,1,0
181,0.372611,0.593908,10.0346,26.9299,127053,340980,1,0
182,0.28939,0.407241,25.1258,86.8256,276161,954288,1,0
183,0.226084,0.29213,8.34922,36.9298,83986,371481,1,0
184,0.275802,0.380837,9.0845,32.9368,124880,452789,1,0
185,0.202847,0.254464,5.6653,27.9291,59766,294636,1,0
186,0.300138,0.428853,13.7613,45.8497,139474,464700,1,0
187,0.238084,0.312481,10.9216,45.8719,157245,660459,1,0
189,0.231384,0.301039,9.00722,38.928,91512,395499,2,0
190,0.246147,0.326518,18.6613,75.8144,202077,820962,1,0
191,0.131827,0.151845,4.47596,33.9518,47098,357270,1,0
192,0.25811,0.347909,5.66473,21.9472,59569,230789,1,0
193,0.375169,0.600434,66.2531,176.595,712895,1900195,2,0
194,0.319404,0.469301,5.43073,17.0024,64031,200470,1,0
195,0.316454,0.462958,15.4808,48.9163,237430,750284,2,0
196,0.212899,0.270486,4.25166,19.9703,44054,206924,1,0
197,0.22769,0.294817,7.50457,32.9581,77426,340050,1,0
198,0.249698,0.332796,4.98544,19.9661,51829,207567,1,0
199,0.357604,0.556673,9.98314,27.9168,102459,286515,1,0
200,0.257576,0.346939,5.38921,20.9229,54843,212920,1,0
201,0.313966,0.457653,5.32948,16.9748,53626,170802,1,0
202,0.411683,0.699763,25.0461,60.8385,251058,609834,1,0
203,0.289477,0.407414,14.4392,49.8802,146665,506655,1,0
204,0.154905,0.1833,3.86363,24.9418,38742,250101,1,0
205,0.380891,0.615225,3.03617,7.97122,33013,86673,1,0
206,0.267493,0.365175,8.27588,30.9388,87233,326113,1,0
207,0.430471,0.755838,3.00435,6.97923,30393,70604,1,0
208,0.293436,0.4153,4.9772,16.9611,52513,178959,1,0
209,0.30332,0.435379,4.22658,13.9344,44750,147534,1,0
210,0.174242,0.211009,8.86731,50.8874,94718,543599,1,0
211,0.37174,0.591699,26.6967,71.8153,271666,730795,2,0
212,0.424759,0.738402,123.329,290.35,1289290,3035345,1,0
213,0.448648,0.813723,138.328,308.318,1461037,3256534,2,0
214,0.45468,0.833785,94.363,207.532,1126521,2477614,1,0
215,0.402281,0.673027,21.2761,52.8883,216716,538718,1,0
216,0.279499,0.387922,11.4452,40.9491,115519,413308,2,0
217,0.415035,0.709505,158.604,382.142,1758498,4236984,1,0
218,0.408927,0.691839,10.6114,25.9497,125842,307737,1,0
219,0.0164104,0.0166842,0.39281,23.9366,4077,248440,1,0
220,0.392122,0.645068,31.6929,80.8239,327986,836438,1,0
221,0.406103,0.683793,11.7546,28.9451,121043,298060,1,0
222,0.560033,1.2729,99.4721,177.618,1048693,1872557,4,0
223,0.162429,0.193928,2.91934,17.9733,33263,204785,1,0
224,0.332906,0.49904,3.32108,9.97596,34051,102284,1,0
225,0.332792,0.498784,4.98068,14.9663,50842,152774,1,0
226,0.218646,0.27983,1.96746,8.99826,21963,100450,1,0
227,0.238089,0.31249,5.70354,23.9554,57815,242829,1,0
228,0.315147,0.460167,4.71356,14.9567,47550,150882,1,0
229,0.459957,0.851704,7.348,15.9753,75593,164348,1,0
230,0.351828,0.5428,4.21659,11.9848,48313,137320,1,0
231,0.263712,0.358164,112.102,425.063,1440807,5463563,1,0
232,0.421803,0.729513,13.0468,30.9311,131861,312613,1,0
233,0.281932,0.392626,14.6374,51.9195,237710,843146,1,0
234,0.409828,0.694422,12.6733,30.9232,129241,315354,1,0
235,0.30232,0.433323,44.95,148.67,777843,2572910,2,0
236,0.407587,0.68801,11.7896,28.9262,175744,431182,1,0
237,0.388807,0.636144,15.1424,38.946,153055,393653,1,0
238,0.45169,0.823786,5.85592,12.9647,71517,158332,1,0
239,0.455277,0.835795,14.5262,31.9064,148245,325615,1,0
240,0.419718,0.7233,6.70234,15.9688,68273,162664,1,0
241,0.310634,0.450609,3.40709,10.9681,35225,113397,1,0
242,0.490688,0.963432,12.7463,25.9762,202761,413218,1,0
243,0.421591,0.72888,3.78138,8.9693,38221,90659,1,0
244,0.366131,0.577613,247.323,675.515,4023622,10989568,2,0
245,0.166621,0.199935,3.66012,21.9676,74046,444397,1,0
246,0.346896,0.53115,25.9602,74.839,415030,1196410,1,0
247,0.286025,0.40061,21.4072,74.8484,311844,1090267,1,0
248,0.265848,0.362115,6.63187,24.9467,92871,349339,1,0
249,0.275259,0.379803,24.4544,88.8446,440110,1598896,1,0
250,0.362905,0.569625,5.4234,14.9447,67619,186327,1,0
251,0.272865,0.37526,3.8025,13.936,71361,261525,1,0
252,0.415406,0.710589,10.3667,24.955,153117,368596,1,0
253,0.356318,0.553562,12.0826,33.9096,121416,340752,1,0
255,0.368107,0.582546,32.3433,87.8641,324326,881065,1,0
256,0.301997,0.432658,5.7216,18.9452,90480,299606,2,0
257,0.361174,0.565372,5.0347,13.9405,84509,233984,1,0
258,0.459178,0.849037,213.036,463.954,2541227,5534297,1,0
259,0.397943,0.660974,15.0873,37.9128,156697,393767,1,0
260,0.39285,0.647038,8.62056,21.9433,125627,319784,1,0
261,0.376788,0.604591,9.01963,23.9385,125923,334201,1,0
262,0.216428,0.276206,2.80944,12.981,28265,130598,1,0
263,0.456132,0.838683,7.27011,15.9386,107312,235265,1,0
264,0.322804,0.476677,2.57331,7.97175,25844,80061,1,0
265,0.461487,0.856964,6.90577,14.9642,104194,225779,1,0
266,0.3654,0.575796,8.74595,23.9352,94985,259948,1,0
267,0.322261,0.475494,5.15256,15.9887,72043,223555,1,0
268,0.22183,0.285067,3.75921,16.9463,38185,172136,1,0
269,0.199503,0.249224,6.57193,32.9414,155942,781653,1,0
270,0.465607,0.871283,3.72572,8.00187,37480,80497,1,0
271,0.372004,0.592368,21.8871,58.8366,311625,837692,1,0
272,0.366866,0.579445,11.3487,30.9335,154129,420123,1,0
273,0.40761,0.688077,13.0191,31.942,173749,426263,1,0
274,0.366168,0.577705,4.02986,11.0055,48793,133253,1,0
275,0.379027,0.610375,31.7727,83.8313,553727,1460918,2,0
276,0.435013,0.769953,27.7846,63.8714,399069,917372,1,0
277,0.362348,0.568254,4.34038,11.9784,58891,162526,1,0
278,0.188867,0.232843,11.6843,61.8696,326201,1727147,1,0
279,0.401821,0.67174,6.42009,15.9768,86594,215504,2,0
280,0.396915,0.65814,27.7118,69.8167,452196,1139278,1,0
281,0.413918,0.706246,8.6673,20.9391,130943,316350,1,0
282,0.368732,0.584113,8.09252,21.9464,154651,419413,1,0
283,0.449624,0.816941,7.17372,15.955,128178,285078,1,0
284,0.309621,0.448479,12.0486,38.9132,153743,496553,1,0
285,0.424305,0.737029,20.7453,48.8928,280408,660865,1,0
286,0.460392,0.853198,5.06346,10.9982,51906,112743,1,0
287,0.282404,0.393542,7.04548,24.9488,92360,327049,1,0
288,0.408091,0.68945,6.10563,14.9612,91046,223102,1,0
289,0.434069,0.767,22.1001,50.9142,243211,560305,1,0
290,0.333788,0.501024,3.99232,11.9606,40867,122434,1,0
291,0.292916,0.414259,128.311,438.041,1503067,5131395,2,0
292,0.299786,0.428136,5.09341,16.9901,51211,170825,1,0
293,0.393964,0.650068,5.49848,13.9569,58445,148351,1,0
294,0.394449,0.651389,23.6189,59.8774,287893,729861,1,0
295,0.416334,0.713309,58.5571,140.648,587902,1412092,1,0
296,0.286373,0.401292,11.4399,39.9476,114695,400509,1,0
297,0.357167,0.555613,9.62667,26.9529,96790,270994,1,0
298,0.384589,0.624929,7.29044,18.9565,73068,189990,1,0
299,0.492102,0.968898,279.87,568.744,3117083,6334226,1,0
300,0.308426,0.445977,13.2351,42.9114,155457,504033,1,0
301,0.348492,0.534901,16.6957,47.9082,196903,565014,1,0
302,0.252064,0.337013,8.05102,31.9418,96816,384093,1,0
303,0.211281,0.267879,3.37409,15.9697,41468,196269,1,0
304,0.188613,0.232457,2.63332,13.9618,31289,165890,1,0
305,0.406257,0.684231,8.92856,21.9771,92233,227031,2,0
306,0.403083,0.675275,10.8627,26.9492,127450,316188,1,0
307,0.317877,0.466011,5.70826,17.9573,58105,182791,1,0
308,0.276215,0.381626,4.971,17.9969,49830,180403,1,0
309,0.501637,1.00657,10.9947,21.918,148888,296804,1,0
310,0.240285,0.316283,1.68009,6.9921,20825,86668,1,0
311,0.238286,0.312829,3.09013,12.9681,32079,134624,1,0
312,0.488875,0.956469,94.6226,193.554,1241131,2538748,1,0
314,0.359925,0.562316,5.03135,13.9791,67456,187417,1,0
315,0.541447,1.18077,50.2484,92.8046,739975,1366663,2,0
316,0.0284586,0.0292923,0.0283903,0.997591,310,10893,1,0
317,0.0432756,0.0452331,0.432479,9.99356,4503,104054,1,0
319,0.118537,0.134478,0.826113,6.96929,8458,71353,1,0
320,0.110358,0.124047,1.54075,13.9614,15804,143207,1,0
321,0.454011,0.831537,8.5869,18.9135,98696,217387,1,0
322,0.505829,1.02359,9.08506,17.9605,118022,233324,1,0
323,0.175468,0.212809,2.79792,15.9453,31174,177662,1,0
324,0.511454,1.04689,11.7403,22.9547,159371,311604,1,0
325,0.215759,0.275118,23.0317,106.746,253597,1175373,1,0
326,0.292191,0.412811,6.41403,21.952,67242,230130,1,0
327,0.404761,0.679997,9.6931,23.9477,104253,257567,1,0
328,0.0414226,0.0432125,0.744394,17.9711,9036,218142,1,0
329,0.412688,0.702673,2.47289,5.99214,32337,78357,1,0
330,0.132369,0.152564,3.69345,27.9033,41186,311145,2,0
331,0.519667,1.08189,6.21658,11.9628,82426,158613,1,0
332,0.254326,0.341069,5.32367,20.9336,69357,272709,1,0
333,0.195082,0.242363,2.14315,10.9857,23207,118960,1,0
334,0.0291156,0.0299887,2.23676,76.8246,25548,877469,1,0
335,0.161009,0.191907,2.89063,17.9535,29258,181717,2,0
336,0.150486,0.177144,2.10328,13.9764,23521,156300,1,0
337,0.49166,0.967186,115.298,234.498,1724415,3507334,2,0
338,0.36349,0.571067,10.8832,29.9409,118666,326463,2,0
339,0.168313,0.202376,3.69645,21.9617,37211,221082,1,0
340,0.302281,0.433241,10.26,33.9422,108484,358885,1,0
341,0.248283,0.330288,3.71888,14.9785,40340,162476,1,0
342,0.41774,0.717445,31.6946,75.8714,333962,799450,2,0
343,0.278367,0.385746,19.4416,69.8412,195969,703995,1,0
344,0.118107,0.133924,0.825227,6.98721,8496,71935,1,0
345,0.239767,0.315386,15.7821,65.8225,158224,659907,1,0
346,0.398036,0.661229,21.0364,52.8521,249464,626737,1,0
347,0.252073,0.337028,3.27158,12.979,42843,169963,1,0
348,0.317013,0.464157,721.726,2276.78,9114839,28752245,1,0
349,0.299698,0.427955,40.0578,133.662,439726,1467231,1,0
350,0.285912,0.400388,8.55155,29.9097,86029,300893,1,0
351,0.50675,1.02737,178.497,352.246,2448891,4832541,1,0
352,0.16196,0.19326,6.95073,42.9173,73072,451174,1,0
353,0.376476,0.603789,46.5747,123.717,643832,1710152,1,0
354,0.0254812,0.0261475,0.431771,16.9447,4350,170714,1,0
355,0.292879,0.414184,22.4974,76.8145,237224,809974,1,0
356,0.427026,0.745279,7.2383,16.9502,77948,182537,2,0
357,0.447384,0.809576,29.4594,65.8473,347657,777088,1,0
358,0.428503,0.749792,277.568,647.635,4259473,9940347,1,0
359,0.271042,0.371821,9.74394,35.9499,101087,372957,1,0
360,0.286056,0.40067,3.70744,12.9606,38292,133862,1,0
361,0.398721,0.663121,6.36201,15.9562,65889,165251,1,0
362,0.377394,0.606152,81.3391,215.532,833821,2209418,1,0
363,0.346478,0.530169,169.74,489.9,1727213,4985065,4,0
364,0.420026,0.724217,10.4726,24.9331,105346,250808,1,0
365,0.37186,0.592002,17.0729,45.9121,171140,460227,1,0
366,0.328046,0.488197,16.0493,48.9242,162799,496269,1,0
367,0.278925,0.386819,89.3124,320.224,973080,3488674,1,0
368,0.304599,0.43802,4.25293,13.9624,42629,139951,1,0
369,0.255901,0.343908,6.13225,23.9632,64610,252480,1,0
370,0.350248,0.539048,5.2375,14.9537,52969,151233,1,0
371,0.153038,0.18069,2.29378,14.9884,24232,158340,1,0
372,0.333531,0.500446,3.32433,9.96702,35356,106005,1,0
373,0.250766,0.334697,14.0117,55.8744,153270,611207,1,0
374,0.344751,0.526137,6.87777,19.9499,70224,203695,1,0
375,0.191404,0.236712,2.48019,12.9579,24900,130091,1,0
376,0.473859,0.900631,17.5015,36.934,184678,389732,2,0
377,0.385236,0.62664,21.9166,56.8925,240829,625147,1,0
378,0.405194,0.68122,20.2101,49.8772,206026,508463,1,0
379,0.462612,0.860853,11.5378,24.9404,125211,270661,1,0
380,0.356473,0.553935,6.39656,17.9444,75364,211416,2,0
381,0.495335,0.981513,25.682,51.8471,266208,537430,1,0
382,0.266402,0.363145,15.6825,58.8698,178777,671079,1,0
383,0.444717,0.800883,4.86553,10.9407,49907,112222,1,0
384,0.347577,0.532747,3.46888,9.98017,35726,102786,1,0
385,0.385232,0.62663,4.99303,12.9611,50997,132380,1,0
386,0.446383,0.806303,4.45735,9.98539,46510,104193,1,0
387,0.237151,0.310875,2.60242,10.9736,26416,111389,1,0
389,0.176142,0.213802,2.10721,11.9631,21247,120624,1,0
390,0.31292,0.455434,4.68394,14.9687,54040,172696,1,0
391,0.505507,1.02227,205.259,406.044,2108092,4170252,2,0
392,0.28249,0.393709,14.3716,50.8716,184409,652798,1,0
393,0.406726,0.685561,5.27405,12.9671,53205,130813,1,0
394,0.341197,0.517905,102.455,300.316,1719473,5039525,1,0
395,0.450114,0.818559,76.3463,169.615,779990,1732872,1,0
396,0.261925,0.354877,6.79324,25.9329,117681,449292,1,0
397,0.572407,1.33867,18.28,31.9354,186069,325064,1,0
398,0.431555,0.759185,10.777,24.9716,163032,377778,1,0
399,0.356057,0.552934,3.19976,8.98676,39177,110030,1,0
400,0.328081,0.488274,2.6301,8.01667,26796,81675,1,0
401,0.46361,0.864316,12.4834,26.9265,126930,273786,1,0
402,0.247281,0.328517,1.97512,7.9874,20326,82198,1,0
403,0.490252,0.961754,13.2049,26.9359,211254,430909,1,0
404,0.415209,0.710013,4.56143,10.9858,46050,110908,1,0
405,0.249139,0.331804,7.45684,29.934,120070,481940,1,0
406,0.197232,0.24569,16.1381,81.8191,313404,1589009,1,0
407,0.3528,0.545117,25.692,72.8226,412123,1168149,1,0
408,0.234364,0.306104,4.67705,19.9566,68725,293240,1,0
409,0.45665,0.840435,8.66426,18.9741,123770,271039,1,0
410,0.329791,0.492073,21.057,63.8486,371627,1126855,1,0
411,0.474806,0.904058,7.11174,14.9782,87191,183635,1,0
412,0.247756,0.329356,9.3864,37.8872,168433,679834,2,0
413,0.254967,0.342223,2.54669,9.98833,25653,100613,1,0
414,0.442566,0.793935,86.563,195.593,867591,1960364,1,0
415,0.370922,0.589629,11.8436,31.9315,176723,476442,1,0
416,0.370856,0.589461,7.7644,20.9354,121433,327440,1,0
417,0.356544,0.554108,8.54415,23.9645,141440,396697,1,0
418,0.149754,0.176131,1.49626,9.99143,15059,100558,1,0
419,0.341029,0.517518,51.3965,150.713,738983,2166921,2,0
420,0.295856,0.420163,15.3524,51.8904,182584,617139,1,0
421,0.21239,0.269664,1.90822,8.9845,19206,90428,1,0
422,0.387915,0.633759,14.3119,36.8935,213066,549260,1,0
423,0.429233,0.752028,8.13153,18.9441,122537,285479,1,0
424,0.505235,1.02116,111.915,221.51,1147268,2270763,1,0
425,0.181374,0.221558,12.489,68.8545,262202,1445646,1,0
426,0.379316,0.611125,23.0915,60.8754,320928,846071,1,0
427,0.496388,0.985656,89.14,179.577,895852,1804741,1,0
428,0.448696,0.813882,1.789,3.98712,17964,40036,1,0
429,0.482938,0.934006,46.2571,95.7807,501971,1039410,1,0
430,0.448623,0.813641,9.85623,21.9709,140628,313466,1,0
431,0.422257,0.730873,292.851,693.503,3538447,8379844,2,0
432,0.339472,0.513941,7.10639,20.9351,93619,275778,1,0
433,0.457059,0.84182,10.4774,22.9239,186506,408057,1,0
434,0.331151,0.495106,4.63019,13.9824,63329,191239,1,0
435,0.462063,0.858955,16.1298,34.9089,237289,513542,1,0
436,0.413304,0.70446,39.1957,94.8362,528620,1279010,2,0
437,0.308918,0.447006,4.9244,15.9406,75767,245266,1,0
438,0.498397,0.99361,20.8803,41.8942,348778,699799,2,0
439,0.355353,0.551236,7.80166,21.9544,101525,285702,1,0
440,0.309866,0.448994,11.453,36.9609,215513,695504,1,0
441,0.427779,0.747576,7.67234,17.9354,106614,249227,2,0
442,0.425857,0.741725,42.9111,100.765,630818,1481292,1,0
443,0.389058,0.636817,3.10709,7.98614,41730,107259,1,0
444,0.299764,0.428089,2.68323,8.95116,27533,91849,1,0
445,0.224396,0.289318,2.46055,10.9651,27261,121486,1,0
446,0.39684,0.657935,16.6289,41.9031,175085,441198,1,0
447,0.302277,0.433233,32.2544,106.705,377264,1248074,1,0
448,0.267732,0.365621,6.67507,24.9318,70952,265011,1,0
449,0.265395,0.361276,1.58744,5.98142,15933,60035,1,0
450,0.416369,0.713411,23.2716,55.8939,285233,685049,1,0
451,0.371351,0.590713,5.19639,13.9932,52450,141241,1,0
452,0.269628,0.369164,6.72172,24.9297,67412,250019,1,0
453,0.193694,0.240223,3.8635,19.9464,38724,199924,1,0
454,0.448598,0.813558,8.94407,19.9379,89886,200371,1,0
455,0.590253,1.44053,8.83332,14.9653,97315,164870,1,0
456,0.480294,0.924166,37.8697,78.8456,445243,927021,1,0
457,0.366014,0.577322,121.625,332.269,1438504,3930187,2,0
458,0.343961,0.524299,68.3074,198.561,824658,2397534,2,0
459,0.240228,0.316185,5.0382,20.9714,61781,257176,1,0
460,0.171174,0.206526,2.04991,11.9756,24311,142025,1,0
461,0.53745,1.16193,72.9608,135.754,753514,1402016,2,0
462,0.309457,0.448135,5.25018,16.9658,53169,171814,1,0
463,0.305111,0.439078,6.99988,22.9421,70159,229946,1,0
464,0.296043,0.420541,13.5841,45.8874,149137,503768,1,0
465,0.405506,0.682101,3.22947,7.96402,40171,99064,1,0
467,0.441648,0.790985,66.5341,150.648,893432,2022950,1,0
468,0.27389,0.377201,2.18608,7.98198,28149,102775,1,0
469,0.59238,1.45326,38.9993,65.8345,515393,870038,1,0
470,0.00325897,0.00326963,0.013002,3.98961,142,43572,1,0
471,0.467245,0.877035,24.7127,52.8913,342391,732787,1,0
472,0.125346,0.143309,7.38059,58.8807,76509,610382,1,0
473,0.298246,0.425,3.27094,10.9673,32810,110010,1,0
474,0.363117,0.570148,25.0071,68.867,255827,704530,1,0
475,0.387373,0.632313,189.383,488.929,2175663,5616462,2,0
476,0.500533,1.00213,8.48631,16.9542,109411,218589,1,0
477,0.352394,0.544149,4.56801,12.9628,50799,144154,1,0
478,0.464154,0.866208,8.33064,17.9483,114032,245677,1,0
479,0.288886,0.406244,32.2785,111.732,355103,1229216,1,0
480,0.454846,0.834343,6.35044,13.9618,69812,153485,1,0
481,0.284661,0.397939,17.041,59.8644,182823,642248,1,0
482,0.0472869,0.049634,0.141421,2.9907,1729,36564,1,0
483,0.362455,0.568518,5.4262,14.9712,70951,195751,1,0
484,0.19169,0.237149,4.39525,22.9291,49438,257906,1,0
485,0.546808,1.20657,21.286,38.9275,282421,516490,1,0
486,0.229227,0.297399,2.9726,12.9677,38299,167079,1,0
487,0.226496,0.292818,2.48704,10.9807,26963,119044,1,0
488,0.0219213,0.0224126,0.524614,23.9328,5980,272794,1,0
489,0.152588,0.180063,6.54909,42.9199,66181,433724,1,0
490,0.114688,0.129545,0.915833,7.98529,10200,88937,1,0
491,0.139835,0.162567,3.90437,27.9226,41681,298073,1,0
492,0.173526,0.20996,2.59754,14.9692,26102,150421,1,0
493,0.376215,0.603116,10.8821,28.9253,115993,308316,1,0
494,0.262035,0.355077,2.09146,7.98152,22503,85878,1,0
495,0.312006,0.453501,51.0472,163.611,513864,1646969,1,0
496,0.384222,0.623962,8.43176,21.9451,86966,226343,1,0
497,0.230526,0.299589,8.04853,34.9137,83557,362462,1,0
498,0.432139,0.760995,338.021,782.239,3992303,9238462,4,0
499,0.0365047,0.0378878,0.545861,14.9535,7134,195427,1,0
500,0.280844,0.390519,5.04483,17.963,63960,227742,1,0
501,0.278852,0.386678,40.6268,145.696,448626,1608833,1,0
502,0.225299,0.29082,8.32608,36.9531,100006,443882,2,0
503,0.139485,0.162095,6.67942,47.8865,69857,500820,1,0
504,0.0746016,0.0806157,0.818835,10.9762,8254,110641,1,0
505,0.216978,0.277103,13.8583,63.8687,184897,852146,1,0
506,0.428023,0.748322,10.6766,24.9435,114533,267586,1,0
507,0.501683,1.00676,147.176,293.376,1748918,3486100,1,0
508,0.334578,0.502805,15.3679,45.9302,234965,702273,1,0
509,0.316781,0.46366,3.78623,11.9521,39202,123751,1,0
510,0.297072,0.422622,10.9581,36.8874,113181,380988,2,0
511,0.329967,0.492464,69.4745,210.55,722618,2189969,2,0
512,0.464611,0.867799,8.80289,18.9468,90580,194959,1,0
513,0.406485,0.684877,18.253,44.905,185681,456797,1,0
514,0.387176,0.631789,28.2151,72.8738,283947,733380,1,0
515,0.505746,1.02325,5.54474,10.9635,55674,110083,1,0
516,0.261954,0.354928,17.2474,65.8414,174985,668000,1,0
517,0.0489561,0.0514762,0.488872,9.98588,5323,108730,1,0
518,0.355518,0.551633,13.1193,36.902,131516,369928,1,0
519,0.447294,0.809279,6.24938,13.9716,65834,147183,1,0
520,0.452052,0.824991,6.30994,13.9585,64228,142081,1,0
521,0.0578328,0.0613827,1.15583,19.9854,12210,211126,1,0
522,0.434734,0.769079,4.76421,10.9589,50337,115788,1,0
523,0.438672,0.781489,10.0765,22.9703,109274,249102,1,0
524,0.428683,0.750341,30.3798,70.8686,320085,746671,2,0
525,0.540487,1.17622,47.4594,87.8085,481279,890455,1,0
526,0.422607,0.731922,49.3357,116.74,544694,1288891,1,0
527,0.304702,0.438232,6.98959,22.9388,77582,254616,1,0
528,0.369431,0.585869,7.7442,20.9619,90460,244863,1,0
529,0.310394,0.450104,4.32714,13.941,44924,144732,1,0
530,0.32772,0.487476,8.83016,26.9443,100092,305419,1,0
531,0.269143,0.368257,1.87975,6.98421,19135,71096,1,0
532,0.307725,0.444512,2.45441,7.97602,24890,80884,1,0
533,0.501495,1.006,5.00079,9.97172,54343,108362,1,0
535,0.25404,0.340555,1.77521,6.9879,17983,70788,1,0
536,0.230314,0.299232,2.29646,9.97117,26997,117218,1,0
537,0.370796,0.58931,14.7954,39.902,152026,409999,1,0
538,0.240301,0.316311,5.51534,22.9515,70748,294414,1,0
539,0.416043,0.712454,8.71386,20.9446,87941,211375,1,0
540,0.324705,0.480834,9.06636,27.9216,152375,469272,1,0
541,0.483897,0.937598,7.24882,14.98,74134,153202,1,0
542,0.299349,0.427243,24.4865,81.7969,384936,1285912,1,0
543,0.443052,0.795498,33.5978,75.833,339510,766299,1,0
544,0.340368,0.515996,11.5436,33.9166,170533,501026,1,0
545,0.295863,0.420178,17.7203,59.8913,216542,731900,1,0
546,0.415296,0.710267,11.5979,27.9267,117089,281941,1,0
547,0.340204,0.51562,6.10893,17.9567,61679,181300,1,0
548,0.456877,0.841204,101.193,221.491,1043126,2283166,1,0
549,0.470729,0.889392,17.8481,37.9166,283259,601745,1,0
550,0.418601,0.719989,12.0902,28.8824,121941,291306,1,0
551,0.345175,0.527126,23.4208,67.8519,382728,1108794,1,0
552,0.468043,0.879851,8.39116,17.9282,136098,290781,1,0
553,0.213055,0.270737,5.53332,25.9725,80503,377851,1,0
554,0.191554,0.236941,10.8964,56.8766,244057,1274088,1,0
555,0.425992,0.742136,5.94365,13.9526,84107,197438,1,0
556,0.443675,0.797509,11.5124,25.948,139872,315258,1,0
557,0.245265,0.324968,11.0108,44.8956,195326,796389,1,0
558,0.345011,0.526742,28.9114,83.7916,512809,1486357,1,0
559,0.329077,0.490483,5.58565,16.9737,56124,170550,1,0
560,0.324151,0.479621,85.0546,262.396,1328203,4097482,2,0
561,0.425991,0.742134,8.92186,20.9434,134062,314706,2,0
562,0.273572,0.376598,8.45828,30.9175,137513,502658,1,0
563,0.34183,0.519365,6.13647,17.9518,61526,179990,1,0
564,0.417925,0.717992,40.8457,97.7349,411321,984198,1,0
565,0.306915,0.442825,2.14264,6.98123,21570,70280,1,0
566,0.404056,0.678009,20.5772,50.9256,244435,604954,1,0
567,0.276184,0.381567,20.1321,72.8961,278281,1007592,1,0
568,0.461694,0.85768,8.2961,17.9687,127284,275689,1,0
569,0.443612,0.797306,11.5184,25.9657,169882,382952,1,0
570,0.174582,0.211507,1.91599,10.9748,19494,111661,1,0
571,0.303037,0.434797,4.8441,15.9855,68107,224748,1,0
572,0.19251,0.238405,73.166,380.156,1476456,7669516,1,0
573,0.368163,0.582686,70.1633,190.594,990892,2691452,1,0
574,0.462921,0.861925,3.69535,7.9826,48872,105573,1,0
575,0.425057,0.739302,16.1127,37.9068,194367,457273,1,0
576,0.413761,0.705788,8.26861,19.983,111902,270451,1,0
577,0.480279,0.924108,9.10555,18.9584,135830,282815,1,0
578,0.324463,0.480305,28.8143,88.8058,499701,1540084,1,0
579,0.266908,0.364085,3.99109,14.9535,53767,201444,1,0
580,0.0938826,0.10361,0.655414,6.98121,6573,70013,1,0
581,0.32289,0.476865,3.86082,11.9562,61136,189340,1,0
582,0.528693,1.12176,64.3537,121.723,646877,1223541,1,0
583,0.523425,1.09831,9.90864,18.9304,104372,199402,1,0
584,0.389226,0.637267,14.361,36.8948,234462,602380,1,0
585,0.426995,0.745186,49.8287,116.701,658186,1541437,1,0
586,0.353304,0.546322,193.854,548.746,3877186,10974071,2,0
587,0.46123,0.856081,9.20652,19.9606,124993,270999,1,0
588,0.211512,0.26825,3.16659,14.9715,41178,194684,1,0
589,0.186406,0.229115,2.60388,13.9688,26836,143965,1,0
590,0.376016,0.602605,8.62894,22.9477,126397,336148,1,0
591,0.509475,1.03863,62.0107,121.72,683688,1341946,1,0
592,0.547904,1.21192,22.3922,40.8688,229593,419039,1,0
593,0.544158,1.19374,5.97585,10.982,70099,128821,1,0
594,0.264688,0.359968,10.0402,37.9313,106374,401884,1,0
595,0.304735,0.438301,3.64404,11.9581,36610,120137,1,0
596,0.366456,0.578422,11.325,30.9036,138443,377789,1,0
597,0.358396,0.558594,102.289,285.407,1025775,2862126,2,0
598,0.347191,0.531842,8.30303,23.9149,83429,240297,1,0
599,0.404037,0.677957,18.1529,44.9289,181946,450320,1,0
600,0.580489,1.38373,12.1751,20.9738,122774,211501,1,0
601,0.300497,0.429586,36.5869,121.751,436301,1451932,1,0
602,0.311377,0.452174,5.90413,18.9613,70016,224859,1,0
603,0.39371,0.649375,9.42993,23.951,104026,264220,1,0
604,0.205151,0.2581,7.77422,37.8955,93312,454846,1,0
605,0.271394,0.372484,4.88167,17.9875,59651,219795,1,0
606,0.314003,0.457732,25.0606,79.808,297987,948994,1,0
607,0.44271,0.794398,20.3129,45.8828,207712,469183,2,0
608,0.288093,0.404677,3.45252,11.9841,34990,121454,1,0
609,0.14658,0.171755,6.14384,41.9147,61576,420086,1,0
610,0.327757,0.487558,13.4002,40.8843,155018,472966,2,0
611,0.20187,0.252929,13.0761,64.7755,164420,814483,1,0
612,0.367766,0.581692,5.86776,15.9551,61112,166171,1,0
613,0.465239,0.869995,6.49384,13.9579,82820,178016,1,0
614,0.460665,0.854137,9.64642,20.9399,128475,278890,1,0
615,0.445724,0.804155,10.2311,22.9534,141803,318141,1,0
617,0.229968,0.298647,1.14666,4.98619,11497,49994,1,0
618,0.23017,0.298987,3.66647,15.9298,39179,170218,1,0
619,0.317197,0.464551,9.18466,28.9554,101707,320643,1,0
620,0.494674,0.978921,7.90311,15.9763,107136,216579,1,0
621,0.542434,1.18547,40.0504,73.8346,544044,1002969,1,0
622,0.396236,0.656277,8.30039,20.9481,91361,230572,1,0
623,0.308396,0.445914,7.38836,23.9583,79292,257111,1,0
624,0.168331,0.202401,7.55781,44.8975,83145,493939,1,0
626,0.291658,0.411747,6.11849,20.9788,78430,268911,1,0
627,0.214808,0.273575,4.92592,22.9317,55392,257867,1,0
628,0.515718,1.06491,43.2337,83.8308,570052,1105356,1,0
629,0.502148,1.00863,10.5164,20.9415,153810,306304,1,0
630,0.237806,0.312002,2.37572,9.99018,25835,108639,1,0
631,0.0939429,0.103683,1.9702,20.9716,22475,239241,1,0
632,0.218205,0.279107,262.562,1203.31,2650879,12148599,2,0
633,0.133191,0.153657,1.9921,14.9568,22019,165319,1,0
634,0.0752707,0.0813975,0.524649,6.9701,5617,74624,1,0
635,0.342675,0.521317,14.6997,42.8969,155161,452794,1,0
636,0.199905,0.249852,5.37716,26.8985,54115,270703,1,0
637,0.264954,0.360459,24.5868,92.7962,247618,934569,1,0
638,0.197013,0.24535,1.17754,5.97693,12664,64280,1,0
639,0.069658,0.0748735,0.626072,8.9877,6438,92423,1,0
640,0.381508,0.616835,14.4591,37.9009,170257,446274,1,0
641,0.115523,0.130612,1.38309,11.9734,18089,156583,1,0
642,0.292891,0.414209,14.029,47.8978,177476,605946,1,0
643,0.328484,0.489167,11.4696,34.9157,126522,385170,1,0
644,0.329105,0.490547,13.4548,40.8825,161104,489521,1,0
645,0.0744451,0.0804329,26.6676,358.228,278095,3735574,2,0
646,0.0330044,0.0341309,0.494008,14.968,4974,150707,1,0
647,0.285017,0.398635,12.8023,44.915,170584,598504,1,0
648,0.560324,1.2744,17.8726,31.8973,218536,390017,1,0
649,0.30008,0.428734,3.29267,10.9728,39092,130272,1,0
650,0.455475,0.836464,18.6278,40.8988,285204,626168,1,0
651,0.334002,0.501505,28.6674,85.8289,297255,889981,1,0
652,0.171116,0.206442,2.38897,13.9611,24658,144101,1,0
653,0.306311,0.441567,5.49735,17.9469,57126,186497,2,0
654,0.324891,0.481243,6.80871,20.9568,69759,214715,2,0
655,0.295589,0.419625,4.71569,15.9534,47990,162354,2,0
656,0.311885,0.453245,6.21699,19.9336,62430,200170,1,0
657,0.437722,0.778478,3.92931,8.97673,39384,89975,1,0
658,0.383528,0.622135,106.01,276.403,1075886,2805231,1,0
659,0.138877,0.161275,1.10504,7.95686,12029,86616,1,0
660,0.266723,0.363741,10.1033,37.8795,101492,380515,1,0
661,0.290244,0.408935,29.5422,101.785,311298,1072538,2,0
662,0.440349,0.786827,19.7783,44.9151,200065,454333,1,0
663,0.220285,0.282521,1.53947,6.98846,16302,74004,1,0
664,0.328029,0.488159,2.94914,8.99047,31373,95641,1,0
665,0.276584,0.382331,6.89929,24.9443,77864,281520,1,0
666,0.404994,0.680656,118.412,292.379,1243701,3070909,2,0
667,0.220108,0.282229,2.19337,9.96499,22039,100128,1,0
668,0.369544,0.586152,7.00163,18.9467,76970,208284,1,0
669,0.337658,0.509795,4.72065,13.9805,52542,155607,1,0
670,0.420735,0.726324,11.756,27.9425,143359,340735,1,0
671,0.388637,0.635691,8.52727,21.9415,88457,227608,1,0
672,0.240534,0.316714,12.2378,50.8788,139062,578139,1,0
673,0.48352,0.936185,147.162,304.344,1496142,3094269,1,0
674,0.249758,0.332904,2.24362,8.98313,22734,91024,1,0
675,0.423359,0.73418,8.45172,19.9637,88399,208804,1,0
676,0.310568,0.45047,5.89077,18.9678,59353,191111,1,0
677,0.164354,0.196679,1.80531,10.9844,21000,127773,1,0
678,0.444196,0.799194,13.7355,30.9223,141009,317448,1,0
679,0.211738,0.268613,6.96565,32.8968,89396,422202,1,0
680,0.230221,0.299074,2.29906,9.98629,23180,100686,1,0
681,0.26434,0.359324,7.38445,27.9355,124280,470152,1,0
682,0.455751,0.837393,9.55519,20.966,98078,215201,1,0
683,0.346029,0.529119,106.693,308.332,1905163,5505794,1,0
684,0.42823,0.748956,5.1267,11.9718,51854,121089,1,0
685,0.437488,0.777741,24.8835,56.8773,373503,853744,1,0
686,0.468294,0.880738,4.67001,9.9723,57351,122468,1,0
687,0.13454,0.155455,2.54992,18.9529,25829,191980,1,0
688,0.342174,0.52016,5.45822,15.9515,55074,160953,1,0
689,0.410601,0.696645,38.5099,93.7931,614173,1495789,1,0
690,0.464751,0.868289,8.80228,18.9397,88826,191126,1,0
691,0.378288,0.608461,7.92777,20.9571,81560,215603,1,0
692,0.438949,0.782368,10.9493,24.9451,176420,401915,1,0
693,0.314601,0.459004,276.22,878.01,4446199,14132819,1,0
694,0.279301,0.387542,5.01248,17.9469,73385,262745,1,0
695,0.238094,0.312498,4.50596,18.925,89631,376452,1,0
696,0.404112,0.678168,22.5901,55.8965,324005,801770,1,0
697,0.387798,0.633449,5.42177,13.9809,67798,174828,1,0
698,0.325105,0.481713,97.9657,301.282,1741867,5357854,1,0
699,0.312273,0.454064,8.41143,26.9357,149631,479168,1,0
700,0.350153,0.538823,12.228,34.9219,122955,351147,1,0
701,0.390467,0.6406,26.0947,66.8266,392981,1006439,1,0
702,0.410337,0.695883,10.6505,25.9551,162632,396338,1,0
703,0.319058,0.468554,7.96447,24.9613,136435,427618,1,0
704,0.300806,0.430219,16.8077,55.876,169433,563263,1,0
705,0.305792,0.44049,2.13754,6.99016,21525,70391,1,0
706,0.340682,0.51672,4.75619,13.9608,47686,139972,1,0
707,0.403367,0.676073,12.892,31.9612,145061,359625,1,0
708,0.363141,0.570207,13.4006,36.902,193595,533112,1,0
709,0.316451,0.462954,5.37053,16.9708,81609,257888,1,0
710,0.456923,0.84136,8.2075,17.9623,117474,257098,1,0
711,0.219458,0.28116,2.41098,10.9861,24917,113539,1,0
712,0.311046,0.451475,4.65265,14.9581,65793,211522,1,0
713,0.223563,0.287934,3.78815,16.944,81523,364654,1,0
714,0.345534,0.527964,39.6664,114.796,529530,1532496,1,0
715,0.359892,0.562236,8.25869,22.9483,116791,324517,1,0
716,0.293016,0.414459,4.68093,15.9751,56303,192150,1,0
717,0.35122,0.541353,16.8216,47.8961,229235,652683,1,0
718,0.409315,0.692949,6.11611,14.942,81260,198527,1,0
719,0.166487,0.199741,3.15448,18.9474,31628,189973,1,0
720,0.380478,0.614147,37.1891,97.7449,577842,1518727,2,0
721,0.411424,0.699015,7.7915,18.9384,109732,266713,1,0
722,0.405051,0.680816,5.25604,12.9762,52832,130433,1,0
723,0.377862,0.607361,7.54012,19.9552,97753,258700,1,0
724,0.364178,0.572766,89.0383,244.497,1514310,4158164,1,0
725,0.225628,0.291368,6.07694,26.9365,120783,535320,1,0
726,0.261329,0.353782,8.60234,32.9178,116941,447486,1,0
727,0.498525,0.994117,4.97004,9.96979,66407,133207,1,0
729,0.466093,0.872985,14.8979,31.9631,218309,468381,1,0
730,0.520574,1.08583,17.6524,33.9092,192358,369511,1,0
731,0.435312,0.770888,11.7329,26.9533,122841,282191,1,0
732,0.203165,0.254965,3.85015,18.9508,45064,221810,1,0
733,0.282775,0.394262,4.23237,14.9672,45229,159947,1,0
734,0.225645,0.291397,2.69923,11.9623,27088,120047,1,0
735,0.210433,0.266517,2.30826,10.9691,23147,109997,1,0
736,0.366742,0.579136,16.8342,45.9021,168953,460686,1,0
737,0.290223,0.408893,4.91726,16.943,49972,172185,1,0
738,0.409945,0.694756,4.50359,10.9859,53153,129659,1,0
739,0.456141,0.838711,16.8418,36.9223,170437,373650,2,0
740,0.412767,0.702902,3.69947,8.96263,43847,106227,1,0
741,0.428616,0.750135,22.6699,52.8913,250819,585184,1,0
742,0.234831,0.3069,4.917,20.9381,59531,253506,1,0
743,0.400869,0.669083,4.39169,10.9555,54357,135598,1,0
744,0.26369,0.358124,5.78506,21.9388,68402,259403,1,0
745,0.361698,0.566656,6.85378,18.949,70726,195539,1,0
746,0.242227,0.319657,15.7067,64.843,157430,649927,1,0
747,0.211301,0.267911,2.31931,10.9763,23589,111637,1,0
748,0.317872,0.466,7.61222,23.9481,94755,298092,1,0
749,0.316488,0.463032,82.7283,261.394,910875,2878070,1,0
750,0.427666,0.747231,18.3466,42.8999,190662,445820,1,0
751,0.403736,0.677109,10.4637,25.9171,134100,332148,1,0
752,0.448404,0.812921,9.39379,20.9494,124307,277221,1,0
753,0.144244,0.168557,2.01376,13.9611,20995,145552,2,0
754,0.261436,0.35398,1.56923,6.00235,15762,60290,1,0
755,0.422685,0.732156,38.7925,91.7772,608596,1439834,1,0
756,0.186752,0.229637,2.05415,10.9993,22749,121814,1,0
757,0.359692,0.561749,8.98152,24.9701,120894,336104,1,0
758,0.494692,0.978991,10.3739,20.9703,139561,282117,1,0
759,0.307161,0.443336,5.20781,16.9546,57271,186453,1,0
760,0.269964,0.369795,4.31061,15.9673,47012,174142,1,0
761,0.362777,0.569309,31.8445,87.7835,386577,1065605,1,0
762,0.607247,1.54613,15.1418,24.9352,198560,326984,1,0
763,0.0442462,0.0462945,0.66264,14.9762,7563,170930,1,0
764,0.633107,1.72559,125.092,197.585,1710728,2702113,1,0
765,0.219925,0.281927,2.85091,12.963,32045,145709,1,0
766,0.416808,0.714702,12.4725,29.9226,176470,423384,1,0
767,0.322237,0.475443,5.78861,17.963,65748,204036,1,0
768,0.0681269,0.0731075,2.58056,37.8785,26042,382257,2,0
769,0.105851,0.118382,20.3968,192.666,224915,2124825,1,0
770,0.0868969,0.0951666,0.693434,7.97999,7413,85308,1,0
771,0.273148,0.375796,3.27413,11.9866,32922,120528,1,0
772,0.308963,0.447101,6.77968,21.9433,70857,229338,1,0
773,0.310013,0.449303,5.27212,17.0061,53064,171167,1,0
774,0.230041,0.298771,3.90658,16.982,42144,183202,1,0
775,0.133574,0.154167,1.59648,11.952,16412,122868,1,0
776,0.228898,0.296845,0.686475,2.99903,9033,39463,1,0
777,0.291789,0.412008,15.136,51.8737,192188,658655,1,0
778,0.283389,0.395456,4.81312,16.9843,53039,187160,1,0
779,0.491163,0.965266,45.0904,91.8032,625893,1274308,1,0
780,0.0955428,0.105636,2.19289,22.9521,22902,239704,1,0
781,0.380204,0.613434,17.4442,45.8794,238507,627313,1,0
782,0.199552,0.249301,2.19384,10.9938,22103,110763,1,0
783,0.380794,0.614972,14.0464,36.8873,184721,485094,1,0
784,0.457831,0.844443,18.7314,40.9151,227596,497118,1,0
785,0.417402,0.71645,6.66478,15.9674,73722,176621,1,0
786,0.357741,0.557005,13.1999,36.8994,202536,566152,1,0
787,0.275199,0.379689,5.21409,18.9467,53985,196167,1,0
788,0.282819,0.394349,7.34935,25.9857,75825,268104,1,0
789,0.342735,0.521457,3.76788,10.9936,39176,114304,1,0
790,0.23151,0.301253,4.85328,20.9639,49763,214950,1,0
791,0.43009,0.754664,4.2864,9.96629,43040,100072,1,0
792,0.414907,0.709131,129.989,313.297,1303726,3142211,2,0
793,0.216018,0.27554,3.45096,15.9757,37585,173990,1,0
794,0.203853,0.256049,1.82958,8.975,18338,89957,1,0
795,0.450991,0.821463,53.1255,117.798,559881,1241447,2,0
796,0.436704,0.775264,6.96415,15.9471,70946,162458,1,0
797,0.1025,0.114206,5.00995,48.8805,52949,516578,1,0
798,0.368957,0.584679,43.0706,116.738,457825,1240862,1,0
799,0.31433,0.458428,11.9067,37.8796,137754,438246,2,0
800,0.442492,0.793696,10.596,23.9463,109857,248269,1,0
801,0.537699,1.16309,12.8735,23.9418,130977,243588,1,0
802,0.448298,0.812573,24.1671,53.9081,278068,620275,1,0
803,0.333127,0.499535,6.96985,20.9224,77373,232263,2,0
804,0.484657,0.940457,114.644,236.542,1400276,2889208,1,0
805,0.389609,0.638293,2.72842,7.003,28270,72560,1,0
806,0.213599,0.271616,6.60792,30.9362,75001,351130,2,0
807,0.370786,0.589285,4.43894,11.9717,45227,121976,1,0
808,0.453367,0.829379,14.4883,31.9571,146971,324177,1,0
809,0.238114,0.312533,2.37275,9.96473,24040,100960,1,0
810,0.318143,0.466583,36.8314,115.771,427951,1345153,1,0
811,0.3785,0.609011,3.78078,9.98888,38738,102346,2,0
812,0.307811,0.444693,5.2311,16.9948,67017,217721,1,0
813,0.34674,0.530784,19.0385,54.9077,191472,552206,1,0
814,0.25531,0.34284,1.78285,6.9831,18548,72649,1,0
815,0.388548,0.63545,5.81588,14.9683,59250,152491,1,0
816,0.312279,0.454077,16.5185,52.8978,266763,854247,2,0
817,0.537747,1.16332,9.65982,17.9635,97230,180810,2,0
818,0.447285,0.80925,64.2756,143.699,948500,2120573,1,0
819,0.221727,0.284897,3.54294,15.9778,43749,197310,1,0
820,0.560341,1.27449,193.446,345.23,1950208,3480397,1,0
821,0.414067,0.70668,4.95754,11.9728,49999,120751,1,0
822,0.33802,0.510621,9.78401,28.9455,153922,455363,1,0
823,0.427513,0.746766,36.2362,84.7605,365530,855014,1,0
824,0.313486,0.456635,2.50242,7.98255,25888,82581,1,0
825,0.387709,0.63321,15.4754,39.9148,254687,656903,1,0
826,0.336627,0.507447,82.6319,245.471,1322079,3927432,1,0
827,0.360875,0.564639,6.47517,17.9429,95402,264363,1,0
828,0.218966,0.280354,53.3146,243.531,1066156,4869045,1,0
829,0.309314,0.447836,11.4219,36.9255,164287,531133,1,0
830,0.48276,0.933337,6.25331,12.9532,76543,158553,1,0
831,0.204306,0.256764,6.10906,29.8984,114817,561986,1,0
832,0.507593,1.03084,141.789,279.336,1424629,2806635,2,0
833,0.396116,0.655947,11.0623,27.9265,175279,442494,1,0
834,0.41773,0.717417,10.4234,24.9522,152106,364125,1,0
835,0.287433,0.403377,4.30438,14.9745,69146,240564,1,0
836,0.109581,0.123067,1.30982,11.9529,13173,120212,1,0
837,0.438876,0.782137,16.1975,36.9067,163182,371818,1,0
838,0.413257,0.704324,73.8084,178.599,875755,2119153,1,0
839,0.228576,0.296304,8.66341,37.9017,86863,380018,1,0
840,0.44814,0.812054,12.5333,27.967,185551,414047,1,0
841,0.369656,0.586435,4.42945,11.9826,45118,122054,1,0
842,0.208715,0.263767,4.58762,21.9783,94779,454107,1,0
843,0.368406,0.583295,8.08746,21.9523,123529,335307,1,0
844,0.409078,0.692271,8.98957,21.9752,125013,305597,1,0
845,0.351638,0.542348,4.56528,12.9829,54846,155973,1,0
846,0.423867,0.73571,5.92513,13.9788,78821,185957,1,0
847,0.400751,0.668755,5.20063,12.977,70553,176052,1,0
848,0.398331,0.662043,7.14801,17.9447,96606,242527,1,0
849,0.34293,0.521909,5.13389,14.9702,78839,229898,1,0
850,0.48571,0.944427,9.19353,18.928,136788,281625,1,0
851,0.214321,0.272785,2.35017,10.9656,23588,110059,1,0
852,0.286205,0.400962,7.14095,24.9515,142075,496410,1,0
853,0.401903,0.671971,5.61333,13.9674,99367,247241,1,0
854,0.430539,0.756047,176.998,411.11,2250982,5228285,2,0
855,0.350044,0.538567,4.53385,12.9522,45671,130472,1,0
856,0.341926,0.519586,22.5305,65.8933,309873,906257,2,0
858,0.244957,0.324429,7.32676,29.9119,97264,397065,1,0
859,0.405654,0.682521,13.3589,32.9315,143586,353962,1,0
860,0.420367,0.72523,5.45258,12.9711,56573,134580,1,0
861,0.21722,0.277498,2.59928,11.9663,30535,140572,1,0
862,0.281854,0.392475,6.18221,21.9341,65276,231595,1,0
863,0.315484,0.460887,4.71735,14.9527,47340,150055,1,0
864,0.372586,0.593845,6.68422,17.9401,67111,180122,1,0
865,0.314703,0.459222,11.2978,35.9003,133977,425725,1,0
866,0.456338,0.839377,8.65424,18.9646,87249,191194,1,0
867,0.445321,0.802844,6.21399,13.954,62385,140090,1,0
868,0.253122,0.338906,4.54349,17.9492,53658,211985,1,0
869,0.37189,0.592078,6.31031,16.9681,66864,179795,1,0
870,0.363945,0.572192,9.4543,25.9769,114891,315682,1,0
871,0.343948,0.52427,1.37292,3.99173,16968,49333,1,0
872,0.264094,0.35887,3.68687,13.9608,43809,165884,1,0
873,0.366888,0.5795,69.9281,190.597,728328,1985150,1,0
874,0.266462,0.363256,8.23985,30.9232,82584,309928,1,0
875,0.183727,0.22508,1.2829,6.98266,12961,70545,1,0
876,0.277501,0.384084,21.601,77.8421,270579,975057,1,0
877,0.32389,0.47905,13.9066,42.9365,162569,501926,1,0
878,0.200628,0.250982,1.7999,8.97163,18715,93282,1,0
879,0.416707,0.714406,41.5796,99.7791,525611,1261343,1,0
882,0.309188,0.447571,10.4952,33.9444,105189,340211,1,0
883,0.505218,1.02109,20.1408,39.8662,277516,549300,1,0
885,0.452518,0.826545,19.8764,43.9234,267389,590891,2,0
886,0.42203,0.730194,22.3223,52.8912,298231,706658,1,0
887,0.277198,0.383505,13.276,47.8962,146128,527161,1,0
888,0.254019,0.340517,6.59062,25.9442,72130,283955,1,0
889,0.181536,0.221801,4.34428,23.9288,52653,290041,1,0
890,0.550735,1.22586,42.2924,76.7933,555617,1008864,1,0
891,0.0350397,0.0363121,0.349462,9.97325,4083,116525,1,0
892,0.481401,0.928273,8.17232,16.9764,107339,222972,1,0
893,0.196657,0.244799,4.5197,22.9824,54775,278530,1,0
894,0.659072,1.93317,51.9256,78.7839,722581,1096362,1,0
895,0.102021,0.113612,3.25742,31.9338,37017,362836,1,0
896,0.0782819,0.0849304,3.35755,42.8894,33852,432437,1,0
897,0.0927466,0.102228,0.926129,9.9855,10315,111217,1,0
898,0.0671692,0.0720058,1.07148,15.9519,11387,169527,1,0
899,0.271087,0.371907,6.22424,22.9603,62638,231062,1,0
900,0.355771,0.552242,5.3322,14.9878,56237,158071,1,0
901,0.247295,0.328542,4.19501,16.9635,42213,170699,1,0
902,0.193541,0.239988,3.08976,15.9645,33356,172346,1,0
903,0.292118,0.412664,11.6563,39.9024,119945,410605,1,0
905,0.290918,0.410275,4.35459,14.9685,55239,189878,1,0
906,0.387129,0.631663,120.928,312.373,1328404,3431429,1,0
907,0.425885,0.74181,191.276,449.074,2301403,5403817,1,0
908,0.0836567,0.0912941,1.83674,21.956,19143,228828,1,0
909,0.389532,0.638087,29.9068,76.7787,366408,940637,1,0
910,0.0174365,0.0177459,0.295233,16.932,2975,170619,1,0
911,0.342647,0.521252,11.6272,33.9334,151041,440807,1,0
912,0.426499,0.743675,17.4788,40.9839,219269,514114,2,0
913,0.407391,0.687452,8.12273,19.9385,96596,237109,1,0
914,0.425628,0.741032,16.5823,38.9593,253581,595781,1,0
915,0.211171,0.267701,8.21622,38.9078,85212,403522,1,0
916,0.336348,0.506814,88.629,263.501,914328,2718397,1,0
917,0.403114,0.675361,6.84443,16.9788,70840,175732,1,0
918,0.35662,0.554292,6.04372,16.9472,61910,173602,1,0
919,0.252935,0.338572,3.02651,11.9656,30355,120011,2,0
920,0.410572,0.696559,2.87255,6.99646,28988,70604,1,0
921,0.316285,0.462598,7.89533,24.9628,85990,271875,1,0
922,0.341706,0.519078,8.85837,25.924,88863,260057,1,0
923,0.363505,0.571105,4.71475,12.9703,47842,131613,1,0
924,0.18586,0.228289,4.63904,24.9606,48953,263387,1,0
925,0.29378,0.41599,7.62258,25.9467,80455,273861,1,0
926,0.242615,0.320332,15.9826,65.8786,184816,761768,1,0
927,0.408458,0.690498,10.6108,25.9778,112873,276339,1,0
928,0.451661,0.82369,8.10534,17.9458,96950,214652,1,0
929,0.440941,0.788721,18.4794,41.9094,188599,427719,1,0
930,0.223624,0.288036,10.2598,45.8786,115752,517618,1,0
931,0.35767,0.556833,17.1232,47.8743,209050,584477,2,0
932,0.2216,0.284687,13.0406,58.8461,135983,613641,2,0
933,0.495736,0.983086,19.7816,39.9038,201341,406146,1,0
934,0.31434,0.458449,2.82318,8.98132,28626,91067,1,0
935,0.39219,0.64525,7.43253,18.9513,75051,191364,1,0
936,0.36392,0.57213,8.71717,23.9538,101223,278146,1,0
937,0.245641,0.32563,3.67171,14.9476,37746,153663,1,0
938,0.343474,0.523169,6.50836,18.9493,86924,253073,1,0
939,0.292598,0.413624,19.5643,66.8628,264782,904934,1,0
940,0.427858,0.747817,5.54191,12.9527,56084,131081,1,0
941,0.341536,0.518685,7.49754,21.9528,133552,391034,1,0
942,0.417863,0.717809,13.3402,31.9248,137535,329139,1,0
943,0.516228,1.06709,23.1739,44.8909,234304,453877,1,0
944,0.266284,0.362925,8.23602,30.9257,127474,478715,1,0
945,0.315427,0.460765,56.024,177.616,691311,2191666,1,0
946,0.329248,0.490864,11.5036,34.9389,116295,353214,1,0
947,0.298457,0.42543,5.06257,16.9624,51229,171646,1,0
948,0.318955,0.468333,8.28357,25.9709,83625,262184,1,0
949,0.405226,0.681312,11.7263,28.939,187369,462381,1,0
950,0.388665,0.635763,16.6717,42.8955,273759,704358,1,0
951,0.369225,0.585352,5.52786,14.9715,56617,153340,1,0
952,0.346333,0.52983,8.98623,25.9476,139375,402431,1,0
953,0.287278,0.403072,15.4842,53.8995,227334,791338,1,0
954,0.417641,0.717154,44.1795,105.781,632917,1515457,1,0
955,0.276018,0.38125,5.78756,20.9671,113327,410578,1,0
956,0.30447,0.437752,6.67507,21.9227,83939,275689,1,0
957,0.353363,0.546464,6.69887,18.9574,67391,190713,1,0
958,0.307074,0.443156,9.80569,31.9304,192357,626419,1,0
959,0.376839,0.604721,8.65663,22.9712,135073,358437,1,0
960,0.342146,0.520095,6.83342,19.9721,109313,319492,1,0
961,0.406019,0.683554,30.7843,75.8187,452882,1115422,1,0
962,0.265718,0.361875,2.65136,9.97808,26786,100806,1,0
963,0.253569,0.339709,3.04112,11.9933,30620,120756,1,0
964,0.417292,0.716124,153.225,367.175,2272471,5445762,1,0
965,0.296157,0.420771,7.07919,23.903,82950,280088,1,0
966,0.385493,0.62732,1.92822,5.00197,19743,51215,1,0
967,0.353085,0.545798,17.963,50.8736,272862,772794,1,0
968,0.418418,0.719448,8.34803,19.9516,118047,282127,1,0
969,0.394285,0.650941,22.4232,56.8708,271406,688350,1,0
970,0.575466,1.35552,5.73918,9.97297,76621,133146,1,0
971,0.269143,0.368256,3.49064,12.9698,54875,203888,1,0
972,0.49107,0.964907,23.0412,46.9216,337181,686625,1,0
973,0.0844149,0.0921977,1.09552,12.9781,21932,259812,1,0
974,0.311564,0.452568,5.90381,18.9493,100906,323869,1,0
975,0.264961,0.360472,5.02419,18.9615,61858,233461,2,0
976,0.345053,0.526842,2.75405,7.98153,27783,80518,2,0
977,0.501712,1.00687,6.01259,11.9841,61823,123224,1,0
978,0.283911,0.396475,3.12094,10.9927,40312,141988,1,0
979,0.37311,0.595176,5.58018,14.9559,60311,161644,1,0
980,0.457845,0.84449,5.93951,12.9729,62016,135452,1,0
981,0.307705,0.44447,2.45122,7.96617,28635,93060,1,0
982,0.288722,0.40592,4.89236,16.9448,51594,178698,1,0
983,0.291333,0.4111,7.54993,25.9152,75804,260197,1,0
984,0.180851,0.220779,3.07448,17.0001,30870,170693,1,0
985,0.362457,0.568521,5.79573,15.9901,68828,189893,1,0
986,0.601484,1.50931,47.4221,78.8419,476993,793027,1,0
987,0.2819,0.392564,3.65695,12.9729,43007,152561,1,0
988,0.295271,0.418985,3.53273,11.9644,35444,120039,1,0
989,0.277223,0.383553,7.74206,27.9283,93402,336920,1,0
990,0.263614,0.357983,4.73102,17.9469,49872,189186,1,0
991,0.337289,0.508954,2.68722,7.96712,33509,99348,1,0
992,0.444485,0.800131,230.582,518.758,2724381,6129300,4,0
993,0.342869,0.521766,5.47428,15.9661,56909,165979,1,0
994,0.357425,0.556238,24.2775,67.9234,243319,680756,1,0
995,0.184706,0.226551,2.39658,12.9752,24354,131853,1,0
996,0.116547,0.131922,1.39622,11.9806,17471,149905,1,0
997,0.246081,0.326403,6.38938,25.9646,68952,280200,1,0
999,0.449649,0.817022,8.52203,18.9527,109034,242487,1,0
1000,0.544637,1.19605,9.78516,17.9662,128738,236374,1,0
1002,0.191672,0.237121,0.955261,4.98384,9574,49950,1,0
1003,0.230261,0.299141,2.52901,10.9829,27973,121484,1,0
1004,0.609164,1.55862,25.5056,41.8709,426889,700778,1,0
1005,0.493919,0.975969,12.8041,25.924,162977,329967,1,0
1006,0.579287,1.37692,38.1376,65.8351,510763,881710,1,0
1007,0.355857,0.552451,303.206,852.082,3358710,9438357,1,0
1008,0.328413,0.489011,44.8865,136.67,491073,1495289,1,0
1009,0.000103576,0.000103587,0.00258487,24.9581,31,299297,1,0
1010,0.279582,0.388083,10.0503,35.9462,128768,460573,1,0
1011,0.179938,0.219419,2.33563,12.9803,27192,151119,1,0
1012,0.44436,0.799727,8.42238,18.9542,111458,250828,1,0
1013,0.170305,0.205262,1.18932,6.98341,14339,84196,1,0
1014,0.575619,1.35637,10.3498,17.9803,150758,261906,1,0
1015,0.260638,0.352517,8.05849,30.9193,91194,349888,1,0
1016,0.108591,0.121819,26.8734,247.465,270817,2493925,2,0
1017,0.0907563,0.0998151,0.904585,9.96718,10096,111243,1,0
1018,0.112408,0.126643,4.2626,37.9209,47376,421466,1,0
1019,0.297173,0.422826,6.2277,20.9565,65489,220373,1,0
1020,0.133466,0.154023,2.13368,15.9866,21390,160265,1,0
1021,0.243681,0.322194,13.8574,56.867,139502,572477,1,0
1022,0.290939,0.410316,9.00293,30.9446,96862,332929,1,0
1023,0.0196132,0.0200056,1.46747,74.814,15174,773661,1,0
1024,0.213184,0.270946,1.48985,6.98853,19452,91245,1,0
1025,0.221334,0.284248,7.07437,31.962,89551,404596,1,0
1026,0.324559,0.480515,35.5931,109.669,390281,1202495,1,0
1027,0.366723,0.579088,141.994,387.146,1714268,4674558,2,0
1028,0.258594,0.348788,21.6647,83.779,226362,875358,1,0
1029,0.482785,0.933432,237.455,491.876,2901184,6009268,1,0
1030,0.0868137,0.0950668,0.692202,7.9734,6976,80356,1,0
1031,0.354092,0.548209,28.2668,79.8285,358401,1012168,1,0
1032,0.49661,0.98653,26.2537,52.8648,328120,660720,1,0
1033,0.266075,0.362538,10.8813,40.8965,118395,444968,1,0
1034,0.481893,0.930103,15.8726,32.9375,246895,512344,1,0
1035,0.172117,0.207901,2.4054,13.9758,24962,145029,1,0
1036,0.302286,0.433253,2.71295,8.97483,28002,92634,1,0
1037,0.216897,0.276972,6.27366,28.9243,65359,301336,1,0
1038,0.317228,0.464618,2.84711,8.97505,29296,92350,2,0
1039,0.30077,0.430145,2.39945,7.97771,24061,79998,1,0
1040,0.44853,0.813334,22.3631,49.8586,225706,503213,1,0
1041,0.134969,0.156028,4.17678,30.9443,45519,337256,1,0
1042,0.320707,0.472118,2.87784,8.97345,28870,90020,1,0
1043,0.421973,0.730023,7.16586,16.9818,72638,172139,1,0
1044,0.298135,0.424776,6.84149,22.9481,72564,243393,1,0
1045,0.261455,0.354013,8.61469,32.9484,91758,350952,1,0
1046,0.419346,0.722196,4.60936,10.9917,53670,127985,1,0
1047,0.34928,0.53676,11.843,33.907,125561,359485,1,0
1048,0.363503,0.5711,4.71464,12.9699,51648,142084,1,0
1049,0.467436,0.87771,38.2286,81.7836,383605,820657,1,0
1050,0.389785,0.638766,41.2439,105.814,458037,1175102,1,0
1051,0.353315,0.546349,12.6996,35.9401,155210,439296,1,0
1052,0.345654,0.528243,3.79971,10.9928,39306,113715,1,0
1053,0.433259,0.764476,23.346,53.8843,238625,550767,1,0
1054,0.44106,0.7891,20.2394,45.888,204818,464377,1,0
1055,0.352661,0.544786,6.33946,17.9761,64045,181605,1,0
1056,0.320382,0.471415,29.0959,90.8185,337539,1053552,1,0
1057,0.488108,0.953538,8.28354,16.9707,84699,173525,1,0
1058,0.311332,0.452078,100.651,323.31,1339959,4303957,1,0
1059,0.262424,0.355793,12.8307,48.8915,176840,673871,1,0
1060,0.443173,0.795891,13.2634,29.9283,133611,301487,1,0
1061,0.372027,0.592426,8.16582,21.9496,145517,391146,1,0
1062,0.490144,0.961339,23.0081,46.9415,235974,481438,1,0
1063,0.345266,0.527337,46.859,135.718,471387,1365288,1,0
1064,0.357805,0.55716,13.5758,37.941,187536,524129,1,0
1065,0.426595,0.743968,13.6178,31.9221,167020,391519,1,0
1066,0.413986,0.706443,15.2862,36.9242,155108,374670,1,0
1067,0.542147,1.18411,36.2542,66.8714,366226,675510,2,0
1068,0.385817,0.628179,5.7781,14.9763,58376,151305,1,0
1069,0.352499,0.544399,115.029,326.305,1840517,5221339,1,0
1070,0.380574,0.614398,6.83885,17.9696,112095,294542,1,0
1071,0.405192,0.681215,4.85039,11.9705,50023,123455,1,0
1072,0.367225,0.58034,6.95898,18.9494,111022,302327,1,0
1073,0.349323,0.53686,23.7115,67.8833,351994,1007647,1,0
1074,0.294351,0.417135,28.79,97.8082,403971,1372414,1,0
1075,0.291206,0.410847,16.2704,55.8744,204920,703694,1,0
1076,0.0961341,0.106359,2.97386,30.9369,85757,892056,1,0
1077,0.263247,0.357306,5.25443,19.9601,52732,200314,1,0
1078,0.280255,0.389381,7.26837,25.9362,139048,496148,1,0
1079,0.370444,0.58842,9.24442,24.9562,144769,390799,1,0
1080,0.376388,0.603562,7.12906,18.9408,122931,326607,1,0
1081,0.415399,0.710568,134.728,324.314,2025541,4876135,1,0
1082,0.494568,0.978507,461.847,933.811,4685282,9473478,1,0
1083,0.542413,1.18538,23.2658,42.8933,234394,432132,1,0
1084,0.41344,0.704855,10.7294,25.9518,159104,384830,1,0
1085,0.381835,0.617692,8.00373,20.9612,81287,212885,1,0
1086,0.345216,0.527222,6.88522,19.9449,83165,240907,1,0
1087,0.322827,0.476727,6.44138,19.9525,88471,274051,1,0
1088,0.366204,0.577795,54.7929,149.627,648308,1770347,1,0
1089,0.367119,0.580076,8.05878,21.9508,128945,351235,1,0
1090,0.459391,0.849766,6.41755,13.9698,91021,198134,1,0
1091,0.482754,0.933315,13.9593,28.9154,239314,495727,1,0
1092,0.323167,0.477469,12.8948,39.9032,247599,766165,1,0
1093,0.328104,0.488326,11.7804,35.904,144715,441064,1,0
1094,0.332177,0.497404,101.738,306.283,1301595,3918372,1,0
1096,0.442165,0.792645,7.50285,16.9686,78173,176796,1,0
1097,0.215258,0.274304,4.72595,21.9551,55490,257784,1,0
1098,0.325355,0.482261,7.79208,23.9498,81831,251513,1,0
1099,0.234084,0.305626,1.86691,7.97539,18730,80014,1,0
1100,0.302269,0.433216,5.12483,16.9546,51379,169978,1,0
1101,0.352915,0.545392,15.8359,44.8718,186933,529683,1,0
1102,0.333745,0.500926,23.3172,69.8639,274173,821505,1,0
1103,0.288781,0.406036,8.06368,27.9231,80839,279932,1,0
1104,0.259788,0.350965,3.62484,13.953,36401,140118,1,0
1105,0.182289,0.222927,2.54475,13.9597,30662,168205,1,0
1106,0.350328,0.539239,5.24237,14.9641,63380,180916,2,0
1107,0.46397,0.865566,31.4777,67.8446,333899,719657,1,0
1108,0.215639,0.274923,3.00653,13.9422,35641,165281,1,0
1109,0.431627,0.759408,6.44927,14.9419,66758,154666,1,0
1110,0.233475,0.304588,10.4865,44.915,105117,450229,1,0
1111,0.256509,0.345006,2.80874,10.9499,28374,110616,1,0
1112,0.33984,0.514784,235.984,694.422,2542126,7480364,1,0
1113,0.157723,0.187258,2.83272,17.96,35450,224761,1,0
1114,0.239738,0.315336,2.62948,10.9683,27292,113841,1,0
1115,0.354111,0.548252,4.58322,12.9429,57288,161780,1,0
1116,0.453763,0.830708,8.14429,17.9485,106628,234986,1,0
1118,0.357982,0.557588,6.07437,16.9683,61807,172654,1,0
1119,0.0327571,0.0338664,0.65405,19.9656,7045,215068,1,0
1120,0.533106,1.14181,22.8887,42.9333,398659,747805,1,0
1121,0.408726,0.691264,50.1556,122.717,637410,1559503,2,0
1122,0.434271,0.767631,13.8506,31.8953,185885,428039,1,0
1123,0.267736,0.365628,4.27211,15.9558,47422,177122,1,0
1124,0.250246,0.333771,36.9786,147.765,404408,1616041,1,0
1125,0.00782292,0.0078846,0.249697,31.9189,3027,386940,1,0
1126,0.44301,0.795363,19.451,43.9046,255364,576430,1,0
1127,0.314643,0.459093,47.3968,150.633,549492,1746399,1,0
1128,0.102874,0.11467,0.922888,8.9715,12604,122519,1,0
1129,0.305009,0.438867,10.957,35.924,119517,391848,1,0
1130,0.428226,0.748944,16.2336,37.9096,207641,484886,1,0
1131,0.0266835,0.027415,0.506179,18.9698,5714,214140,1,0
1132,0.231294,0.300887,4.84808,20.9607,49106,212310,1,0
1133,0.169612,0.204256,8.29412,48.8986,92201,543600,1,0
1134,0.322355,0.475698,14.1532,43.9057,153114,474986,1,0
1135,0.393509,0.648828,22.772,57.8694,238419,605880,1,0
1136,0.369768,0.586716,8.10418,21.9169,81472,220333,1,0
1137,0.283243,0.395173,17.8051,62.8618,179093,632295,1,0
1138,0.147532,0.173064,3.67964,24.9415,39567,268193,1,0
1139,0.36943,0.585868,21.7521,58.8807,224068,606523,1,0
1140,0.231515,0.301262,1.15685,4.99686,15399,66514,1,0
1141,0.255676,0.343501,9.95662,38.9418,125237,489827,1,0
1142,0.306841,0.442671,297.546,969.691,3290762,10724632,1,0
1143,0.279441,0.387811,9.75827,34.9219,116515,416958,1,0
1144,0.0695115,0.0747043,2.49665,35.9175,26006,374125,1,0
1145,0.391446,0.64324,10.9382,27.9429,133327,340601,1,0
1146,0.142442,0.166102,2.55809,17.9588,25783,181007,1,0
1147,0.316839,0.463784,201.674,636.575,2527523,7977302,1,0
1148,0.513655,1.05615,40.9962,79.8129,496731,967052,1,0
1149,0.379171,0.610751,28.3772,74.842,311619,821842,1,0
1150,0.177912,0.216414,2.83703,15.9461,29486,165734,1,0
1151,0.262075,0.355152,2.61961,9.99563,27026,103123,1,0
1152,0.571671,1.33465,17.1049,29.921,265049,463639,1,0
1153,0.372161,0.592766,9.65895,25.9536,100411,269805,1,0
1154,0.311319,0.452051,4.34578,13.9592,44688,143544,1,0
1155,0.380492,0.614183,16.3297,42.9173,163928,430832,2,0
1156,0.293053,0.414533,27.4875,93.7975,278261,949524,1,0
1157,0.287218,0.402954,7.44362,25.9168,80546,280435,1,0
1158,0.407563,0.687945,75.6431,185.599,759488,1863484,1,0
1159,0.464397,0.867055,4.63703,9.98507,47284,101818,1,0
1160,0.109979,0.123569,5.37924,48.9136,57350,521464,1,0
1161,0.337473,0.509372,8.41574,24.9371,89327,264694,1,0
1162,0.406251,0.684214,61.5989,151.629,736465,1812831,1,0
1163,0.418462,0.719577,17.9367,42.8632,193251,461813,1,0
1164,0.449897,0.817843,5.38645,11.9726,59202,131590,1,0
1165,0.579642,1.37892,10.4034,17.948,106377,183522,1,0
1166,0.293877,0.416183,6.74226,22.9422,74806,254549,1,0
1167,0.439668,0.784657,14.9074,33.9062,153074,348158,1,0
1168,0.513418,1.05515,9.72997,18.9513,99138,193094,1,0
1169,0.319287,0.469049,2.86483,8.97256,29119,91200,1,0
1170,0.274552,0.378458,2.46784,8.98869,28675,104443,1,0
1171,0.363942,0.572183,2.89966,7.96736,29155,80109,1,0
1172,0.45286,0.827687,8.58605,18.9597,114979,253895,1,0
1173,0.465681,0.87154,7.89227,16.9479,81109,174173,1,0
1174,0.297144,0.422767,5.63596,18.9675,77856,262014,1,0
1175,0.494813,0.979465,5.92946,11.9833,59811,120876,1,0
1176,0.316561,0.463188,17.9973,56.8542,320925,1013786,2,0
1177,0.437823,0.778798,6.11111,13.958,62849,143549,1,0
1178,0.427064,0.745396,4.6799,10.9583,47159,110426,1,0
1179,0.362034,0.567481,20.2267,55.8722,292684,808444,1,0
1180,0.303852,0.436475,3.93537,12.9518,46901,154355,1,0
1181,0.339703,0.514471,5.09339,14.9936,51426,151385,1,0
1182,0.361351,0.565805,8.29208,22.9475,83622,231415,1,0
1183,0.43722,0.776892,13.9506,31.9075,140772,321971,1,0
1184,0.329208,0.490774,12.1483,36.902,191324,581165,1,0
1185,0.366495,0.57852,31.4508,85.8153,509888,1391255,1,0
1186,0.32526,0.482052,96.0834,295.379,1529282,4701723,1,0
1187,0.482372,0.931888,14.9264,30.9439,154794,320902,1,0
1188,0.299825,0.428214,7.77679,25.9371,113771,379458,1,0
1189,0.576024,1.35863,6.90859,11.9937,98465,170939,1,0
1190,0.395572,0.654458,5.52209,13.9598,66667,168533,1,0
1191,0.446198,0.805698,7.12861,15.9763,71770,160848,1,0
1192,0.30017,0.428918,8.68583,28.9389,167034,556465,1,0
1193,0.356105,0.553047,6.76075,18.9856,112987,317286,1,0
1194,0.36865,0.583906,29.7826,80.7864,456822,1239177,1,0
1195,0.396022,0.65569,32.0018,80.8073,328662,829908,1,0
1196,0.192103,0.237782,2.49409,12.9831,25090,130607,1,0
1197,0.435982,0.772993,12.5907,28.8791,184692,423623,1,0
1198,0.535943,1.15491,16.5708,30.9191,167955,313382,1,0
1199,0.316527,0.463116,6.64336,20.9884,92129,291062,1,0
1200,0.376407,0.603611,17.6446,46.8757,212550,564681,1,0
1201,0.420077,0.724366,8.79344,20.9328,102555,244134,1,0
1202,0.314163,0.458072,18.1681,57.8311,287782,916028,1,0
1203,0.484832,0.941114,6.28286,12.9589,92567,190926,1,0
1204,0.353682,0.547226,7.4012,20.9262,133841,378422,1,0
1205,0.417691,0.717301,22.5226,53.9189,376397,901138,1,0
1206,0.298932,0.426394,3.27698,10.9626,42022,140574,1,0
1207,0.186144,0.228719,2.22778,11.968,22769,122319,1,0
1208,0.500603,1.00241,24.4665,48.8742,251212,501819,1,0
1209,0.291401,0.411236,13.9523,47.8791,163199,560049,1,0
1210,0.307957,0.444998,9.52309,30.9241,101621,329984,1,0
1211,0.217938,0.278671,3.47651,15.9518,34886,160073,1,0
1212,0.297037,0.42255,2.96363,9.97729,29704,100001,1,0
1213,0.304589,0.437998,4.56182,14.9774,54518,178989,1,0
1214,0.324508,0.480402,11.0152,33.944,130493,402126,1,0
1215,0.493697,0.975101,7.40298,14.995,74331,150560,1,0
1216,0.460417,0.853281,3.21214,6.9765,39617,86046,1,0
1217,0.0738662,0.0797576,0.812066,10.9937,8160,110470,1,0
1218,0.325407,0.482374,7.14811,21.9661,84224,258827,1,0
1219,0.351367,0.541704,4.20717,11.9736,44618,126984,1,0
1220,0.343493,0.523213,30.8341,89.7663,309044,899710,1,0
1222,0.322555,0.476134,3.21767,9.97554,34733,107681,1,0
1224,0.0888971,0.0975709,3.8146,42.9091,39697,446550,1,0
1225,0.388689,0.63583,5.04045,12.9677,63218,162644,1,0
1226,0.414388,0.707616,4.96867,11.9904,66351,160118,1,0
1228,0.222046,0.285423,1.32868,5.98378,13317,59974,1,0
1229,0.349479,0.53723,11.8557,33.9237,123434,353194,1,0
1230,0.521357,1.08924,7.26936,13.9431,104590,200611,1,0
1231,0.48655,0.947611,14.0822,28.9433,188368,387150,1,0
1232,0.295084,0.418608,5.88357,19.9386,65235,221073,1,0
1233,0.522995,1.09642,44.8909,85.8312,567895,1085851,1,0
1234,0.297152,0.422783,7.71275,25.9549,84286,283646,1,0
1235,0.0335751,0.0347416,0.33506,9.97996,4129,122978,1,0
1236,0.480987,0.926733,87.8172,182.574,1125381,2339734,1,0
1237,0.111134,0.125029,0.999384,8.9925,11455,103074,1,0
1238,0.229109,0.297201,4.34546,18.9674,52708,230056,1,0
1239,0.505491,1.02221,7.54946,14.9348,98457,194775,1,0
1240,0.0296596,0.0305662,0.768998,25.9276,8690,292991,1,0
1241,0.176306,0.214043,4.92129,27.9134,49747,282163,1,0
1242,0.122974,0.140218,2.82421,22.9663,31174,253500,1,0
1243,0.272468,0.374509,3.2596,11.9632,35981,132056,1,0
1244,0.312864,0.455316,7.49955,23.9705,77473,247625,2,0
1245,0.0678728,0.0728149,0.879986,12.9652,8820,129949,1,0
1246,0.295187,0.418815,8.55254,28.9733,85948,291165,1,0
1247,0.173222,0.209515,10.5492,60.8998,113448,654927,1,0
1248,0.00370099,0.00371474,0.099767,26.957,1032,278844,1,0
1249,0.136822,0.15851,0.954229,6.97431,12525,91542,1,0
1250,0.343858,0.524059,13.0367,37.9117,165531,481394,1,0
1251,0.292863,0.414154,2.6311,8.98407,29033,99135,1,0
1252,0.323025,0.47716,25.7928,79.8476,307453,951792,1,0
1253,0.102812,0.114593,4.10226,39.9005,42766,415965,2,0
1254,0.442561,0.793919,45.9183,103.76,585189,1322278,1,0
1255,0.0943063,0.104126,2.258,23.9435,22725,240970,1,0
1256,0.240503,0.316662,25.2091,104.816,319282,1327557,1,0
1257,0.470053,0.886981,8.90716,18.9493,111662,237552,1,0
1258,0.371842,0.591956,11.8628,31.9032,129246,347583,1,0
1259,0.205681,0.25894,2.25808,10.9783,23505,114279,1,0
1260,0.272105,0.373825,2.98618,10.9744,30780,113118,1,0
1261,0.299988,0.428546,10.4788,34.9305,107920,359748,1,0
1262,0.412652,0.702567,219.451,531.802,3497297,8475183,2,0
1263,0.240839,0.317243,4.08681,16.9692,42220,175304,1,0
1264,0.274341,0.378057,1.915,6.98039,19200,69986,1,0
1265,0.398288,0.661925,3.97346,9.97634,40022,100485,1,0
1266,0.202355,0.25369,4.44422,21.9625,44614,220474,1,0
1267,0.358467,0.558766,2.50251,6.98113,27013,75357,2,0
1268,0.580164,1.38188,170.79,294.381,1741637,3001972,1,0
1269,0.459594,0.850461,126.088,274.348,1333065,2900526,1,0
1270,0.302535,0.433763,5.14112,16.9934,54626,180561,1,0
1271,0.239864,0.315555,4.54139,18.933,54229,226082,1,0
1272,0.428662,0.750279,11.98,27.9478,125782,293429,1,0
1273,0.484345,0.939283,7.73558,15.9713,84310,174070,1,0
1274,0.229425,0.297733,3.66911,15.9926,36834,160549,1,0
1275,0.409072,0.692254,4.90319,11.9861,50394,123191,1,0
1276,0.396683,0.657504,14.2578,35.9425,144257,363658,1,0
1277,0.374513,0.598753,6.72951,17.9689,68495,182891,1,0
1278,0.207365,0.261616,8.06312,38.883,95593,460988,1,0
1279,0.474946,0.904566,5.69146,11.9834,57297,120639,1,0
1280,0.346982,0.531352,5.53291,15.9458,75021,216210,1,0
1281,0.463804,0.864989,22.6778,48.8951,233675,503823,1,0
1282,0.364708,0.574079,10.5522,28.9338,188441,516690,2,0
1283,0.364418,0.573361,6.17998,16.9585,63119,173205,1,0
1284,0.55362,1.24024,258.991,467.818,2613562,4720857,1,0
1285,0.446424,0.806438,92.6499,207.533,1309505,2933318,1,0
1286,0.342141,0.520082,3.40569,9.954,42033,122853,1,0
1287,0.386731,0.630606,15.4348,39.9107,156869,405628,1,0
1288,0.312419,0.454375,5.29315,16.9424,53474,171161,1,0
1289,0.584821,1.4086,699.661,1196.38,7058889,12070165,1,0
1290,0.401716,0.671446,94.1903,234.471,1495365,3722447,1,0
1291,0.397205,0.658939,6.73361,16.9522,109946,276799,1,0
1292,0.281887,0.392538,2.8177,9.99585,29164,103460,1,0
1293,0.303778,0.436323,66.6817,219.49,1066830,3511874,1,0
1294,0.295374,0.419192,9.43547,31.9432,139499,472280,1,0
1295,0.376891,0.604855,8.27347,21.9519,109420,290323,1,0
1296,0.266374,0.363093,2.92446,10.9788,36623,137487,1,0
1297,0.199436,0.24912,2.18938,10.9778,22080,110712,1,0
1298,0.268746,0.367514,12.0619,44.8853,239017,889379,1,0
1299,0.378397,0.608743,6.7905,17.9453,110157,291115,1,0
1300,0.417616,0.717082,10.42,24.9508,161106,385775,1,0
1301,0.376364,0.6035,54.8303,145.688,568664,1510940,1,0
1302,0.34398,0.524344,5.82978,16.948,58705,170664,1,0
1303,0.396768,0.657736,13.4641,33.9345,195162,491880,1,0
1304,0.270868,0.371493,2.16511,7.9932,21995,81202,1,0
1305,0.373119,0.595198,14.8967,39.9244,207585,556351,2,0
1306,0.40906,0.692218,9.39545,22.9678,113114,276522,1,0
1307,0.42336,0.734183,5.91064,13.961,70229,165885,1,0
1308,0.419866,0.723739,15.9201,37.9173,242829,578349,1,0
1309,0.471407,0.891816,12.6813,26.9015,182281,386674,1,0
1310,0.340328,0.515906,21.3856,62.8387,375450,1103199,1,0
1311,0.250926,0.334981,14.0316,55.9227,297439,1185367,1,0
1312,0.446365,0.806245,8.91291,19.9681,118639,265789,1,0
1313,0.309908,0.449081,6.49172,20.9474,66954,216045,1,0
1314,0.357399,0.556175,6.78313,18.9791,69597,194732,1,0
1315,0.219998,0.282048,1.97533,8.97855,23170,105319,1,0
1316,0.277814,0.384686,6.93038,24.9459,72986,262715,1,0
1317,0.0480947,0.0505246,1.05503,21.9368,10584,220066,1,0
1318,0.27336,0.376198,4.36062,15.9515,51936,189991,1,0
1319,0.212499,0.26984,3.81471,17.9516,38249,179996,1,0
1320,0.369408,0.585811,3.32359,8.99711,39479,106871,1,0
1321,0.496865,0.98754,15.873,31.9463,159305,320620,1,0
1322,0.32419,0.479707,4.85359,14.9715,59569,183747,1,0
1323,0.396002,0.655635,7.10699,17.947,84510,213408,2,0
1324,0.380942,0.615358,4.56058,11.9719,46686,122554,1,0
1325,0.468163,0.880276,33.1572,70.8245,345981,739018,1,0
1326,0.210315,0.266328,2.93677,13.9637,29434,139952,1,0
1327,0.253285,0.339199,3.79105,14.9674,38398,151600,1,0
1328,0.291931,0.412292,13.1162,44.9302,141528,484799,1,0
1329,0.153187,0.180899,2.2933,14.9707,28565,186471,1,0
1330,0.226068,0.292103,2.02888,8.97445,25623,113342,1,0
1331,0.451188,0.822118,5.85329,12.9728,76434,169406,1,0
1332,0.2424,0.319957,2.66249,10.9838,27388,112987,1,0
1333,0.17219,0.208006,0.860753,4.99889,8927,51844,1,0
1335,0.4262,0.742767,7.65889,17.9706,81616,191497,1,0
1336,0.481056,0.92699,16.8112,34.945,281804,585803,1,0
1337,0.45729,0.842603,14.6012,31.9303,195553,427635,1,0
1338,0.283548,0.395767,31.4099,110.771,349605,1232966,2,0
1339,0.520706,1.0864,32.2194,61.8782,415929,798779,1,0
1340,0.214702,0.273401,3.00209,13.9828,36726,171056,1,0
1341,0.640783,1.78383,8.93951,13.951,117296,183051,1,0
1342,0.192846,0.238921,2.88386,14.9541,32678,169451,1,0
1343,0.123153,0.140449,3.8108,30.943,46304,375989,1,0
1344,0.345396,0.52764,6.88643,19.9377,87449,253185,1,0
1345,0.354617,0.549468,15.92,44.8942,181063,510587,2,0
1346,0.13013,0.149597,3.1168,23.9512,31452,241697,1,0
1347,0.0937805,0.103485,1.21565,12.9629,13548,144465,1,0
1348,0.276724,0.382597,1.93187,6.98122,20767,75046,1,0
1349,0.248659,0.330954,6.45241,25.9487,65658,264048,1,0
1350,0.247136,0.328262,2.46226,9.96317,24747,100135,1,0
1351,0.299663,0.427884,67.8604,226.455,682327,2276982,1,0
1352,0.187189,0.230298,3.17181,16.9443,34012,181699,1,0
1354,0.178136,0.216747,1.24355,6.98058,16222,91065,1,0
1355,0.267879,0.365895,9.34397,34.8813,117471,438522,1,0
1356,0.294893,0.418224,15.306,51.902,167853,569200,1,0
1357,0.543403,1.19011,20.6082,37.9238,247008,454558,1,0
1358,0.164384,0.196722,8.36661,50.8969,85085,517599,1,0
1359,0.433696,0.765837,20.3402,46.8999,257162,592954,1,0
1360,0.144246,0.168561,10.3621,71.8353,105283,729883,1,0
1361,0.49315,0.972971,16.7343,33.933,202954,411546,1,0
1362,0.552491,1.23459,88.7608,160.664,1056217,1911735,1,0
1363,0.190167,0.234822,3.41415,17.9531,35390,186100,1,0
1364,0.296497,0.421459,4.43856,14.9701,45719,154197,1,0
1365,0.375716,0.601835,61.1077,162.644,631416,1680568,2,0
1366,0.438856,0.782074,21.0149,47.8849,344183,784273,1,0
1367,0.40851,0.690647,4.47918,10.9647,44968,110078,1,0
1368,0.3768,0.604621,10.9081,28.9494,110185,292423,1,0
1369,0.344349,0.525201,5.15002,14.9558,51871,150635,1,0
1370,0.389007,0.636679,13.9697,35.9112,151443,389307,2,0
1371,0.28754,0.403587,3.73402,12.9861,38118,132566,1,0
1372,0.395792,0.65506,13.81,34.892,146793,370884,1,0
1373,0.282759,0.394232,5.92665,20.961,62796,222083,1,0
1374,0.284163,0.396966,12.1928,42.9087,146673,516158,1,0
1375,0.481188,0.927482,145.477,302.326,1531314,3182359,1,0
1376,0.429799,0.753767,5.56352,12.9444,62776,146059,1,0
1377,0.455509,0.836578,123.631,271.414,1240858,2724113,2,0
1378,0.424715,0.73827,10.1738,23.9546,105394,248152,1,0
1379,0.40058,0.668278,10.3915,25.9414,105344,262979,1,0
1380,0.378742,0.609636,5.66265,14.9513,57393,151536,1,0
1381,0.357802,0.557153,2.50323,6.99613,29109,81355,1,0
1382,0.416778,0.714613,5.82488,13.976,58867,141243,1,0
1383,0.354723,0.549723,4.9461,13.9435,62288,175596,1,0
1384,0.36458,0.573763,2.17996,5.9794,22542,61830,2,0
1385,0.276954,0.383039,12.157,43.894,191378,691009,1,0
1386,0.259801,0.350988,2.59198,9.97686,26515,102059,1,0
1387,0.445087,0.802085,9.3252,20.9516,94391,212073,1,0
1388,0.466717,0.875177,27.0166,57.8861,400550,858229,1,0
1389,0.191589,0.236995,4.39651,22.9483,54357,283716,1,0
1390,0.379665,0.612032,4.92313,12.9669,49798,131163,1,0
1391,0.292828,0.414084,3.50632,11.974,35381,120825,1,0
1392,0.257567,0.346923,2.31303,8.98027,23392,90819,1,0
1393,0.376568,0.604023,32.3112,85.8013,508245,1349678,1,0
1394,0.338073,0.51074,20.25,59.897,334584,989681,1,0
1395,0.42285,0.732653,5.482,12.9645,56574,133792,1,0
1396,0.290689,0.409818,79.4621,273.354,1259621,4333231,1,0
1397,0.313184,0.455995,6.87437,21.9497,101758,324914,1,0
1398,0.305594,0.44008,20.1258,65.8567,289265,946566,1,0
1399,0.372066,0.592524,181.142,486.852,2267642,6094730,1,0
1400,0.384815,0.625528,31.4889,81.8285,317312,824583,2,0
1401,0.340883,0.517182,4.76079,13.9663,93657,274748,1,0
1402,0.329754,0.491989,55.2782,167.636,908036,2753680,1,0
1403,0.326184,0.484084,10.4197,31.9443,105720,324112,1,0
1404,0.34585,0.528701,15.5324,44.9133,241275,697629,1,0
1405,0.314317,0.4584,2.1904,6.96873,22055,70168,1,0
1406,0.386324,0.629524,14.2773,36.9573,214246,554576,1,0
1407,0.215677,0.274985,2.58169,11.9701,26626,123453,1,0
1408,0.458362,0.846251,6.40913,13.9828,88666,193441,1,0
1409,0.48496,0.941595,22.2609,45.9019,311831,643004,1,0
1410,0.385859,0.62829,14.6376,37.9349,226151,586098,1,0
1411,0.480166,0.923692,11.4788,23.9059,136808,284918,1,0
1412,0.43586,0.772611,10.4357,23.9428,118955,272920,1,0
1413,0.416415,0.713547,12.063,28.9688,208255,500114,1,0
1414,0.340261,0.51575,16.6275,48.8656,288985,849305,2,0
1415,0.354031,0.548061,15.8947,44.8954,212042,598937,2,0
1416,0.299912,0.428391,5.68109,18.9426,58322,194464,1,0
1417,0.348309,0.534469,8.68058,24.922,90399,259537,1,0
1418,0.196985,0.245307,5.30526,26.9323,62159,315552,1,0
1419,0.362685,0.569083,218.194,601.647,2297766,6335433,2,0
1420,0.511195,1.04581,9.68675,18.949,114408,223805,1,0
1421,0.35844,0.558701,11.7983,32.9156,118249,329899,1,0
1422,0.309011,0.447201,3.38808,10.9643,39910,129154,1,0
1423,0.363478,0.571038,4.35602,11.9843,43830,120585,1,0
1424,0.287542,0.403591,8.31996,28.9344,100043,347925,1,0
1425,0.221259,0.284124,2.65397,11.9949,30978,140008,1,0
1427,0.461492,0.856983,10.1287,21.9479,105666,228966,1,0
1428,0.160737,0.191522,2.88465,17.9462,29128,181215,1,0
1429,0.435815,0.772469,8.69825,19.9585,87306,200328,1,0
1430,0.173316,0.209652,4.15494,23.972,51745,298559,1,0
1431,0.314589,0.458978,4.70209,14.9467,50617,160899,1,0
1432,0.383584,0.622282,62.7498,163.592,798796,2082452,1,0
1433,0.531032,1.13234,7.42471,13.9814,99296,186987,1,0
1435,0.238245,0.312757,1.43043,6.00404,14349,60228,1,0
1436,0.0349426,0.0362078,2.85844,81.8064,30445,871286,1,0
1437,0.419602,0.722957,14.647,34.9068,195439,465772,1,0
1438,0.307752,0.444569,6.7532,21.9439,74219,241165,1,0
1439,0.51081,1.0442,6.63309,12.9857,98949,193710,1,0
1440,0.390382,0.640372,8.1791,20.9513,97058,248623,1,0
1441,0.437357,0.777326,7.41306,16.9502,93531,213855,1,0
1442,0.121454,0.138245,1.33136,10.9617,15338,126286,1,0
1443,0.000724622,0.000725147,0.0137287,18.9459,165,227705,1,0
1444,0.547649,1.21067,27.8826,50.913,371218,677839,1,0
1445,0.30473,0.43829,12.4683,40.9157,141117,463089,1,0
1446,0.0670201,0.0718344,18.2546,272.378,184449,2752146,1,0
1447,0.164401,0.196747,3.77765,22.9788,42046,255752,1,0
1448,0.267651,0.365469,2.13577,7.97958,22912,85604,1,0
1449,0.146067,0.171051,7.7281,52.9077,78215,535475,2,0
1450,0.192492,0.238377,3.26722,16.9733,32826,170532,2,0
1451,0.232881,0.303579,6.04131,25.9415,60697,260635,2,0
1452,0.29218,0.412788,9.91823,33.9461,106695,365169,1,0
1453,0.0337471,0.0349258,0.707135,20.9561,7310,216611,1,0
1454,0.196815,0.245042,1.17879,5.98929,15434,78419,1,0
1455,0.327537,0.487071,6.85722,20.9359,86136,262981,1,0
1456,0.462604,0.860826,6.46187,13.9685,70518,152437,1,0
1457,0.364825,0.57437,13.4707,36.9238,162162,444492,1,0
1458,0.121705,0.13857,3.27909,26.9421,34003,279388,1,0
1459,0.379668,0.612041,47.7539,125.773,606342,1597031,1,0
1460,0.229753,0.298285,8.02985,34.9501,81035,352705,1,0
1461,0.488125,0.953602,786.289,1610.44,9938279,20360113,4,0
1462,0.510014,1.04087,28.0251,54.9508,332852,652633,1,0
1463,0.28544,0.399463,4.27537,14.978,44227,154943,1,0
1464,0.419788,0.723509,13.4035,31.9289,138141,329073,1,0
1465,0.382776,0.620158,4.9649,12.9707,51292,134000,1,0
1466,0.465987,0.872613,13.0171,27.935,228395,490132,1,0
1467,0.322685,0.476418,5.1495,15.9583,51617,159961,1,0
1468,0.323354,0.477877,9.99997,30.9256,101494,313879,1,0
1469,0.325327,0.4822,2.27008,6.97783,22783,70031,1,0
1470,0.385613,0.627639,5.77626,14.9794,62408,161841,1,0
1471,0.295525,0.419497,7.37324,24.9497,75168,254354,1,0
1472,0.221354,0.284281,1.3257,5.98899,14110,63744,1,0
1473,0.324671,0.480759,9.71207,29.9134,102593,315991,1,0
1474,0.360617,0.564009,4.68376,12.9881,55838,154840,1,0
1475,0.296117,0.42069,4.43679,14.9833,46652,157546,1,0
1476,0.503304,1.0133,85.3478,169.575,958529,1904475,1,0
1477,0.525447,1.10725,12.0725,22.9755,124045,236075,1,0
1478,0.456141,0.838712,10.9226,23.9457,113669,249197,1,0
1479,0.265017,0.360576,2.38154,8.98635,24120,91013,1,0
1480,0.472015,0.893993,11.7792,24.9553,119593,253367,1,0
1481,0.19077,0.235743,2.28524,11.9789,27080,141951,1,0
1482,0.481276,0.927807,27.8538,57.8746,281184,584247,1,0
1483,0.380804,0.614998,6.07965,15.9652,78272,205544,1,0
1484,0.405973,0.683424,6.07924,14.9744,61977,152663,1,0
1485,0.375436,0.601116,8.23568,21.9354,132635,353283,1,0
1486,0.359078,0.560252,5.73021,15.9582,57934,161341,1,0
1487,0.520257,1.08445,256.986,493.955,2636779,5068225,1,0
1488,0.420391,0.725302,14.2549,33.9087,196337,467034,1,0
1489,0.48204,0.930651,10.1089,20.9711,114619,237779,1,0
1490,0.466786,0.875419,8.86166,18.9845,89375,191469,1,0
1491,0.294484,0.417401,4.69942,15.9582,47537,161425,1,0
1492,0.189114,0.233219,2.26467,11.9753,22896,121070,1,0
1493,0.460993,0.855262,8.28441,17.9706,132008,286356,1,0
1494,0.354406,0.548961,6.71745,18.9539,109404,308697,2,0
1495,0.36543,0.575871,8.75041,23.9461,141404,386952,1,0
1496,0.356203,0.553285,2.13927,6.00575,22179,62265,1,0
1497,0.286528,0.401596,5.72127,19.9663,84836,296083,1,0
1498,0.361686,0.566627,283.291,783.29,4054219,11209227,1,0
1499,0.530488,1.12987,11.1216,20.9651,137215,258658,1,0
1500,0.349495,0.537266,5.93217,16.9736,59585,170489,1,0
1501,0.274725,0.378786,10.1405,36.9125,202389,736698,1,0
1502,0.349342,0.536906,4.18275,11.9729,66390,190043,1,0
1503,0.303634,0.436027,3.63485,11.9712,36853,121373,1,0
1504,0.230365,0.299317,3.90935,16.9701,60685,263430,1,0
1505,0.329082,0.490495,3.2879,9.99107,33105,100598,1,0
1506,0.213278,0.271097,2.12963,9.98524,21591,101234,1,0
1507,0.408433,0.690424,13.4522,32.9356,201296,492850,1,0
1508,0.387947,0.633847,16.6451,42.905,229308,591080,1,0
1509,0.397778,0.660517,10.7082,26.9203,156018,392224,1,0
1510,0.315461,0.460838,10.3812,32.9075,125748,398616,1,0
1511,0.391376,0.643052,13.6692,34.9261,215947,551763,1,0
1512,0.347198,0.531858,6.91706,19.9224,82438,237438,1,0
1513,0.345257,0.527317,26.1752,75.8154,445249,1289616,1,0
1514,0.210171,0.266096,8.18078,38.9216,190916,908386,1,0
1515,0.290836,0.410111,15.6922,53.9548,201309,692174,1,0
1516,0.154293,0.182443,1.54225,9.99554,15774,102234,1,0
1517,0.529632,1.126,190.234,359.187,1977630,3733967,1,0
1518,0.228091,0.29549,4.0982,17.9673,47833,209710,1,0
1519,0.359807,0.562028,23.6892,65.8374,249440,693261,1,0
1520,0.388595,0.635578,3.1035,7.98626,36772,94628,1,0
1521,0.354536,0.549273,62.5968,176.559,738247,2082290,1,0
1522,0.328547,0.489307,3.931,11.9648,39399,119919,1,0
1523,0.400736,0.668713,15.2166,37.9716,152700,381049,1,0
1524,0.315292,0.460476,3.4608,10.9768,41563,131824,1,0
1525,0.214636,0.273294,2.56892,11.9686,30093,140205,1,0
1526,0.18103,0.221046,4.33649,23.9545,43591,240794,1,0
1527,0.342619,0.521189,3.41715,9.97357,36281,105893,1,0
1528,0.218339,0.279327,2.83438,12.9814,28776,131795,1,0
1529,0.320378,0.471406,33.2313,103.725,333061,1039588,1,0
1530,0.34175,0.51918,52.1595,152.632,649056,1899212,1,0
1531,0.352718,0.544922,81.9826,232.432,882603,2502290,1,0
1532,0.315797,0.461555,2.20082,6.96874,27319,86508,1,0
1533,0.417098,0.715555,4.15182,9.9543,54833,131463,1,0
1536,0.00489003,0.00491406,0.0389851,7.9725,406,83026,1,0
1537,0.295395,0.419235,60.7106,205.525,667116,2258386,1,0
1538,0.587753,1.42573,43.9855,74.8397,621640,1057655,1,0
1539,0.408515,0.690661,14.2655,34.9193,187004,457765,1,0
1540,0.040077,0.0417503,0.320432,7.99523,3891,97088,1,0
1541,0.40029,0.667472,8.38573,20.948,107477,268498,1,0
1542,0.218428,0.279472,4.36402,19.9783,52695,241247,1,0
1543,0.103186,0.115059,2.36787,22.9473,28677,277915,1,0
1544,0.371445,0.590951,14.0815,37.911,201687,542979,1,0
1545,0.0377436,0.039224,1.80771,47.8954,20344,539006,1,0
1546,0.0733125,0.0791124,1.53744,20.9715,15530,211833,1,0
1547,0.0380946,0.0396033,1.02634,26.943,11445,300436,2,0
1548,0.394885,0.652577,5.5113,13.9567,59301,150173,1,0
1549,0.318837,0.468078,2.86215,8.9768,28960,90830,1,0
1550,0.204781,0.257515,2.85831,13.9579,28680,140052,1,0
1551,0.168892,0.203214,9.60521,56.8727,103201,611046,1,0
1552,0.253144,0.338946,7.57364,29.9181,76006,300248,1,0
1553,0.308858,0.44688,10.7822,34.91,109949,355986,1,0
1554,0.136758,0.158424,1.64156,12.0034,21471,157000,1,0
1555,0.391748,0.644056,14.4585,36.9078,181468,463226,1,0
1556,0.351268,0.541468,14.373,40.919,159022,452709,1,0
1557,0.457585,0.843608,16.4228,35.8899,197125,430794,1,0
1558,0.102811,0.114593,3.7941,36.9031,39538,384568,1,0
1559,0.306105,0.44114,23.1997,75.7885,295584,965630,1,0
1560,0.575455,1.35546,17.2114,29.9093,208633,362553,1,0
1561,0.0949804,0.104948,2.08508,21.9521,24464,257569,1,0
1562,0.222495,0.286165,3.10239,13.9435,32195,144700,1,0
1563,0.261883,0.354799,13.3163,50.8484,138680,529549,1,0
1564,0.437968,0.779259,190.071,434.012,3205719,7319524,1,0
1565,0.294372,0.417177,5.28481,17.9528,52974,179956,1,0
1566,0.288369,0.405223,8.05566,27.9351,81772,283567,1,0
1567,0.375017,0.600044,2.99321,7.98152,30301,80799,1,0
1568,0.404165,0.678317,8.07567,19.9811,87197,215746,1,0
1569,0.498071,0.992313,32.2934,64.8385,329049,660647,1,0
1570,0.170956,0.206209,2.21933,12.9818,23488,137392,1,0
1571,0.397156,0.658804,9.90197,24.9321,105149,264755,1,0
1572,0.403915,0.677613,5.24072,12.9751,62545,154847,1,0
1573,0.363273,0.570532,6.52572,17.9643,70544,194190,2,0
1574,0.470411,0.888258,25.8104,54.8683,294254,625525,1,0
1575,0.27746,0.384006,4.42524,15.9491,44418,160088,1,0
1576,0.45815,0.845529,18.7264,40.8742,193561,422484,1,0
1577,0.400229,0.667303,3.59959,8.99384,36709,91720,1,0
1578,0.189352,0.233582,7.56052,39.9281,90593,478436,1,0
1579,0.442953,0.795179,5.29791,11.9605,53840,121548,1,0
1580,0.407511,0.687795,27.6469,67.8433,282579,693427,1,0
1581,0.197568,0.246211,4.53643,22.9603,56573,286347,1,0
1582,0.371412,0.590866,11.4748,30.8951,181653,489088,1,0
1583,0.372653,0.594014,15.9962,42.9253,161264,432746,1,0
1584,0.404378,0.678917,5.24851,12.9792,54236,134122,1,0
1585,0.377057,0.605284,19.9397,52.8841,305708,810773,1,0
1586,0.376781,0.604573,4.51176,11.9744,54255,143996,1,0
1587,0.470029,0.886896,7.03375,14.9645,70926,150897,1,0
1588,0.420182,0.724678,200.823,477.94,2025401,4820299,1,0
1589,0.531977,1.13665,92.3605,173.617,932954,1753748,1,0
1590,0.324951,0.481374,99.8531,307.299,1638584,5042555,1,0
1591,0.404016,0.677897,9.26877,22.9408,147240,364441,1,0
1592,0.328858,0.489997,13.4714,40.9652,206759,628719,1,0
1593,0.289461,0.407383,2.5977,8.97422,27071,93522,1,0
1594,0.293579,0.415586,10.8344,36.9046,159373,542863,1,0
1595,0.307062,0.443131,7.65525,24.9307,108860,354521,1,0
1596,0.376579,0.604053,22.9185,60.8575,276709,734796,1,0
1597,0.485978,0.945442,6.31674,12.998,63615,130901,1,0
1598,0.231484,0.30121,6.2407,26.9581,122121,527556,1,0
1599,0.323445,0.478077,38.0865,117.749,607951,1879609,1,0
1600,0.276184,0.381567,2.75655,9.9808,27978,101302,1,0
1601,0.264967,0.360483,7.93011,29.9287,79813,301219,1,0
1602,0.287054,0.40263,2.00622,6.98901,20301,70722,1,0
1603,0.493783,0.975438,20.6874,41.8961,307059,621850,1,0
1604,0.451827,0.824243,5.86393,12.9784,80353,177840,1,0
1605,0.427708,0.747361,4.69226,10.9709,66628,155779,1,0
1606,0.467034,0.876292,10.2414,21.9285,123226,263848,1,0
1607,0.326207,0.484135,20.8155,63.8084,313537,961160,2,0
1608,0.377748,0.607066,15.0939,39.9567,178546,472659,2,0
1609,0.418411,0.719427,31.3051,74.8172,514694,1230116,1,0
1610,0.209565,0.265126,4.18122,19.9527,53073,253253,1,0
1611,0.259437,0.350324,11.6554,44.9237,271889,1047997,1,0
1612,0.250485,0.334197,4.74279,18.9344,49036,195764,1,0
1613,0.249641,0.332696,5.48223,21.9603,57032,228456,1,0
1614,0.224802,0.289993,8.52711,37.9318,99836,444106,1,0
1615,0.296662,0.421792,6.81216,22.9626,71867,242252,1,0
1616,0.371712,0.591626,8.89948,23.9414,105300,283284,1,0
1617,0.349311,0.536832,4.53327,12.9778,53257,152463,1,0
1618,0.323893,0.479056,15.5248,47.9319,155778,480955,1,0
1619,0.377801,0.607204,101.771,269.389,1223104,3237425,1,0
1620,0.254229,0.340894,3.55097,13.9678,41556,163459,1,0
1621,0.538045,1.16471,10.7323,19.9468,108994,202574,1,0
1623,0.435757,0.772287,16.5274,37.9277,181113,415628,1,0
1624,0.166886,0.200316,1.33355,7.99074,13705,82122,1,0
1625,0.200977,0.251528,8.82058,43.8885,88410,439901,1,0
1626,0.255992,0.344072,5.61359,21.9294,67957,265465,1,0
1627,0.331605,0.496122,15.5424,46.8704,167388,504781,1,0
1628,0.287044,0.40261,7.16484,24.9609,89638,312280,1,0
1629,0.344943,0.526585,4.47003,12.9583,58432,169396,1,0
1631,0.139652,0.162321,0.974257,6.9763,9786,70074,1,0
1632,0.176005,0.213599,1.7528,9.95891,19059,108287,1,0
1633,0.283407,0.395492,5.93681,20.948,65170,229952,1,0
1634,0.412125,0.701042,67.0066,162.602,1070834,2598323,1,0
1635,0.593061,1.45737,39.633,66.8273,516776,871371,1,0
1637,0.226403,0.292663,4.97122,21.9576,63730,281489,1,0
1638,0.204421,0.256946,1.63194,7.98328,18958,92740,1,0
1639,0.0351173,0.0363954,4.62545,131.719,55886,1591410,2,0
1640,0.348306,0.534463,4.17458,11.9856,55063,158088,1,0
1641,0.241187,0.317847,4.08944,16.956,46173,191441,1,0
1642,0.0877448,0.0961845,2.54036,28.9521,25678,292644,1,0
1643,0.123151,0.140447,1.9657,15.9615,21645,175760,1,0
1644,0.0948331,0.104769,1.2301,12.9714,13514,142503,1,0
1645,0.229721,0.29823,28.4245,123.736,287596,1251938,1,0
1646,0.318844,0.468092,193.133,605.728,1939476,6082841,1,0
1647,0.242716,0.320509,15.2579,62.8626,164453,677552,1,0
1648,0.312724,0.45502,418.129,1337.06,4196750,13419979,1,0
1650,0.227421,0.294366,6.34948,27.9183,84281,370595,1,0
1651,0.421249,0.727857,5.04676,11.9805,63154,149921,1,0
1652,0.337539,0.509522,25.9506,76.8828,283565,840096,1,0
1653,0.370383,0.588268,10.3649,27.9847,123641,333819,2,0
1654,0.108241,0.121379,2.05153,18.9526,21355,197292,1,0
1655,0.379257,0.610972,10.2156,26.9361,129372,341120,1,0
1656,0.307321,0.44367,11.6511,37.9124,148155,482086,2,0
1657,0.265266,0.361037,11.3811,42.9041,129092,486651,1,0
1658,0.154225,0.182348,1.23116,7.98281,12824,83151,1,0
1659,0.336703,0.507619,4.36987,12.9785,45271,134454,1,0
1660,0.44576,0.804274,16.0203,35.9382,270183,606117,1,0
1661,0.416937,0.715082,9.58507,22.9892,96132,230567,1,0
1662,0.265754,0.361941,2.65325,9.98377,27067,101850,1,0
1663,0.291615,0.411662,1.74878,5.99688,17685,60645,1,0
1664,0.432966,0.763561,22.0258,50.872,237072,547554,1,0
1665,0.337375,0.509148,11.4402,33.9094,115956,343701,1,0
1666,0.30691,0.442814,0.918266,2.99202,9749,31765,1,0
1667,0.394151,0.650576,189.906,481.806,2006939,5091804,2,0
1668,0.28533,0.399248,29.0246,101.731,363216,1272967,1,0
1669,0.425788,0.741517,6.37298,14.9675,69145,162393,1,0
1670,0.267047,0.364343,4.79238,17.9459,48082,180051,1,0
1671,0.494008,0.976317,3.45194,6.98763,35824,72517,1,0
1672,0.312464,0.45447,5.29237,16.9375,53637,171658,1,0
1673,0.217062,0.277241,1.9469,8.96913,23174,106762,1,0
1674,0.431365,0.758598,3.44323,7.98214,35095,81358,1,0
1675,0.489895,0.960379,4.4019,8.98541,44867,91585,1,0
1676,0.216049,0.275589,6.24937,28.9277,78018,361113,1,0
1677,0.329053,0.490431,7.23007,21.9728,129619,393915,2,0
1678,0.311571,0.452583,7.15686,22.97,72240,231857,1,0
1679,0.431397,0.758695,13.3333,30.9073,137191,318016,1,0
1680,0.354706,0.549681,3.89341,10.9767,47947,135174,1,0
1681,0.360235,0.563075,30.8925,85.7682,476678,1323240,1,0
1682,0.400874,0.669099,9.19483,22.9369,92707,231262,1,0
1683,0.504191,1.01691,5.03073,9.97784,50823,100801,1,0
1684,0.408367,0.690237,6.52277,15.9728,65928,161443,1,0
1685,0.398456,0.662388,21.8648,54.8731,352737,885260,1,0
1686,0.360147,0.56286,7.18451,19.9489,113119,314091,1,0
1687,0.369419,0.58584,7.72981,20.9244,123587,334544,1,0
1688,0.300153,0.428883,3.2913,10.9654,34007,113299,1,0
1689,0.280854,0.390538,52.4098,186.622,775742,2762082,1,0
1690,0.326495,0.484769,11.714,35.8792,168495,516073,1,0
1691,0.304907,0.438657,24.3464,79.8528,303278,994656,1,0
1692,0.489142,0.957492,29.2915,59.8831,294921,602935,1,0
1693,0.209585,0.265158,70.8878,338.23,1393142,6647146,2,0
1694,0.34702,0.53144,6.23355,17.9631,102704,295960,1,0
1695,0.429537,0.752961,29.1496,67.8646,299107,696348,1,0
1696,0.266988,0.364234,7.46554,27.9621,75124,281376,1,0
1697,0.361707,0.566679,7.58295,20.9642,76878,212542,1,0
1698,0.41603,0.712416,7.47495,17.9671,104909,252167,1,0
1699,0.416682,0.714331,17.0481,40.912,206058,494521,2,0
1700,0.355526,0.551653,8.51591,23.953,129275,363616,1,0
1701,0.457587,0.843612,6.84864,14.9669,112451,245748,1,0
1702,0.256525,0.345035,3.84365,14.9833,49702,193751,1,0
1703,0.215234,0.274265,2.79189,12.9715,28514,132479,1,0
1704,0.367802,0.581783,27.8896,75.8255,511185,1389837,1,0
1705,0.364939,0.574653,6.5487,17.9445,67320,184469,1,0
1706,0.358541,0.558947,12.52,34.9191,145453,405680,1,0
1707,0.347421,0.532382,14.559,41.9062,154305,444144,1,0
1708,0.367238,0.580374,5.50876,15.0007,65797,179167,1,0
1709,0.346804,0.530933,4.50047,12.977,53105,153127,1,0
1710,0.347197,0.531855,3.4637,9.97619,41340,119068,1,0
1711,0.404054,0.678004,326.566,808.224,3273025,8100468,1,0
1712,0.61355,1.58766,23.8732,38.91,239803,390845,1,0
1713,0.364043,0.572433,6.53887,17.9622,77563,213060,1,0
1715,0.418074,0.718432,6.24939,14.948,66493,159046,1,0
1716,0.187529,0.230813,1.12436,5.99567,11377,60668,1,0
1717,0.40389,0.677543,241.009,596.722,2416066,5981987,1,0
1718,0.161504,0.192611,1.77476,10.9891,21950,135910,1,0
1719,0.392481,0.646039,38.3758,97.7782,412756,1051659,1,0
1720,0.450288,0.819133,4.94955,10.9919,62395,138567,1,0
1721,0.476348,0.909667,6.65228,13.9657,87036,182715,2,0
1722,0.000488704,0.000488943,0.00633361,12.9596,66,135051,1,0
1723,0.278982,0.386927,1.94625,6.97619,19789,70933,1,0
1724,0.00601594,0.00605235,0.0481281,8.00005,502,83445,1,0
1725,0.265179,0.360875,3.1752,11.9736,35212,132786,1,0
1726,0.48627,0.946549,20.3766,41.9037,266976,549028,1,0
1727,0.325509,0.482599,8.11617,24.9311,126690,389206,1,0
1728,0.468325,0.880847,7.94992,16.9754,92910,198388,1,0
1729,0.33325,0.499812,5.65664,16.9742,71894,215736,1,0
1730,0.0597216,0.0635148,0.715124,11.9741,8289,138794,1,0
1731,0.241093,0.317684,4.32488,17.9387,46819,194195,1,0
1732,0.601492,1.50936,10.8017,17.9582,151582,252010,1,0
1733,0.281615,0.392012,8.15949,28.9721,91797,325966,1,0
1734,0.124581,0.142311,2.48578,19.953,25190,202197,1,0
1735,0.129569,0.148856,1.03518,7.98939,11510,88833,1,0
1736,0.159059,0.189143,1.58443,9.96125,17565,110431,1,0
1737,0.400197,0.667214,13.5724,33.9145,141302,353081,1,0
1738,0.174354,0.211173,2.95393,16.9421,29669,170165,1,0
1739,0.251384,0.335798,5.01757,19.9595,53952,214620,1,0
1740,0.212942,0.270555,11.6743,54.8238,117202,550393,1,0
1741,0.320512,0.471696,113.22,353.246,1158182,3613541,1,0
1742,0.150565,0.177253,0.900577,5.9814,11729,77900,1,0
1743,0.3772,0.605652,30.0903,79.7704,376732,998759,1,0
1744,0.427473,0.746643,86.1517,201.543,938025,2194348,1,0
1745,0.472058,0.894149,8.93327,18.9241,122096,258646,1,0
1746,0.25461,0.34158,7.87385,30.9255,81638,320639,1,0
1747,0.391024,0.6421,628.54,1607.38,7976270,20398441,2,0
1748,0.492013,0.968554,13.2674,26.9654,160781,326782,1,0
1749,0.393052,0.647587,20.7915,52.8983,231434,588813,1,0
1750,0.235684,0.308359,1.64573,6.98278,17109,72593,1,0
1751,0.371223,0.590388,5.17761,13.9474,53684,144614,1,0
1752,0.332426,0.497962,4.6412,13.9616,46539,139998,1,0
1753,0.530663,1.13066,48.1803,90.7937,758434,1429221,1,0
1754,0.365973,0.577221,6.21279,16.9762,63137,172518,1,0
1755,0.382666,0.619869,10.6962,27.9519,107406,280678,1,0
1756,0.268949,0.367894,4.5658,16.9763,48803,181458,1,0
1757,0.479211,0.920162,20.0845,41.9117,204530,426806,1,0
1758,0.213946,0.272178,1.49421,6.98398,15850,74084,1,0
1759,0.378288,0.608461,11.6959,30.9179,123582,326688,1,0
1760,0.225823,0.291694,4.73313,20.9601,59273,262476,1,0
1761,0.451647,0.823644,14.8793,32.9441,181209,401218,1,0
1762,0.49829,0.993182,8.45235,16.9627,87547,175695,1,0
1763,0.516869,1.06983,83.0373,160.653,861006,1665812,1,0
1764,0.304502,0.437819,2.73208,8.97229,27953,91799,1,0
1765,0.102354,0.114025,1.12426,10.9845,13479,131690,1,0
1766,0.3274,0.486769,2.6116,7.97676,26396,80623,1,0
1767,0.302624,0.433946,3.32248,10.9787,41405,136820,1,0
1768,0.470322,0.887939,22.0623,46.9087,226381,481332,1,0
1769,0.325078,0.481653,7.45533,22.9345,133256,409920,1,0
1770,0.297508,0.423505,3.86643,12.996,38998,131082,1,0
1771,0.557495,1.25986,9.45064,16.952,96926,173860,1,0
1772,0.287696,0.403896,12.6266,43.8888,156279,543208,1,0
1773,0.442145,0.792579,11.938,27.0004,171167,387129,1,0
1774,0.393537,0.648906,3.53435,8.98098,35867,91140,1,0
1775,0.412171,0.701176,3.28227,7.96338,33261,80697,1,0
1776,0.237049,0.310701,2.1282,8.97789,21544,90884,1,0
1777,0.353082,0.545792,7.0456,19.9545,116008,328558,1,0
1778,0.358356,0.558496,45.0468,125.702,711912,1986607,1,0
1779,0.288797,0.406069,73.1794,253.42,1178431,4080479,1,0
1780,0.275733,0.380706,1.64815,5.97739,17056,61857,1,0
1781,0.30855,0.446236,9.23042,29.9149,136933,443795,1,0
1782,0.330568,0.493804,58.3546,176.518,837355,2533080,1,0
1783,0.38077,0.61491,47.1093,123.716,582394,1529515,1,0
1784,0.291301,0.411036,3.48899,11.9773,35160,120700,2,0
1785,0.146234,0.171281,3.06484,20.9577,60089,410911,1,0
1786,0.342517,0.520953,3.75943,10.9758,65054,189929,1,0
1787,0.196524,0.244591,2.35261,11.9712,24432,124321,1,0
1788,0.16358,0.195572,2.77006,16.9339,27852,170265,1,0
1789,0.311984,0.453454,2.17234,6.96299,22290,71446,1,0
1790,0.412798,0.70299,11.5304,27.9327,163027,394932,1,0
1791,0.278465,0.385934,4.43648,15.932,53658,192692,1,0
1792,0.342169,0.520148,19.4616,56.8778,299852,876326,1,0
1793,0.302116,0.432903,3.92128,12.9794,49989,165463,1,0
1795,0.435666,0.771999,9.56922,21.9655,160538,368489,1,0
1796,0.440879,0.788521,51.4655,116.733,528965,1199797,1,0
1797,0.265834,0.362089,4.51133,16.9698,52688,198199,1,0
1798,0.495577,0.982463,16.8108,33.9214,197087,397692,1,0
1799,0.368499,0.583528,89.3458,242.466,1109719,3011460,1,0
1800,0.312388,0.454309,4.05129,12.9688,40608,129992,1,0
1801,0.384552,0.624833,10.3777,26.9865,104121,270759,1,0
1802,0.45968,0.850754,4.13282,8.99046,48892,106361,1,0
1803,0.0202645,0.0206837,0.121109,5.97636,1218,60105,1,0
1804,0.397584,0.659983,11.5129,28.9573,126206,317432,1,0
1806,0.326295,0.484328,5.53187,16.9536,55458,169963,1,0
1807,0.186098,0.22865,6.86793,36.9062,84833,455850,1,0
1808,0.36417,0.572748,33.8006,92.8138,381964,1048861,1,0
1809,0.334741,0.503173,8.67325,25.911,109407,326841,1,0
1810,0.451679,0.823748,7.19847,15.9373,93114,206151,1,0
1812,0.405922,0.683281,12.1488,29.929,121941,300405,1,0
1813,0.12179,0.13868,1.82197,14.9605,19714,161869,2,0
1814,0.318473,0.467292,5.40614,16.9753,59848,187922,1,0
1815,0.523011,1.09648,11.4757,21.9414,149545,285931,1,0
1816,0.418335,0.719202,26.2972,62.8654,408294,975998,1,0
1818,0.558333,1.26415,11.6898,20.9373,148344,265691,1,0
1819,0.0661662,0.0708544,1.2553,18.9717,14994,226611,1,0
1820,0.146871,0.172155,1.46824,9.99663,17622,119983,1,0
1821,0.268067,0.366245,2.67479,9.97765,39943,149004,1,0
1822,0.299844,0.428253,104.708,349.224,1185245,3952875,1,0
1823,0.202871,0.254502,5.67269,27.9623,57498,283422,1,0
1824,0.110921,0.12476,1.43865,12.97,15975,144021,1,0
1825,0.3198,0.470155,6.70409,20.9632,72765,227533,1,0
1826,0.432295,0.761477,8.19462,18.956,84476,195413,1,0
1827,0.282924,0.394553,3.67905,13.0037,36927,130519,1,0
1828,0.178909,0.217891,7.1482,39.9539,76791,429219,1,0
1829,0.2606,0.352449,3.89625,14.951,39119,150111,1,0
1830,0.124564,0.142289,1.7401,13.9692,22664,181946,1,0
1831,0.23751,0.311492,5.68582,23.9388,72511,305297,1,0
1832,0.338302,0.511262,15.8512,46.8577,172320,509368,1,0
1833,0.507164,1.02907,23.285,45.9116,279246,550603,1,0
1834,0.188885,0.232871,9.98955,52.8856,103887,550001,1,0
1835,0.407894,0.688888,9.36766,22.9659,119261,292382,1,0
1836,0.510429,1.04261,12.7286,24.9368,162440,318242,1,0
1837,0.431401,0.758708,9.9077,22.9662,115505,267744,1,0
1838,0.386561,0.630153,8.08949,20.927,83668,216442,1,0
1839,0.37775,0.607072,4.89375,12.9549,50937,134843,2,0
1840,0.326423,0.484612,3.90741,11.9704,39162,119973,1,0
1841,0.488693,0.955772,55.5628,113.695,907205,1856391,1,0
1842,0.107846,0.120882,2.68994,24.9426,27474,254753,1,0
1843,0.346171,0.529452,4.48452,12.9547,45050,130138,1,0
1844,0.209807,0.265514,2.72309,12.9789,29343,139857,1,0
1845,0.44402,0.798627,5.76876,12.9921,58418,131566,1,0
1846,0.183367,0.22454,1.28192,6.99103,13619,74272,1,0
1847,0.387527,0.632725,14.311,36.9293,151189,390138,1,0
1848,0.253955,0.340402,9.63211,37.9283,120878,475982,1,0
1849,0.427905,0.747962,10.2441,23.9405,136352,318650,1,0
1850,0.393118,0.647766,10.1948,25.9328,106336,270494,1,0
1851,0.262969,0.356795,2.88397,10.967,29630,112675,1,0
1852,0.334759,0.503215,2.34118,6.99361,23949,71541,1,0
1853,0.325926,0.483517,40.3285,123.743,474725,1456542,2,0
1854,0.467531,0.878044,4.1853,8.95192,42255,90379,1,0
1855,0.413364,0.704636,13.1824,31.8909,164753,398566,1,0
1856,0.538433,1.16653,8.59876,15.97,88554,164466,1,0
1857,0.312295,0.454111,6.23536,19.9682,100186,320806,1,0
1858,0.389151,0.637067,6.21452,15.9694,62760,161274,1,0
1859,0.452926,0.827906,10.8471,23.9488,111057,245199,1,0
1860,0.262483,0.355902,3.6709,13.9855,45239,172350,1,0
1861,0.477209,0.912811,22.374,46.8851,335073,702151,2,0
1862,0.297949,0.424399,3.26776,10.9675,32969,110653,1,0
1863,0.332301,0.497681,4.30512,12.9555,43575,131131,1,0
1864,0.285047,0.398694,5.96949,20.9421,60422,211972,1,0
1865,0.32438,0.480122,8.08549,24.9284,133590,411832,1,0
1866,0.35298,0.545548,4.58426,12.988,72368,205020,1,0
1867,0.311607,0.452658,15.5474,49.8928,249588,800971,1,0
1868,0.235076,0.307319,2.81285,11.9657,29250,124428,1,0
1869,0.279031,0.387021,7.78847,27.9124,112415,402877,2,0
1870,0.367769,0.581699,23.8472,64.8472,308591,839090,1,0
1871,0.517877,1.07416,8.79128,16.9755,108547,209600,1,0
1872,0.360348,0.563351,4.31337,11.97,43431,120525,1,0
1873,0.163724,0.195778,8.98608,54.8781,175951,1074679,1,0
1874,0.418842,0.720703,22.9873,54.8805,383951,916696,2,0
1875,0.397247,0.659055,3.16924,7.97799,32123,80864,1,0
1876,0.525947,1.10947,255.615,486.002,2569402,4885287,1,0
1877,0.319798,0.470151,4.45903,13.9433,45237,141455,1,0
1878,0.397818,0.660626,17.0863,42.9517,244982,615815,1,0
1879,0.33693,0.508137,18.8229,55.8638,295127,875929,1,0
1880,0.405222,0.681299,8.08241,19.9455,97498,240604,1,0
1881,0.333242,0.499795,4.99517,14.9893,65685,197109,2,0
1883,0.383165,0.62118,29.4266,76.8079,574830,1500214,2,0
1884,0.437139,0.776639,16.5736,37.9139,170181,389306,1,0
1885,0.223425,0.287705,4.00422,17.9226,46830,209601,1,0
1886,0.357574,0.556598,5.34154,14.9382,63696,178134,1,0
1887,0.268017,0.366152,2.14431,8.00065,25549,95326,1,0
1888,0.41483,0.708905,6.62934,15.9809,67290,162211,1,0
1889,0.318014,0.466305,6.65947,20.9403,78828,247876,1,0
1890,0.35967,0.561694,11.8358,32.9074,118714,330064,1,0
1891,0.0588662,0.0625482,0.411929,6.99776,4139,70312,1,0
1892,0.46775,0.878815,46.2136,98.8003,492249,1052377,1,0
1893,0.224729,0.289872,2.69068,11.973,27468,122227,1,0
1894,0.247162,0.328307,4.92982,19.9457,49419,199946,1,0
1895,0.152988,0.180621,1.68112,10.9886,20744,135592,1,0
1896,0.322765,0.476591,18.6783,57.8699,201142,623185,1,0
1897,0.351821,0.542784,8.08555,22.9821,101423,288280,1,0
1898,0.439627,0.784526,9.64828,21.9471,126133,286909,1,0
1899,0.153064,0.180727,1.37424,8.97813,14263,93183,1,0
1900,0.431365,0.758597,36.1477,83.7989,367390,851692,1,0
1901,0.44522,0.802516,2.2223,4.99146,23537,52866,1,0
1902,0.559203,1.26862,40.1823,71.8561,526626,941744,1,0
1903,0.384267,0.62408,5.75556,14.9782,89500,232911,1,0
1904,0.0126227,0.0127841,0.113374,8.9813,1399,110832,1,0
1905,0.373785,0.596895,4.1037,10.9791,51903,138858,1,0
1906,0.0690019,0.074116,1.30893,18.9694,15639,226646,2,0
1907,0.314554,0.458903,4.39606,13.9756,47904,152292,1,0
1908,0.493278,0.973467,24.6031,49.8794,345169,699746,1,0
1909,0.201121,0.251754,2.80902,13.9668,31640,157318,1,0
1910,0.175011,0.212138,3.66471,20.94,37004,211438,1,0
1911,0.0363942,0.0377688,4.72153,129.727,52580,1444735,1,0
1912,0.180603,0.22041,1.26213,6.98847,13367,74013,1,0
1913,0.310905,0.45118,8.67514,27.9027,89796,288821,1,0
1914,0.203468,0.255443,2.44054,11.9947,24498,120402,1,0
1915,0.253457,0.339507,6.06829,23.9428,65151,257050,1,0
1916,0.187411,0.230635,7.28639,38.8791,73123,390174,1,0
1917,0.0841256,0.0918528,0.670334,7.96814,8760,104130,1,0
1918,0.32799,0.488072,13.4248,40.9296,169244,516004,2,0
1919,0.364049,0.572447,135.111,371.149,1467066,4029863,1,0
1920,0.34802,0.533789,24.9969,71.8265,302080,867996,2,0
1921,0.131396,0.151273,1.83863,13.993,19103,145385,1,0
1922,0.287406,0.403323,6.02817,20.9747,73992,257448,1,0
1923,0.564269,1.29499,26.4759,46.9208,321112,569076,1,0
1924,0.493763,0.97536,79.8053,161.632,915316,1853755,1,0
1925,0.357666,0.556821,8.56359,23.9429,88715,248039,1,0
1926,0.352949,0.545473,2.11244,5.9851,21172,59986,1,0
1927,0.335905,0.505809,3.68496,10.9702,37138,110561,1,0
1928,0.35753,0.556494,6.05926,16.9487,110740,309736,1,0
1929,0.252776,0.338288,3.0256,11.9694,30613,121107,1,0
1930,0.374842,0.599595,10.097,26.9367,108369,289106,1,0
1931,0.309524,0.448275,10.1902,32.9224,103496,334372,1,0
1932,0.153648,0.181541,0.918489,5.97789,9778,63639,1,0
1933,0.392515,0.646133,9.78501,24.9286,103482,263638,1,0
1934,0.240329,0.31636,3.3595,13.9786,42011,174806,1,0
1935,0.484451,0.939679,46.8687,96.7488,530957,1095998,1,0
1936,0.240279,0.316273,4.31992,17.9787,43416,180690,2,0
1937,0.279494,0.387914,4.18216,14.9632,43707,156379,1,0
1938,0.45212,0.825216,21.6577,47.9037,220676,488092,1,0
1939,0.253313,0.339249,3.03458,11.9795,35957,141947,1,0
1940,0.437352,0.777311,14.8371,33.925,149560,341967,1,0
1941,0.303728,0.43622,10.9059,35.9073,137534,452820,1,0
1942,0.28457,0.397761,2.55715,8.98595,26471,93021,1,0
1943,0.337049,0.508407,37.9976,112.741,611644,1814703,1,0
1944,0.494202,0.977072,4.9336,9.98299,49860,100890,1,0
1945,0.46604,0.872801,6.97809,14.9731,71547,153521,1,0
1946,0.379944,0.612757,8.33439,21.9354,102475,269711,1,0
1947,0.443501,0.796948,13.7193,30.9343,200050,451070,1,0
1948,0.382128,0.618458,3.04432,7.96674,30699,80337,1,0
1949,0.450064,0.818393,66.8947,148.632,674801,1499345,1,0
1950,0.382679,0.619902,23.2916,60.8652,236138,617066,1,0
1951,0.373451,0.596044,42.8447,114.728,698764,1871100,2,0
1952,0.358791,0.559554,10.3883,28.9541,163448,455552,1,0
1953,0.229142,0.297255,1.60002,6.98266,16503,72021,1,0
1954,0.320793,0.472304,5.44977,16.9889,80731,251661,1,0
1955,0.41993,0.723931,12.1603,28.959,172486,410749,1,0
1956,0.471785,0.893168,11.2993,23.9501,135566,287347,1,0
1957,0.253233,0.339106,6.06217,23.9392,61116,241343,1,0
1958,0.241043,0.317598,7.21794,29.9467,164028,680492,1,0
1959,0.364779,0.574256,4.36424,11.9639,75459,206862,1,0
1960,0.417699,0.717326,8.32599,19.9328,85072,203668,1,0
1961,0.261399,0.353911,2.35309,9.0019,23643,90448,1,0
1963,0.396405,0.65674,8.30195,20.9423,123536,311641,1,0
1964,0.237219,0.310993,5.4439,22.9486,84703,357066,1,0
1965,0.45722,0.842366,13.2361,28.9491,159556,348970,1,0
1966,0.332133,0.497303,3.97755,11.9761,50160,151024,1,0
1968,0.346413,0.530019,9.33972,26.96,156425,451556,1,0
1969,0.44982,0.817586,33.2243,73.8622,343839,764393,1,0
1970,0.171448,0.206925,3.24866,18.9481,38094,222190,1,0
1971,0.242878,0.320791,6.05981,24.9503,71537,294539,1,0
1972,0.294836,0.418109,2.93856,9.96673,35260,119592,1,0
1973,0.539942,1.17364,23.153,42.8803,232943,431422,1,0
1974,0.238225,0.312723,2.61958,10.9962,26255,110211,1,0
1975,0.0157019,0.0159523,0.783893,49.9243,7885,502170,1,0
1976,0.522664,1.09496,10.9507,20.9518,119516,228667,1,0
1977,0.232998,0.303778,2.78479,11.9519,28217,121104,1,0
1978,0.421524,0.728681,7.98715,18.9483,80074,189963,1,0
1979,0.316066,0.462129,4.72954,14.964,58231,184237,1,0
1980,0.379365,0.611253,6.43707,16.968,74222,195648,1,0
1981,0.336914,0.508101,5.05063,14.9909,62565,185700,2,0
1982,0.344086,0.524589,6.87514,19.982,88697,257776,1,0
1983,0.00484394,0.00486752,0.0774201,15.9829,807,166600,1,0
1984,0.168148,0.202137,1.00524,5.97829,10101,60072,1,0
1985,0.262846,0.356569,115.9,441.016,1227756,4671007,1,0
1986,0.464566,0.867642,11.5966,24.963,187619,403859,1,0
1987,0.564747,1.29751,15.2364,26.9793,196603,348126,1,0
1988,0.0782041,0.0848388,3.35462,42.8984,42063,537862,1,0
1989,0.295354,0.419151,5.59737,18.9524,70907,240075,1,0
1990,0.233367,0.304405,4.19187,17.962,46371,198704,1,0
1991,0.286391,0.401327,48.0191,167.652,581117,2029106,2,0
1992,0.446375,0.806277,8.03404,17.9979,112566,252178,1,0
1993,0.156583,0.185653,1.72356,11.0077,19392,123845,1,0
1994,0.35989,0.562232,3.59639,9.99301,36391,101117,1,0
1995,0.0864814,0.0946685,0.948011,10.9618,10542,121899,1,0
1996,0.309127,0.447443,3.08102,9.96686,33041,106885,1,0
1997,0.281076,0.390968,4.48446,15.9547,45710,162625,1,0
1998,0.258527,0.348667,4.13104,15.9792,41483,160459,1,0
1999,0.241097,0.317692,222.524,922.973,2389012,9908913,2,0
2000,0.256672,0.345301,4.60582,17.9443,46221,180078,1,0
2001,0.223231,0.287384,1.3344,5.97758,17487,78336,1,0
2002,0.301841,0.432338,26.2124,86.8407,324594,1075381,2,0
2003,0.390923,0.641829,17.5544,44.9056,190654,487702,1,0
2004,0.271632,0.372932,16.5189,60.8172,224033,824767,1,0
2005,0.23761,0.311665,73.0117,307.276,758018,3190175,1,0
2006,0.275,0.379311,29.6369,107.761,360092,1309424,1,0
2007,0.565986,1.30407,2539.85,4487.92,30702707,54246424,4,0
2008,0.50129,1.00517,32.5316,64.895,367514,733136,2,0
2009,0.311611,0.452667,7.76572,24.9213,80410,258046,1,0
2010,0.376879,0.604825,12.4045,32.9139,124343,329928,1,0
2011,0.0726027,0.0782865,0.723335,9.96299,7398,101897,1,0
2012,0.347109,0.53165,6.92529,19.9513,69585,200470,1,0
2013,0.469562,0.885234,134.437,286.328,2091142,4453391,1,0
2014,0.321727,0.474332,6.1048,18.9752,65269,202871,1,0
2015,0.405026,0.680746,28.2764,69.8133,286635,707695,1,0
2016,0.192414,0.238259,1.34475,6.98884,14240,74007,1,0
2017,0.25022,0.333724,4.49291,17.9564,56334,225138,1,0
2018,0.502698,1.01085,21.0675,41.9085,252611,502510,1,0
2019,0.324309,0.479965,11.6192,35.8272,123174,379805,1,0
2020,0.348079,0.533929,4.17484,11.9939,43142,123943,1,0
2021,0.328441,0.489072,2.61858,7.9727,26585,80943,1,0
2022,0.0794461,0.0863025,2.53808,31.9465,30512,384059,1,0
2023,0.426029,0.742248,6.37725,14.9691,64344,151032,1,0
2024,0.403093,0.675303,32.1806,79.8327,405918,1007008,2,0
2025,0.372904,0.594651,8.17538,21.9238,84645,226989,1,0
2026,0.301418,0.431471,7.51417,24.9329,134873,447462,1,0
2027,0.211288,0.267889,2.95752,13.9976,29759,140846,1,0
2028,0.391578,0.643597,4.30645,10.9976,44488,113612,1,0
2029,0.33373,0.500894,8.64989,25.9183,105637,316534,1,0
2030,0.423798,0.735502,33.8531,79.8808,501089,1182377,1,0
2031,0.522099,1.09248,41.1651,78.8456,418127,800858,1,0
2032,0.560403,1.27481,45.293,80.8226,457139,815733,1,0
2033,0.455215,0.835586,28.149,61.8373,453861,997026,1,0
2034,0.320483,0.471633,24.2853,75.7762,394903,1232213,2,0
2035,0.379284,0.611044,3.40868,8.9871,35289,93041,1,0
2036,0.309394,0.448003,8.33236,26.9325,116311,375932,1,0
2037,0.44924,0.815674,7.18242,15.9881,85760,190900,1,0
2038,0.410984,0.697747,9.83769,23.937,99092,241109,1,0
2039,0.299829,0.428222,17.656,58.8943,304887,1016870,1,0
2040,0.34076,0.516899,6.80404,19.9674,69512,203991,1,0
2041,0.29067,0.409782,1.44615,4.97524,14587,50184,1,0
2042,0.247881,0.329577,1.72709,6.96741,17695,71385,1,0
2043,0.435056,0.770088,7.37745,16.9573,104424,240024,1,0
2044,0.398032,0.661217,27.4092,68.8624,420702,1056956,1,0
2045,0.399827,0.666186,86.576,216.536,1045663,2615289,2,0
2046,0.191554,0.23694,2.67049,13.9417,35506,185358,1,0
2047,0.4424,0.7934,45.8942,103.74,470344,1063165,1,0
2048,0.331706,0.496347,5.30288,15.987,88862,267894,1,0
2049,0.378124,0.608037,15.0996,39.9331,155404,410987,1,0
2050,0.304358,0.437521,3.94474,12.9605,46011,151174,1,0
2051,0.392723,0.646695,5.09058,12.9617,60510,154078,1,0
2052,0.397034,0.65847,17.8395,44.9306,218631,550660,1,0
2053,0.503156,1.0127,87.8524,174.603,881361,1751667,1,0
2054,0.383045,0.620863,3.05647,7.97941,30634,79975,1,0
2056,0.202202,0.253451,1.61473,7.98575,16802,83095,1,0
2057,0.324238,0.47981,10.3597,31.951,105149,324296,1,0
2058,0.287932,0.404359,6.89176,23.9354,69086,239939,1,0
2059,0.167908,0.201791,1.33768,7.96668,16679,99334,1,0
2060,0.320427,0.471513,8.00117,24.9704,99784,311409,1,0
2061,0.431366,0.758601,6.45639,14.9674,68862,159637,2,0
2062,0.432458,0.761984,62.568,144.691,825446,1908731,1,0
2063,0.0146635,0.0148817,0.0878508,5.99109,921,62809,1,0
2064,0.235095,0.307352,1.87554,7.97782,18801,79972,1,0
2065,0.180712,0.220572,1.98372,10.9771,20438,113097,1,0
2066,0.665928,1.99336,47.159,70.8157,649424,975217,1,0
2067,0.456113,0.838617,11.369,24.9267,148758,326143,2,0
2068,0.0102392,0.0103451,0.153356,14.9766,1901,185659,1,0
2069,0.21161,0.268408,2.95746,13.9761,37514,177279,1,0
2070,0.242367,0.3199,2.41148,9.94973,27418,113126,1,0
2071,0.190072,0.234677,4.36018,22.9393,47275,248722,1,0
2072,0.431376,0.758631,20.6348,47.8342,277046,642238,1,0
2073,0.054014,0.0570981,0.269541,4.99022,3023,55967,2,0
2074,0.21359,0.271601,11.9314,55.8611,120669,564957,1,0
2075,0.0585508,0.0621922,2.45366,41.9064,27079,462487,1,0
2076,0.314293,0.458348,5.95755,18.9554,64155,204125,1,0
2077,0.337934,0.510424,20.8938,61.8277,215649,638139,1,0
2078,0.177263,0.215456,2.82837,15.9558,28360,159988,1,0
2079,0.192027,0.237666,19.5414,101.762,210044,1093823,1,0
2080,0.267235,0.364693,31.9841,119.685,320915,1200874,2,0
2081,0.111573,0.125584,0.66852,5.99181,8704,78012,1,0
2082,0.405748,0.682787,34.4182,84.8281,429882,1059481,1,0
2083,0.284365,0.397361,5.39203,18.9618,59508,209266,1,0
2084,0.396244,0.656299,13.0568,32.9509,156421,394759,1,0
2085,0.141476,0.16479,3.53091,24.958,36632,258927,1,0
2086,0.391219,0.642627,8.96963,22.9271,108496,277328,1,0
2087,0.50386,1.01556,31.1621,61.8481,398741,791372,1,0
2088,0.279381,0.387697,4.17554,14.9455,47211,168984,1,0
2089,0.33251,0.498149,155.942,468.98,1615042,4857126,1,0
2090,0.393182,0.64794,21.9601,55.8523,220095,559779,1,0
2092,0.290637,0.409715,4.05759,13.961,40688,139996,1,0
2093,0.350644,0.539988,2.10354,5.9991,22612,64487,1,0
2094,0.227272,0.294116,2.49113,10.961,25296,111303,1,0
2095,0.298865,0.426258,11.9326,39.9268,127057,425132,1,0
2096,0.438167,0.779887,53.3628,121.785,723031,1650128,1,0
2097,0.512323,1.05054,4.60622,8.99091,55481,108293,1,0
2098,0.47403,0.901248,7.09298,14.9629,91392,192798,1,0
2099,0.45744,0.843114,9.57084,20.9227,98474,215272,1,0
2100,0.383777,0.622788,3.83387,9.98982,39846,103826,1,0
2101,0.293106,0.41464,2.92303,9.97263,29903,102021,1,0
2102,0.22614,0.292223,93.6574,414.113,1126761,4982590,1,0
2103,0.443288,0.796262,7.51388,16.9504,75871,171155,1,0
2104,0.278807,0.386592,5.56473,19.9582,70096,251414,1,0
2105,0.319203,0.468867,3.18184,9.96808,32876,102994,1,0
2106,0.367317,0.580571,6.96727,18.9687,111000,302191,1,0
2107,0.284994,0.398589,17.9085,62.8384,180207,632319,1,0
2108,0.427673,0.747254,13.6527,31.9232,139921,327168,1,0
2109,0.361825,0.566968,5.77957,15.9728,71366,197239,1,0
2110,0.406541,0.685035,40.5725,99.7959,625172,1537785,1,0
2111,0.414637,0.708342,6.20787,14.9718,62735,151301,1,0
2112,0.280564,0.389977,5.59962,19.9585,56611,201776,1,0
2113,0.238815,0.313742,5.24787,21.9727,85969,359981,1,0
2114,0.358614,0.559123,8.22722,22.9416,132577,369693,1,0
2115,0.380806,0.615003,25.0765,65.8498,258474,678755,1,0
2116,0.472525,0.895826,6.12377,12.9595,87008,184134,2,0
2117,0.490526,0.962807,89.0609,181.573,1086559,2215091,1,0
2118,0.347242,0.531962,7.61741,21.9369,76444,220146,1,0
2119,0.457879,0.844606,9.60411,20.9754,155133,338808,1,0
2120,0.324655,0.480725,6.15907,18.9709,63362,195167,1,0
2121,0.244096,0.32292,4.86533,19.932,48935,200474,1,0
2122,0.237689,0.3118,3.08438,12.9764,31754,133595,1,0
2123,0.33812,0.510849,5.73807,16.9704,84216,249071,1,0
2124,0.471518,0.89221,28.237,59.8858,322741,684473,1,0
2125,0.330358,0.493335,135.149,409.119,2126937,6438280,1,0
2126,0.366517,0.578573,13.9029,37.9321,180972,493762,1,0
2128,0.431895,0.760237,6.88811,15.9483,115280,266917,1,0
2129,0.205688,0.258951,2.25804,10.9782,26377,128238,1,0
2130,0.4958,0.983342,53.9209,108.755,554582,1118559,1,0
2131,0.343589,0.523436,4.80152,13.9747,56584,164685,1,0
2132,0.258282,0.348221,1.80579,6.99162,21963,85035,1,0
2133,0.326518,0.484821,4.88388,14.9575,48981,150010,1,0
2134,0.246293,0.326775,17.9326,72.8099,179733,729753,1,0
2135,0.0130972,0.013271,0.156985,11.9861,1579,120560,1,0
2136,0.481724,0.929475,13.4654,27.9527,145553,302150,2,0
2137,0.344682,0.525976,1.37166,3.97949,13941,40446,1,0
2138,0.311573,0.452587,5.59442,17.9554,56071,179961,1,0
2139,0.308037,0.445165,2.15491,6.99552,26790,86970,1,0
2140,0.466783,0.875409,6.05831,12.9786,77563,166165,1,0
2141,0.425132,0.739529,42.8109,100.701,478854,1126366,2,0
2142,0.301169,0.430961,10.2117,33.9103,131226,435722,1,0
2144,0.233319,0.304323,2.32611,9.96965,23341,100039,1,0
2145,0.382616,0.619738,3.05313,7.9796,31492,82307,1,0
2146,0.3811,0.615769,8.75405,22.9705,112961,296408,1,0
2147,0.49705,0.988268,29.2612,58.8702,479394,964479,1,0
2148,0.0305822,0.031547,0.304612,9.96039,3794,124059,1,0
2149,0.402406,0.673377,6.01961,14.9589,76668,190524,1,0
2150,0.206201,0.259764,3.49955,16.9718,39667,192371,1,0
2151,0.259875,0.351122,10.6338,40.9202,114659,441209,1,0
2152,0.214618,0.273266,2.56499,11.9512,32305,150523,1,0
2153,0.0472169,0.0495568,1.22486,25.9408,13732,290828,1,0
2154,0.205805,0.259137,2.25992,10.9809,22838,110969,1,0
2155,0.188035,0.23158,26.0805,138.692,286993,1526276,1,0
2156,0.238759,0.313644,6.42886,26.9265,68632,287453,1,0
2157,0.380763,0.61489,8.7398,22.9535,89935,236197,1,0
2158,0.153727,0.181652,1.99297,12.9643,19983,129990,1,0
2159,0.182833,0.223739,5.29399,28.9559,56762,310459,1,0
2160,0.244227,0.323149,31.4443,128.75,316952,1297774,1,0
2161,0.146607,0.171794,0.879244,5.99723,11471,78243,1,0
2162,0.449638,0.816987,8.09524,18.0038,101558,225866,1,0
2163,0.305951,0.44082,6.41271,20.9602,70730,231181,1,0
2164,0.451628,0.823579,14.4203,31.9296,174672,386761,1,0
2165,0.114085,0.128777,4.66914,40.9279,48402,424262,1,0
2166,0.355874,0.552492,18.1088,50.8849,219073,615591,1,0
2167,0.443925,0.798318,30.1318,67.8745,381704,859839,1,0
2168,0.473951,0.900963,14.6438,30.8975,164823,347764,1,0
2169,0.211737,0.268613,3.37558,15.9424,34979,165200,1,0
2170,0.377155,0.605535,10.5386,27.9423,105879,280731,2,0
2171,0.448669,0.813791,440.482,981.777,4513893,10060641,2,0
2172,0.308619,0.44638,5.23283,16.9556,52626,170521,1,0
2173,0.23907,0.314182,2.62161,10.966,28014,117179,1,0
2174,0.275776,0.380789,1.9259,6.9835,20432,74089,2,0
2175,0.487716,0.952041,9.71863,19.9269,98959,202903,1,0
2176,0.411844,0.700229,17.6721,42.9074,242079,587793,1,0
2177,0.351872,0.542905,4.206,11.9533,50121,142441,1,0
2178,0.411354,0.698814,12.72,30.9237,149396,363181,1,0
2179,0.534517,1.14831,10.1185,18.93,103893,194368,1,0
2180,0.423714,0.735249,11.4256,26.9654,117473,277246,1,0
2181,0.407215,0.686953,17.0636,41.9031,174473,428454,1,0
2182,0.298365,0.425242,5.05961,16.9579,60463,202648,1,0
2183,0.53401,1.14597,33.5742,62.8717,341136,638820,1,0
2184,0.320531,0.471738,6.40395,19.9797,88564,276304,1,0
2185,0.483739,0.937006,5.78914,11.9675,60599,125272,1,0
2186,0.331869,0.496712,43.039,129.678,770230,2320886,1,0
2187,0.375308,0.60079,5.61833,14.9699,56589,150780,1,0
2188,0.280668,0.390179,2.7944,9.95625,33356,118845,1,0
2189,0.445121,0.802195,13.7747,30.9465,198131,445117,1,0
2190,0.303268,0.435272,3.0241,9.97165,30530,100670,1,0
2191,0.474459,0.902801,143.433,302.313,1447233,3050281,1,0
2192,0.432153,0.761037,7.7707,17.9818,127129,294176,1,0
2193,0.334613,0.502885,6.33982,18.9468,101449,303183,1,0
2194,0.468076,0.879968,5.60877,11.9826,59360,126817,1,0
2195,0.401275,0.670215,32.8234,81.7994,469663,1170428,1,0
2196,0.455632,0.836991,5.91356,12.979,72912,160024,1,0
2197,0.382411,0.619201,6.48827,16.9667,65252,170633,1,0
2198,0.299514,0.427581,32.2711,107.734,555211,1853705,1,0
2199,0.343952,0.524279,3.77521,10.976,38599,112222,1,0
2200,0.530654,1.13062,15.8797,29.9247,159419,300420,1,0
2201,0.367081,0.579981,10.6106,28.9051,107713,293431,1,0
2202,0.409808,0.694363,6.94248,16.9407,103476,252499,1,0
2203,0.447918,0.811326,11.6272,25.958,140232,313075,1,0
2204,0.355516,0.551628,12.7566,35.8825,198078,557157,1,0
2205,0.252847,0.338415,3.53243,13.9701,44776,177087,1,0
2207,0.324912,0.481289,4.54092,13.9757,82092,252659,1,0
2208,0.21201,0.269052,3.38236,15.9534,39375,185722,1,0
2209,0.49852,0.994098,10.4367,20.9353,107791,216222,2,0
2210,0.401328,0.670365,12.8078,31.9128,152561,380140,1,0
2211,0.283012,0.394723,30.2153,106.77,368451,1301892,1,0
2212,0.489311,0.95814,9.2567,18.9178,93914,191931,1,0
2213,0.309743,0.448737,9.59377,30.9733,96158,310444,1,0
2214,0.11906,0.135152,1.42436,11.9634,14325,120317,1,0
2215,0.482688,0.93307,5.30223,10.9848,55820,115644,1,0
2216,0.16179,0.193019,4.03407,24.9339,40814,252265,1,0
2217,0.369476,0.585982,12.1716,32.943,122029,330276,1,0
2218,0.321088,0.472946,3.52151,10.9673,42392,132026,1,0
2219,0.318303,0.466928,6.03407,18.9571,74983,235571,1,0
2220,0.42556,0.740825,20.3799,47.8912,227420,534402,2,0
2221,0.52799,1.1186,179.14,339.263,2358403,4466755,2,0
2224,0.012461,0.0126182,0.584295,46.8975,6160,494343,1,0
2225,0.495115,0.980651,24.7151,49.9204,322889,652149,1,0
2226,0.0756823,0.0818791,1.81338,23.9599,22541,297837,1,0
2227,0.603639,1.52295,9.03226,14.9629,119532,198019,1,0
2228,0.553351,1.23889,10.4763,18.9326,137309,248141,1,0
2229,0.220182,0.28235,1.97885,8.98726,22577,102538,1,0
2230,0.308583,0.446304,19.6942,63.821,214535,695227,1,0
2231,0.441671,0.79106,14.1181,31.9659,177441,401749,1,0
2232,0.0775735,0.0840972,5.87856,75.7841,65867,849092,1,0
2233,0.19011,0.234736,4.73997,24.9328,47906,251991,1,0
2234,0.0216469,0.0221259,0.755977,34.9222,8423,389108,1,0
2235,0.108429,0.121616,1.40613,12.9683,15453,142517,1,0
2236,0.0842796,0.0920364,4.54031,53.8717,46811,555425,1,0
2237,0.219065,0.280516,2.18326,9.96628,21924,100080,1,0
2238,0.199635,0.24943,4.58333,22.9585,49108,245989,1,0
2239,0.233637,0.304866,47.5329,203.447,476756,2040580,1,0
2240,0.316173,0.462357,1.56952,4.9641,20592,65129,1,0
2241,0.34306,0.52221,69.8469,203.592,869228,2533747,1,0
2242,0.272859,0.37525,14.4306,52.886,158292,580123,2,0
2243,0.395729,0.654886,25.6619,64.8521,349649,883557,1,0
2244,0.210296,0.266297,3.98844,18.9661,41691,198249,1,0
2245,0.40764,0.688164,17.4948,42.9182,210903,517375,1,0
2246,0.422452,0.731459,59.8587,141.691,760869,1801077,4,0
2247,0.414864,0.709005,8.28373,19.9675,92036,221846,1,0
2248,0.177543,0.215869,1.59486,8.98289,16528,93093,1,0
2249,0.365316,0.575587,32.4617,88.8596,325759,891719,1,0
2251,0.323938,0.479155,20.6752,63.8246,207949,641940,1,0
2252,0.376855,0.604762,13.1571,34.9135,141137,374513,1,0
2253,0.368153,0.582662,36.7309,99.7699,375925,1021110,1,0
2254,0.337898,0.510341,4.3781,12.9569,46563,137802,1,0
2255,0.413047,0.703713,61.8186,149.661,846940,2050471,1,0
2256,0.312617,0.454793,4.37414,13.9921,52177,166904,1,0
2257,0.476732,0.911067,14.7519,30.9433,177668,372679,1,0
2258,0.37869,0.609502,89.1749,235.479,928004,2450565,2,0
2259,0.371636,0.591434,2.96422,7.97614,30615,82379,1,0
2260,0.343526,0.523291,3.42812,9.97911,35106,102193,1,0
2261,0.154014,0.182053,2.92223,18.9728,35101,227908,1,0
2262,0.329241,0.490849,2.9605,8.9919,29851,90666,1,0
2263,0.356262,0.553426,7.46218,20.9456,102878,288771,1,0
2264,0.352316,0.543964,136.393,387.145,2293978,6511130,1,0
2265,0.325044,0.481578,5.84774,17.9906,59002,181520,1,0
2266,0.47045,0.888396,13.1278,27.9052,137060,291338,1,0
2267,0.522037,1.09221,3.64655,6.98521,45152,86492,1,0
2268,0.415871,0.711951,104.565,251.43,1447348,3480279,1,0
2269,0.353169,0.545998,5.98901,16.9579,60472,171227,1,0
2270,0.374051,0.597573,17.5287,46.8622,177395,474254,2,0
2271,0.340069,0.51531,5.08839,14.9628,82885,243730,1,0
2272,0.314228,0.458211,6.27879,19.9812,100822,320856,1,0
2273,0.336477,0.507107,2.01411,5.98585,20764,61710,1,0
2274,0.33782,0.510163,20.5642,60.8716,286712,848713,2,0
2275,0.362432,0.568459,7.59863,20.9656,93860,258973,1,0
2276,0.469564,0.885242,146.642,312.297,1473044,3137046,1,0
2277,0.395318,0.653763,6.30579,15.9516,104502,264349,1,0
2278,0.345595,0.528105,9.30055,26.9117,93773,271338,1,0
2279,0.345738,0.528439,4.13205,11.9514,41557,120198,1,0
2280,0.251674,0.336316,4.01731,15.9624,41191,163668,1,0
2281,0.453986,0.831456,15.4127,33.9497,218229,480695,2,0
2282,0.40317,0.67552,8.854,21.9609,139549,346129,1,0
2283,0.426903,0.744904,7.24779,16.9774,86908,203578,1,0
2284,0.275558,0.380373,6.03911,21.9161,77334,280645,1,0
2285,0.364791,0.574285,3.27097,8.96671,33517,91880,2,0
2286,0.332227,0.497515,16.9206,50.9321,292245,879654,1,0
2287,0.273151,0.375802,3.00113,10.9871,35068,128383,1,0
2288,0.247851,0.329523,7.4197,29.9362,75359,304050,1,0
2289,0.324457,0.480291,25.5802,78.8382,301572,929466,1,0
2290,0.408222,0.689824,5.69607,13.9532,67780,166037,1,0
2291,0.471832,0.893338,5.64719,11.9686,56752,120280,1,0
2293,0.317364,0.464911,6.64653,20.9429,66644,209992,1,0
2294,0.271563,0.372802,4.06231,14.9591,42650,157054,1,0
2296,0.400415,0.667821,13.5959,33.9546,136287,340364,1,0
2297,0.120023,0.136393,1.55825,12.9826,19487,162361,1,0
2298,0.352663,0.54479,5.27707,14.9635,64982,184261,1,0
2299,0.284726,0.398066,8.25175,28.9813,87067,305792,1,0
2300,0.27355,0.376558,4.63875,16.9567,59376,217057,1,0
2301,0.229288,0.297502,1.6037,6.99424,16603,72411,1,0
2302,0.264759,0.360099,1.84846,6.98166,18535,70007,1,0
2303,0.439673,0.784672,15.7883,35.9089,166520,378736,1,0
2304,0.505081,1.02053,75.0814,148.661,966032,1912627,1,0
2306,0.537815,1.16364,128.776,239.435,1746114,3246681,1,0
2307,0.356473,0.553936,5.68502,15.9484,71809,201443,1,0
2309,0.496312,0.985356,14.3513,28.9154,155500,313311,1,0
2310,0.475141,0.905273,41.7324,87.827,584570,1230309,2,0
2311,0.152505,0.179948,29.6803,194.571,332567,2180700,1,0
2312,0.157363,0.18675,5.65209,35.9173,57102,362869,1,0
2313,0.143374,0.167371,1.57448,10.9817,17467,121828,1,0
2314,0.285125,0.398846,13.6478,47.8637,151406,531016,1,0
2315,0.364148,0.572693,979.954,2691.05,10112047,27769047,2,0
2316,0.154191,0.182299,1.38374,8.97422,13877,89999,1,0
2317,0.272375,0.374334,12.5094,45.9266,134455,493640,1,0
2318,0.265624,0.361701,11.9191,44.8721,119535,450015,1,0
2319,0.144597,0.16904,1.58782,10.981,20620,142603,1,0
2320,0.476622,0.910665,16.6441,34.9209,206059,432332,1,0
2321,0.367198,0.580274,5.49209,14.9567,59691,162558,1,0
2322,0.368537,0.583625,25.3571,68.8106,303108,822462,1,0
2323,0.256189,0.344428,653.199,2549.3,6764260,26403389,1,0
2324,0.349627,0.537579,480.665,1374.96,5801292,16592802,2,0
2325,0.395159,0.653327,33.9119,85.8195,431960,1093130,1,0
2326,0.410847,0.697353,6.97159,16.9687,77386,188357,1,0
2327,0.283822,0.396301,5.94524,20.947,61825,217830,1,0
2328,0.432995,0.763652,15.1411,34.9683,151814,350614,1,0
2330,0.255487,0.343159,2.03814,7.97745,20442,80012,1,0
2331,0.257597,0.346977,3.34311,12.9778,35706,138612,2,0
2332,0.389462,0.637899,15.1588,38.9225,153839,395004,1,0
2333,0.401929,0.672041,14.0435,34.9415,204560,508946,1,0
2334,0.430303,0.755318,343.871,799.179,4132071,9602712,1,0
2335,0.51908,1.07935,165.742,319.314,1946103,3749142,1,0
2336,0.50663,1.02688,19.1927,37.883,196548,387952,1,0
2337,0.479483,0.921166,3.82938,7.9865,39413,82199,1,0
2338,0.506389,1.02589,22.7324,44.8912,229938,454074,1,0
2339,0.215011,0.273904,3.64644,16.9598,43706,203273,1,0
2340,0.383969,0.623294,3.45506,8.99828,34844,90747,1,0
2341,0.233938,0.305378,7.0023,29.9331,86891,371427,1,0
2342,0.319331,0.469143,14.6586,45.9024,236446,740442,1,0
2343,0.36919,0.585264,5.51799,14.9462,55538,150432,1,0
2344,0.316673,0.463429,2.84909,8.99706,34886,110164,1,0
2345,0.468832,0.882643,11.2197,23.9314,169494,361524,1,0
2346,0.30947,0.448163,3.40102,10.9898,35931,116105,1,0
2347,0.439919,0.785456,6.59312,14.9871,67345,153085,1,0
2348,0.462876,0.861767,10.624,22.9522,107203,231602,1,0
2349,0.302527,0.433748,17.808,58.8677,292373,966435,1,0
2350,0.303738,0.43624,16.0722,52.9168,252471,831214,1,0
2351,0.252857,0.338432,1.51273,5.98255,15622,61782,1,0
2352,0.421682,0.729153,13.8854,32.9285,196126,465104,1,0
2353,0.514018,1.05769,14.8792,28.9458,183511,357013,1,0
2354,0.333067,0.499401,4.64679,13.9515,46660,140092,1,0
2355,0.387819,0.633504,10.0664,25.957,162974,420232,1,0
2356,0.380955,0.615392,5.325,13.978,54341,142644,1,0
2357,0.125066,0.142943,0.997385,7.97489,9997,79934,1,0
2358,0.204108,0.256452,2.64994,12.9833,27914,136761,1,0
2359,0.462938,0.861981,120.109,259.446,1685840,3641614,2,0
2360,0.38415,0.623773,20.3176,52.8895,327140,851594,1,0
2361,0.301584,0.431811,4.81395,15.9622,62012,205621,1,0
2362,0.514757,1.06082,49.328,95.8271,549436,1067369,1,0
2363,0.319871,0.47031,5.10645,15.9641,52631,164538,1,0
2364,0.24698,0.327986,5.9169,23.9564,103673,419763,1,0
2365,0.215319,0.274403,11.818,54.8863,137917,640524,1,0
2366,0.443092,0.795628,22.982,51.868,234809,529933,1,0
2367,0.299913,0.428394,3.29824,10.9971,39321,131108,1,0
2368,0.295158,0.418759,2.35398,7.97537,28775,97490,1,0
2369,0.449053,0.815055,47.9201,106.713,486142,1082595,1,0
2371,0.402607,0.673941,4.81925,11.9701,48302,119973,1,0
2372,0.299404,0.427356,2.99484,10.0026,31556,105396,1,0
2373,0.286911,0.402349,2.86249,9.97694,29252,101955,1,0
2374,0.311019,0.451418,6.52043,20.9648,65373,210190,1,0
2375,0.302342,0.433367,4.21955,13.9562,51582,170608,1,0
2376,0.403241,0.675719,6.03136,14.958,78501,194675,1,0
2377,0.299854,0.428274,29.0204,96.7839,306346,1021649,1,0
2378,0.014607,0.0148235,0.262092,17.9427,2747,188061,1,0
2379,0.230608,0.299727,1.37995,5.98398,13836,59998,1,0
2380,0.0078027,0.00786406,0.116816,14.9713,1231,157766,2,0
2381,0.385826,0.628203,33.1128,85.8233,431256,1117748,1,0
2382,0.334799,0.503306,4.01058,11.9793,49634,148250,1,0
2383,0.599512,1.49695,14.9705,24.9709,200222,333975,1,0
2384,0.397129,0.658729,15.4481,38.8985,196236,494137,1,0
2385,0.0960261,0.106227,1.05535,10.99,12384,128965,1,0
2386,0.0281983,0.0290165,0.506202,17.9515,6106,216538,1,0
2387,0.481579,0.928935,22.5924,46.9126,314802,653687,2,0
2388,0.348226,0.534274,3.47626,9.98275,38979,111936,2,0
2389,0.169103,0.203518,10.7942,63.8313,120107,710261,1,0
2390,0.134161,0.154949,2.1415,15.9626,23748,177011,1,0
2391,0.200374,0.250585,23.186,115.713,240367,1199592,1,0
2392,0.263494,0.357762,18.1418,68.8506,182069,690980,1,0
2393,0.25431,0.341041,14.7185,57.8773,158294,622444,1,0
2394,0.238936,0.31395,5.47929,22.932,54968,230053,1,0
2395,0.248163,0.330076,2.2303,8.98712,29254,117882,1,0
2396,0.296177,0.420812,9.1589,30.9226,116110,392029,1,0
2397,0.447615,0.810331,11.165,24.9437,137215,306547,1,0
2398,0.159588,0.189892,5.09582,31.9309,52795,330821,1,0
2399,0.331178,0.495167,41.6356,125.717,497140,1501125,1,0
2400,0.524122,1.10138,21.9627,41.9031,278146,530689,1,0
2401,0.439601,0.784443,60.0962,136.703,663471,1509257,1,0
2402,0.163066,0.194838,1.9475,11.943,20253,124201,1,0
2403,0.330092,0.492743,22.7376,68.8825,227940,690534,1,0
2404,0.393456,0.648686,8.63846,21.9553,87136,221463,1,0
2405,0.290195,0.408838,2.32561,8.014,23547,81142,1,0
2406,0.403942,0.67769,17.3322,42.9077,184892,457719,2,0
2407,0.373956,0.597333,4.10895,10.9878,41790,111751,1,0
2408,0.380952,0.615383,55.8912,146.714,771587,2025419,1,0
2409,0.329074,0.490478,3.61885,10.997,43578,132426,1,0
2410,0.428384,0.749425,21.364,49.8707,275332,642723,1,0
2411,0.420363,0.725217,21.3993,50.9068,214667,510671,1,0
2412,0.368214,0.582815,3.6761,9.9836,37834,102750,1,0
2413,0.411274,0.698584,4.51483,10.9777,45672,111050,1,0
2414,0.186049,0.228575,2.41047,12.9559,28933,155513,1,0
2415,0.537271,1.16109,15.0053,27.9286,151171,281368,1,0
2416,0.440685,0.787901,7.91324,17.957,105028,238329,1,0
2417,0.333587,0.50057,9.65077,28.9298,154867,464248,1,0
2418,0.461893,0.858366,5.98564,12.959,60544,131078,1,0
2419,0.374344,0.598322,5.59874,14.9564,69534,185749,1,0
2420,0.304055,0.436894,7.58036,24.9309,120000,394666,1,0
2421,0.393344,0.64838,4.3163,10.9733,43918,111653,1,0
2422,0.515175,1.0626,16.9591,32.9191,171190,332295,1,0
2423,0.364605,0.573823,16.3588,44.8665,264583,725671,1,0
2424,0.410276,0.695709,10.629,25.907,171806,418757,1,0
2425,0.295162,0.418767,1.767,5.98656,18213,61705,1,0
2426,0.367476,0.580968,16.1362,43.9154,223151,607253,1,0
2427,0.37079,0.589294,5.1806,13.9723,64883,174986,1,0
2428,0.331786,0.496527,3.30777,9.96956,33383,100616,1,0
2429,0.304998,0.438845,4.26261,13.9758,72843,238831,1,0
2430,0.276083,0.381374,2.76067,9.99939,28621,103668,1,0
2431,0.353952,0.547871,14.4651,40.8675,144975,409590,1,0
2432,0.165719,0.198636,1.32456,7.99286,13458,81210,1,0
2433,0.376189,0.60305,11.2627,29.9391,164169,436400,1,0
2434,0.297415,0.423314,6.52951,21.9544,99238,333669,1,0
2435,0.217278,0.277593,5.19927,23.9303,65282,300454,1,0
2436,0.509118,1.03715,67.0304,131.663,769220,1510887,1,0
2437,0.224276,0.289118,3.36011,14.9822,34338,153106,1,0
2438,0.196911,0.245192,6.49131,32.9647,116312,590683,2,0
2439,0.275792,0.380818,2.20178,7.98346,25757,93393,1,0
2440,0.481247,0.927698,20.6625,42.9356,210427,437254,1,0
2441,0.336703,0.507619,4.69693,13.9498,58395,173432,1,0
2442,0.469106,0.883616,14.0257,29.8987,140859,300271,1,0
2443,0.06564,0.0702513,0.525293,8.00264,5281,80454,1,0
2444,0.191284,0.236528,20.4451,106.883,204945,1071417,1,0
2445,0.48034,0.924334,20.1348,41.9174,207367,431709,1,0
2446,0.189367,0.233604,3.21294,16.9667,32366,170917,1,0
2447,0.116795,0.132241,9.90134,84.7753,99239,849682,1,0
2448,0.306387,0.441726,69.0911,225.495,857941,2800186,2,0
2449,0.407943,0.689026,4.8808,11.9646,62414,152997,1,0
2450,0.306216,0.441371,6.41009,20.9329,67144,219270,1,0
2452,0.225717,0.291518,3.83271,16.98,39059,173044,1,0
2453,0.309527,0.448282,8.64606,27.9333,88689,286531,1,0
2454,0.581911,1.39184,127.138,218.487,1654824,2843774,1,0
2455,0.0255249,0.0261935,0.30528,11.9604,3777,147973,1,0
2456,0.490194,0.96153,15.652,31.9301,212525,433553,1,0
2457,0.272832,0.375197,227.043,832.173,2508716,9195111,1,0
2458,0.135996,0.157402,1.08418,7.97265,13124,96503,1,0
2459,0.20418,0.256566,3.26066,15.9686,40843,200034,1,0
2460,0.0195203,0.019909,0.681055,34.8918,7594,389030,2,0
2461,0.238249,0.312766,7.84644,32.9333,84757,355749,2,0
2462,0.347042,0.531491,12.1172,34.9157,123002,354430,1,0
2463,0.263656,0.35806,10.2552,38.896,102956,390494,1,0
2464,0.174331,0.211139,5.39125,30.9256,57785,331467,1,0
2465,0.199054,0.248523,22.6366,113.719,227863,1144732,1,0
2466,0.186757,0.229645,1.30322,6.97807,16951,90765,1,0
2467,0.409955,0.694785,6.94537,16.9416,87322,213004,1,0
2468,0.457238,0.842428,16.4282,35.9297,198706,434579,1,0
2469,0.175572,0.212962,2.10468,11.9876,21782,124063,1,0
2470,0.487705,0.952001,26.7665,54.8823,302626,620510,1,0
2471,0.436318,0.774051,338.71,776.294,4035880,9249855,1,0
2472,0.398046,0.661258,33.7621,84.8216,368267,925186,1,0
2473,0.318919,0.468255,4.44996,13.9532,46095,144535,2,0
2474,0.376245,0.603193,8.63083,22.9394,86513,229938,1,0
2475,0.461652,0.857535,3.69136,7.99599,37193,80565,1,0
2476,0.316385,0.462813,5.67941,17.9509,56944,179983,1,0
2478,0.498968,0.995882,5.96542,11.9555,60697,121645,1,0
2479,0.384526,0.624764,18.4138,47.888,252979,657898,1,0
2480,0.368678,0.583977,5.51894,14.9695,66414,180141,1,0
2481,0.474229,0.901968,8.98794,18.9523,115800,244186,2,0
2482,0.500677,1.00271,27.9862,55.8961,292471,584151,1,0
2483,0.446386,0.806314,12.9106,28.9223,133224,298450,1,0
2484,0.372365,0.593282,3.71769,9.98402,37712,101277,1,0
2485,0.267664,0.365493,3.46232,12.9354,40944,152968,1,0
2486,0.425479,0.740579,14.0149,32.939,141458,332468,1,0
2487,0.239212,0.314426,3.8103,15.929,47306,197758,1,0
2488,0.364501,0.573567,21.8301,59.8844,370751,1017146,1,0
2489,0.357776,0.55709,7.85394,21.9521,79138,221194,1,0
2490,0.394673,0.651999,13.3852,33.9145,166143,420964,1,0
2491,0.436742,0.775387,9.58711,21.9514,146424,335264,1,0
2492,0.413329,0.704532,4.94244,11.9576,50615,122457,1,0
2493,0.466429,0.874166,4.18483,8.97209,42856,91881,1,0
2494,0.3422,0.52022,18.0891,52.8629,295578,863757,1,0
2495,0.405912,0.683253,17.0268,41.9458,278936,687183,2,0
2496,0.419814,0.723584,11.3116,26.9438,118531,282342,2,0
2497,0.40659,0.685175,7.71297,18.97,106949,263039,1,0
2498,0.463584,0.864224,19.414,41.877,233357,503376,1,0
2499,0.280181,0.389238,4.74801,16.9462,47649,170065,2,0
2500,0.301811,0.432277,9.02117,29.8909,142650,472647,2,0
2501,0.358664,0.559245,5.73019,15.9764,58945,164346,1,0
2502,0.357477,0.556364,3.91685,10.957,39380,110161,1,0
2504,0.501636,1.00656,9.02011,17.9813,128181,255526,1,0
2505,0.256039,0.344156,1.78795,6.98304,22769,88928,1,0
2506,0.403478,0.676383,6.84368,16.9618,102587,254257,1,0
2507,0.455784,0.837507,7.28074,15.9738,85960,188598,1,0
2508,0.191998,0.23762,4.79256,24.9616,48908,254732,1,0
2509,0.294847,0.418132,4.12016,13.9741,67591,229241,1,0
2510,0.209247,0.264618,6.67873,31.9175,78564,375460,1,0
2511,0.326296,0.484332,5.52941,16.9463,56074,171850,1,0
2512,0.354333,0.548786,5.30061,14.9594,63787,180020,1,0
2513,0.410527,0.696431,6.13609,14.9469,62371,151929,1,0
2514,0.0433959,0.0453645,6.9265,159.612,69431,1599945,1,0
2515,0.210153,0.266069,3.55955,16.9379,37575,178798,1,0
2516,0.299752,0.428066,1.49401,4.98416,15258,50902,1,0
2517,0.307292,0.44361,6.12598,19.9354,61397,199800,1,0
2518,0.287109,0.40274,20.3428,70.8504,244295,850878,1,0
2519,0.256526,0.345037,1.53529,5.98489,18740,73053,1,0
2520,0.351892,0.542952,3.86673,10.9884,40558,115257,1,0
2521,0.0487712,0.0512718,0.680784,13.9586,7043,144409,1,0
2522,0.254632,0.341619,1.01567,3.98879,10184,39995,1,0
2524,0.530366,1.12932,14.282,26.9292,183181,345386,1,0
2526,0.507488,1.03041,14.1903,27.9624,192268,378862,1,0
2527,0.161291,0.192309,2.89661,17.9607,35812,222033,1,0
2528,0.13805,0.16016,3.30489,23.94,39970,289533,2,0
2529,0.339862,0.514835,5.08345,14.9574,71021,208970,1,0
2530,0.124883,0.142705,2.36675,18.9516,26194,209748,1,0
2531,0.322562,0.47615,1.9299,5.98294,20893,64772,1,0
2532,0.327882,0.487835,22.2545,67.873,230221,702145,1,0
2533,0.166369,0.199572,6.63692,39.8928,66537,399936,1,0
2534,0.383755,0.62273,6.13269,15.9807,65906,171740,1,0
2535,0.299983,0.428537,11.9727,39.9112,120058,400216,1,0
2536,0.258683,0.348951,4.38564,16.9535,57095,220714,1,0
2537,0.403517,0.676493,36.6495,90.8241,453074,1122813,1,0
2538,0.379655,0.612007,13.6497,35.9526,167963,442409,1,0
2539,0.157155,0.186458,2.82491,17.9747,29423,187223,1,0
2540,0.489245,0.957885,35.6188,72.8036,378219,773067,1,0
2541,0.485294,0.942855,15.4974,31.9344,197942,407881,1,0
2542,0.347779,0.533222,15.6134,44.8953,167227,480843,1,0
2543,0.236462,0.309692,2.82744,11.9572,29243,123669,1,0
2544,0.418958,0.721047,158.84,379.132,1591974,3799838,1,0
2545,0.325886,0.48343,11.3808,34.9226,114421,351107,1,0
2546,0.365057,0.574945,8.73661,23.9324,88894,243507,1,0
2547,0.250584,0.334372,1.99931,7.9786,21458,85632,1,0
2548,0.500705,1.00282,15.9863,31.9276,163447,326434,1,0
2549,0.396908,0.658123,24.1619,60.8751,333224,839549,1,0
2550,0.376048,0.602689,3.37257,8.96849,40394,107417,1,0
2551,0.459485,0.850089,10.5653,22.9937,136299,296634,1,0
2552,0.470255,0.887701,7.049,14.9898,73333,155943,1,0
2553,0.369135,0.585126,4.41345,11.9562,45318,122768,1,0
2554,0.13139,0.151265,1.04858,7.98072,12620,96050,1,0
2555,0.40179,0.671654,8.01601,19.9508,81479,202790,1,0
2556,0.258837,0.349231,13.1648,50.8582,181988,703099,1,0
2557,0.288564,0.405608,9.49905,32.9158,160608,556577,1,0
2558,0.499869,0.999475,65.8242,131.683,668725,1337801,1,0
2559,0.387357,0.632272,11.601,29.9491,142571,368061,1,0
2560,0.40725,0.687053,11.0003,27.0087,175000,429711,1,0
2561,0.324003,0.479296,5.49398,16.9565,55467,171193,1,0
2562,0.336165,0.506399,8.0409,23.9192,132399,393851,1,0
2563,0.363416,0.570885,9.07811,24.9797,139932,385046,1,0
2565,0.405333,0.681614,7.2617,17.9152,100915,248968,1,0
2566,0.312309,0.454142,2.80064,8.96754,28249,90452,1,0
2567,0.354518,0.549229,16.9522,47.8211,282486,796818,1,0
2568,0.231738,0.30164,3.23554,13.962,33390,144085,1,0
2569,0.219548,0.281309,1.96918,8.96925,19776,90076,1,0
2570,0.252735,0.338214,2.77473,10.9788,28575,113063,1,0
2571,0.364855,0.574443,21.8259,59.8239,321653,881592,1,0
2572,0.270713,0.371203,1.61995,5.98383,21261,78537,1,0
2573,0.456237,0.839035,80.1214,175.637,1165171,2553874,1,0
2574,0.385014,0.626053,8.44728,21.94,97000,251939,1,0
2575,0.458893,0.848065,32.0433,69.8271,330456,720115,1,0
2576,0.277391,0.383874,427.556,1541.47,7615217,27453043,4,0
2577,0.286641,0.401819,10.5799,36.9126,123821,431972,1,0
2578,0.420742,0.726348,5.45737,12.9708,55883,132820,1,0
2579,0.372797,0.594381,4.46615,11.98,55385,148566,1,0
2580,0.365739,0.576637,17.8768,48.8785,179231,490052,1,0
2581,0.0503798,0.0530526,2.71893,53.9687,27257,541030,1,0
2582,0.347638,0.532891,4.5073,12.9655,47018,135250,1,0
2583,0.299065,0.426666,1.7928,5.99469,18327,61281,1,0
2584,0.0548442,0.0580267,1.96897,35.9011,19734,359819,1,0
2585,0.356714,0.55452,9.96733,27.9413,121391,340303,1,0
2586,0.301689,0.432026,2.71572,9.00171,33816,112089,1,0
2587,0.317069,0.464276,3.78963,11.9521,39710,125241,1,0
2588,0.153826,0.18179,0.923188,6.00147,9544,62044,1,0
2589,0.269428,0.36879,2.418,8.97457,24245,89987,1,0
2590,0.464277,0.866638,40.3182,86.8398,520540,1121183,1,0
2591,0,0,0,9.99549,0,123338,1,0
2592,0.563604,1.2915,52.8612,93.7885,723177,1283129,1,0
2593,0.120045,0.136422,1.31719,10.9725,14828,123520,1,0
2594,0.313611,0.456901,23.7857,75.8443,257958,822540,2,0
2595,0.177829,0.216292,3.1959,17.9701,44499,250235,1,0
2596,0.0406107,0.0423297,1.94423,47.8739,21664,533456,1,0
2597,0.365051,0.57493,74.6709,204.566,806792,2210080,2,0
2598,0.317458,0.465111,5.06879,15.9668,53264,167783,1,0
2599,0.230046,0.298779,6.8981,29.9857,69229,300935,1,0
2600,0.275239,0.379766,10.9942,39.9448,117658,427475,1,0
2601,0.201771,0.252774,5.04498,25.0035,50673,251141,1,0
2602,0.148614,0.174556,1.48148,9.96882,19275,129698,1,0
2603,0.348039,0.533835,15.9687,45.8817,194918,560046,1,0
2604,0.405319,0.681574,33.5617,82.81,451220,1113246,1,0
2605,0.0889738,0.0976632,2.13159,23.9554,22180,249287,1,0
2606,0.408625,0.690974,14.6765,35.9171,166014,406275,1,0
2607,0.414198,0.707062,40.0932,96.7942,509923,1231109,2,0
2608,0.302714,0.434133,3.02149,9.98112,32385,106982,1,0
2609,0.41034,0.695893,4.50277,10.9732,46677,113752,1,0
2610,0.36224,0.567989,14.0924,38.9034,141240,389907,1,0
2611,0.261309,0.353746,2.34533,8.97529,23591,90280,1,0
2612,0.285513,0.399606,3.70253,12.968,37762,132260,1,0
2613,0.369327,0.585608,9.20559,24.9253,98275,266092,1,0
2614,0.536894,1.15933,74.4671,138.701,757995,1411814,2,0
2615,0.388012,0.634018,21.2852,54.8588,294303,758490,1,0
2616,0.487238,0.950222,21.3919,43.9052,263126,540036,1,0
2617,0.534842,1.14981,22.9445,42.9007,274581,513387,1,0
2618,0.451244,0.822304,112.115,248.457,1199442,2658078,1,0
2619,0.281339,0.391477,3.64983,12.9729,42644,151575,1,0
2620,0.427964,0.748142,3.84823,8.99195,39160,91503,1,0
2621,0.17551,0.212871,3.49986,19.9403,43296,246687,1,0
2622,0.367431,0.580855,9.53103,25.9375,159759,434800,1,0
2623,0.443097,0.795645,11.0551,24.9494,112793,254556,1,0
2624,0.412024,0.700751,4.1021,9.95611,50302,122085,1,0
2625,0.40104,0.669561,32.8181,81.8376,490625,1223381,1,0
2626,0.328916,0.490127,3.28189,9.9779,33138,100749,1,0
2627,0.408837,0.691581,39.9667,97.7572,642690,1571996,1,0
2628,0.384544,0.624811,22.6492,58.899,378476,984221,1,0
2629,0.42077,0.726429,4.19653,9.9735,43301,102909,2,0
2630,0.403715,0.67705,10.4706,25.9359,147624,365664,1,0
2631,0.326661,0.485136,3.58212,10.9659,36131,110607,1,0
2632,0.324634,0.480678,6.47434,19.9447,109024,335837,1,0
2633,0.292166,0.41276,2.04489,6.99909,20612,70549,1,0
2634,0.414388,0.707615,29.7599,71.8164,299426,722574,1,0
2635,0.235585,0.30819,4.46365,18.9473,45580,193476,1,0
2636,0.433874,0.766391,6.05581,13.9576,86895,200277,1,0
2637,0.348369,0.534611,441.117,1266.14,5856235,16810425,1,0
2638,0.462197,0.859417,9.21899,19.9468,134412,290811,1,0
2639,0.357226,0.555757,12.4777,34.9296,143352,401292,1,0
2640,0.244647,0.323885,5.6083,22.9242,57964,236929,1,0
2641,0.312423,0.454383,4.99242,15.9792,89519,286531,2,0
2642,0.286637,0.401812,3.72008,12.9783,43425,151498,1,0
2643,0.305616,0.440126,3.9581,12.9511,40147,131364,1,0
2644,0.473648,0.89987,5.19684,10.9721,63592,134260,1,0
2645,0.395285,0.653671,7.88803,19.9553,79106,200124,2,0
2646,0.435411,0.7712,3.47053,7.97071,35904,82460,1,0
2647,0.261057,0.353285,2.86425,10.9717,29240,112006,1,0
2648,0.261829,0.3547,4.96972,18.9806,62085,237120,1,0
2649,0.235375,0.30783,1.40893,5.98591,14122,59998,1,0
2650,0.332735,0.498655,5.97717,17.9641,75434,226709,1,0
2651,0.256851,0.345626,2.82025,10.9801,29494,114829,1,0
2652,0.0568854,0.0603166,1.92956,33.9184,20216,355381,1,0
2654,0.290481,0.409405,13.9014,47.8561,180482,621322,1,0
2655,0.278732,0.386447,7.79275,27.958,97368,349325,1,0
2656,0.333189,0.499676,4.99224,14.9837,73149,219542,1,0
2657,0.0846483,0.0924763,0.929151,10.977,10423,123133,1,0
2658,0.145899,0.170822,2.76759,18.9693,33408,228980,1,0
2659,0.556311,1.25383,197.028,354.206,2739301,4924050,2,0
2660,0.122838,0.14004,6.61738,53.8731,73064,594800,1,0
2661,0.293251,0.41493,3.51482,11.9857,38247,130424,1,0
2662,0.324048,0.479394,9.37789,28.9397,97096,299635,1,0
2663,0.196517,0.244581,2.16261,11.0047,21677,110306,1,0
2664,0.214959,0.273818,5.36446,24.9562,57556,267754,1,0
2665,0.27052,0.370839,15.9119,58.8197,159831,590829,1,0
2666,0.275598,0.380449,1.09878,3.9868,14384,52192,1,0
2667,0.41934,0.722179,79.4938,189.572,974600,2324126,1,0
2668,0.361476,0.566111,24.8813,68.8345,300957,832579,2,0
2669,0.331706,0.496347,9.59229,28.9176,100873,304104,1,0
2670,0.474271,0.902121,17.5028,36.9048,183366,386627,1,0
2671,0.40549,0.682056,74.4606,183.631,896003,2209682,1,0
2672,0.269548,0.369014,14.5229,53.8808,154027,571428,1,0
2673,0.328356,0.488883,7.86062,23.9394,82345,250780,1,0
2674,0.369203,0.585296,3.68242,9.97398,36907,99964,1,0
2675,0.265357,0.361206,2.91105,10.9702,29564,111412,2,0
2676,0.385515,0.62738,89.6146,232.455,903513,2343649,1,0
2677,0.167649,0.201416,2.00523,11.9609,21478,128113,1,0
2678,0.422427,0.731383,11.8,27.9336,120153,284435,1,0
2679,0.398133,0.661497,68.7419,172.656,945668,2375255,2,0
2680,0.501389,1.00557,11.0088,21.9569,134660,268574,1,0
2681,0.535592,1.15328,14.4255,26.9337,171261,319760,1,0
2682,0.448056,0.811779,12.0682,26.935,139341,310990,1,0
2683,0.275417,0.380104,5.76945,20.9483,68857,250010,1,0
2684,0.405058,0.680835,5.25419,12.9715,53195,131327,1,0
2685,0.35689,0.554944,8.53889,23.9256,116264,325770,1,0
2686,0.359872,0.562188,9.68676,26.9173,162053,450307,1,0
2687,0.410306,0.695795,4.49917,10.9655,45736,111468,1,0
2688,0.331512,0.495912,20.5015,61.8403,311790,940510,2,0
2689,0.397641,0.66014,4.36258,10.9713,53775,135235,1,0
2690,0.543101,1.18867,12.9878,23.9142,131004,241215,1,0
2691,0.491141,0.965183,10.7786,21.9462,174561,355419,1,0
2692,0.308687,0.446524,9.54446,30.9191,151639,491238,2,0
2693,0.282452,0.393634,1.69112,5.98734,17425,61692,1,0
2694,0.430608,0.756261,21.0608,48.9079,300786,698514,1,0
2695,0.413291,0.704423,27.6382,66.8732,280711,679209,1,0
2696,0.320149,0.47091,7.03793,21.9837,120486,376344,1,0
2697,0.278907,0.386784,3.33802,11.9682,34937,125264,1,0
2698,0.318644,0.467662,3.81574,11.9749,38555,120997,1,0
2699,0.443795,0.797897,16.8172,37.8943,173577,391120,1,0
2700,0.402462,0.673533,20.0963,49.9333,287043,713218,2,0
2701,0.281525,0.391838,8.14749,28.9411,103402,367292,1,0
2702,0.238175,0.312638,4.99278,20.9627,76601,321616,1,0
2703,0.444124,0.798962,27.9222,62.8705,316870,713472,2,0
2704,0.10595,0.118506,1.5847,14.9572,16264,153506,1,0
2705,0.34585,0.528702,8.98224,25.9703,159638,461581,1,0
2706,0.157006,0.186248,2.81583,17.9343,32772,208731,1,0
2707,0.490568,0.962972,5.37913,10.9651,55576,113289,1,0
2708,0.389309,0.637491,5.8215,14.9536,72461,186127,1,0
2709,0.451623,0.823563,4.5024,9.96938,45179,100037,2,0
2710,0.289875,0.408203,3.17935,10.968,33429,115322,1,0
2711,0.152116,0.179407,1.66863,10.9695,17133,112631,1,0
2712,0.265679,0.361802,3.1866,11.9941,38249,143967,1,0
2713,0.175619,0.213031,0.704107,4.00929,7069,40252,1,0
2714,0.354658,0.549566,4.24734,11.9759,51413,144965,1,0
2715,0.35702,0.555258,7.83548,21.9466,86311,241754,1,0
2717,0.26091,0.353015,3.12144,11.9637,31317,120030,1,0
2718,0.552774,1.236,16.5559,29.9503,214773,388537,1,0
2719,0,0,0,4.99066,0,61809,1,0
2720,0.496963,0.987926,45.1384,90.8347,709898,1428472,1,0
2721,0.239746,0.31535,2.15731,8.99856,24305,101378,1,0
2722,0.297,0.422476,2.07432,6.98415,22635,76212,1,0
2723,0.377478,0.606369,3.0114,7.97768,42065,111437,2,0
2724,0.0632325,0.0675007,2.65041,41.9159,29156,461092,1,0
2725,0.210132,0.266034,2.30436,10.9664,25331,120548,1,0
2726,0.288855,0.406182,5.19097,17.9708,52482,181690,1,0
2727,0.164063,0.196263,1.14542,6.98159,11480,69973,1,0
2728,0.153665,0.181565,4.60021,29.9363,49240,320437,2,0
2729,0.228809,0.296695,5.24972,22.9437,52796,230743,1,0
2730,0.108787,0.122066,0.65024,5.97718,8446,77638,1,0
2731,0.336894,0.508054,5.36644,15.9295,66962,198763,1,0
2732,0.46996,0.88665,77.8492,165.647,928296,1975266,1,0
2733,0.13583,0.15718,3.3892,24.9516,35190,259073,1,0
2734,0.363031,0.569935,253.951,699.468,2869568,7904473,1,0
2735,0.379813,0.612416,50.0137,131.679,597322,1572675,1,0
2736,0.477582,0.914174,23.3462,48.8852,273819,573345,1,0
2737,0.169794,0.204521,1.52304,8.96992,15843,93307,1,0
2738,0.391081,0.642254,14.8343,37.9316,148678,380172,1,0
2739,0.2163,0.275999,1.29652,5.99408,13068,60416,1,0
2740,0.285391,0.399367,9.398,32.9301,96832,339296,1,0
2741,0.113936,0.128587,1.59054,13.9598,17001,149215,1,0
2742,0.47322,0.898324,15.1247,31.9614,153935,325293,2,0
2743,0.357637,0.556751,28.1924,78.8355,388671,1086776,1,0
2744,0.400944,0.669292,5.98829,14.9354,72900,181821,1,0
2745,0.506947,1.02818,13.1493,25.9379,147631,291216,1,0
2746,0.523937,1.10056,25.088,47.8834,271630,518440,1,0
2747,0.179597,0.218913,36.3754,202.539,439729,2448423,2,0
2748,0.501593,1.00639,53.0523,105.768,536549,1069689,1,0
2749,0.174168,0.210901,10.0686,57.8117,125532,720751,1,0
2750,0.360739,0.564307,10.0728,27.9227,175538,486606,1,0
2751,0.378874,0.60998,3.78183,9.98174,38530,101696,1,0
2752,0.360512,0.563751,25.8996,71.8416,395894,1098144,2,0
2753,0.351719,0.54254,5.26975,14.9832,65496,186217,1,0
2754,0.388445,0.635175,5.42238,13.9592,54740,140921,1,0
2755,0.439461,0.783998,7.8908,17.9559,128520,292449,2,0
2756,0.337168,0.508679,16.8182,49.8805,251921,747167,2,0
2757,0.321868,0.47464,2.25317,7.00028,23376,72626,1,0
2758,0.423502,0.734612,5.07647,11.9868,71682,169260,1,0
2759,0.313099,0.455813,3.74328,11.9556,37987,121326,1,0
2760,0.403702,0.677013,6.447,15.9693,106507,263826,1,0
2761,0.371613,0.591376,12.2385,32.9336,126836,341312,1,0
2762,0.190028,0.234611,1.706,8.97764,17105,90013,1,0
2763,0.173936,0.210561,2.77388,15.9476,28719,165112,1,0
2764,0.477967,0.915587,13.8203,28.9147,196832,411811,1,0
2765,0.210133,0.266035,1.88594,8.97505,24687,117483,1,0
2766,0.31842,0.46718,19.7026,61.8725,303563,953341,2,0
2767,0.489561,0.959097,13.208,26.9795,148426,303182,1,0
2769,0.0137724,0.0139647,0.0690157,5.01166,1305,94755,2,0
2770,0.187334,0.230518,2.8058,14.9778,32805,175115,1,0
2771,0.381771,0.617524,16.7563,43.8909,172811,452656,1,0
2772,0.408639,0.691014,9.7796,23.9328,116480,285044,1,0
2773,0.346165,0.529439,5.17907,14.9613,51921,149989,1,0
2774,0.431819,0.760001,18.531,42.9137,195128,451875,1,0
2775,0.173017,0.209214,1.20766,6.98009,12211,70577,1,0
2776,0.36707,0.579953,10.257,27.9443,124285,338587,1,0
2777,0.289546,0.407551,2.88808,9.97449,28950,99984,1,0
2778,0.371255,0.59047,9.25249,24.9225,111378,300004,1,0
2779,0.420201,0.724736,7.53987,17.9435,84294,200604,1,0
2781,0.413786,0.70586,8.26149,19.9657,83084,200790,1,0
2782,0.609949,1.56377,61.4896,100.815,806062,1321523,1,0
2783,0.015045,0.0152748,0.0750219,4.98735,931,61881,1,0
2784,0.398116,0.661448,26.6038,66.8278,414541,1041258,2,0
2785,0.27812,0.385272,2.50206,8.99621,28294,101733,2,0
2786,0.0226795,0.0232058,0.679363,29.9555,8180,360678,1,0
2787,0.396513,0.657038,39.5736,99.7866,531613,1340719,1,0
2788,0.021703,0.0221845,0.670892,30.9122,7462,343823,1,0
2789,0.246734,0.327553,2.95503,11.9766,31392,127230,1,0
2790,0.398603,0.662795,67.621,169.649,696637,1747697,1,0
2791,0.0880845,0.0965929,1.05417,11.9677,10569,119987,1,0
2792,0.265147,0.360816,5.02984,18.9701,53877,203197,1,0
2793,0.207348,0.261588,5.58288,26.9253,56106,270588,1,0
2795,0.378558,0.60916,25.3118,66.8629,313997,829456,1,0
2796,0.378681,0.609479,17.759,46.895,218474,576934,1,0
2797,0.162774,0.194421,9.74743,59.8876,101364,622728,1,0
2798,0.350608,0.539903,58.7602,167.607,667168,1902887,2,0
2799,0.405483,0.682037,17.8,43.8986,212861,524957,1,0
2800,0.41908,0.721407,7.94821,18.9661,84207,200933,1,0
2801,0.277825,0.384706,3.88247,13.9745,40548,145948,1,0
2802,0.370034,0.587387,5.54069,14.9735,55531,150070,1,0
2803,0.391224,0.64264,15.6248,39.9379,158441,404988,1,0
2804,0.328261,0.488672,4.59143,13.9871,47368,144300,1,0
2805,0.41399,0.706455,29.3245,70.8328,298040,719921,1,0
2806,0.426457,0.743547,15.7348,36.8968,217469,509944,1,0
2807,0.471806,0.893244,17.8849,37.9081,223311,473311,1,0
2808,0.575731,1.35699,10.3319,17.9455,121356,210786,1,0
2809,0.307399,0.443834,5.83207,18.9723,58543,190446,1,0
2810,0.125851,0.14397,1.88342,14.9654,22726,180578,1,0
2811,0.420385,0.725284,4.19213,9.9721,42300,100622,1,0
2812,0.38086,0.615144,12.1584,31.9234,154400,405398,1,0
2813,0.235644,0.30829,15.7608,66.8889,286007,1213727,1,0
2814,0.437142,0.776646,9.15662,20.9465,92375,211316,1,0
2815,0.313335,0.456314,7.50033,23.9384,114438,365226,2,0
2816,0.341425,0.51843,4.42351,12.9559,53546,156831,1,0
2817,0.294709,0.417854,5.57898,18.9305,56587,192010,1,0
2818,0.450858,0.821024,8.99425,19.9488,146533,325009,1,0
2819,0.344475,0.525494,20.6132,59.8405,347789,1009621,1,0
2820,0.259768,0.350928,2.59381,9.9851,26680,102707,1,0
2821,0.444548,0.800335,15.5278,34.9295,218742,492055,1,0
2822,0.458275,0.845956,24.225,52.861,244785,534144,1,0
2823,0.299717,0.427993,7.17356,23.9351,112076,373940,1,0
2824,0.395663,0.654706,2.75926,6.97381,28081,70972,2,0
2825,0.180387,0.220088,1.07907,5.98198,10829,60032,1,0
2826,0.176258,0.213973,1.58587,8.99748,16263,92268,1,0
2827,0.316117,0.462239,23.9703,75.8185,335002,1059740,1,0
2828,0.251367,0.335767,5.26829,20.958,70167,279142,1,0
2829,0.299057,0.426649,3.28586,10.9875,53326,178314,1,0
2830,0.463323,0.863318,7.85333,16.9502,88301,190582,1,0
2831,0.0885246,0.0971223,0.795819,8.98967,8154,92110,2,0
2832,0.328282,0.488719,16.3863,49.9141,320865,977408,1,0
2833,0.12045,0.136946,2.28625,18.9808,26300,218347,1,0
2834,0.577601,1.36743,10.9477,18.9537,111191,192505,1,0
2835,0.448833,0.814331,10.754,23.9601,134122,298824,2,0
2836,0.503222,1.01297,11.0413,21.9414,111997,222560,1,0
2837,0.571294,1.3326,8.53148,14.9336,88442,154810,1,0
2838,0.336399,0.506929,14.7685,43.902,149353,443976,1,0
2839,0.375855,0.602193,43.87,116.717,539696,1435914,1,0
2840,0.38293,0.620561,4.58673,11.978,46099,120385,1,0
2841,0.172849,0.208969,1.72244,9.96522,21952,127001,1,0
2842,0.334977,0.503707,35.0963,104.773,399949,1193960,2,0
2844,0.393696,0.649338,3.54199,8.99676,35524,90232,1,0
2845,0.173182,0.209456,2.76504,15.9662,34350,198346,1,0
2846,0.582997,1.39806,9.89973,16.9809,131148,224955,1,0
2847,0.450381,0.819441,148.742,330.274,2047286,4545680,1,0
2848,0.141818,0.165254,0.851692,6.00547,9613,67784,1,0
2849,0.112951,0.127333,1.35091,11.96,16334,144612,2,0
2850,0.401029,0.669529,5.20331,12.9745,72522,180840,1,0
2851,0.0561953,0.0595412,1.17617,20.93,12923,229966,1,0
2852,0.230821,0.300088,3.22185,13.958,34731,150467,1,0
2853,0.354451,0.549068,29.344,82.7884,301947,851873,1,0
2854,0.194566,0.241566,6.40524,32.9207,64282,330387,1,0
2855,0.279971,0.388833,21.5196,76.8653,230917,824789,1,0
2856,0.274609,0.378568,11.5012,41.882,115342,420022,2,0
2857,0.201617,0.252531,2.8143,13.9591,36661,181835,1,0
2858,0.313514,0.456694,11.2501,35.8832,137570,438800,1,0
2859,0.5345,1.14823,14.4067,26.9536,200074,374320,1,0
2860,0.160089,0.190602,2.23664,13.9712,23235,145138,1,0
2861,0.346047,0.529161,9.32137,26.9373,105729,305534,1,0
2862,0.345993,0.529035,23.4811,67.8658,281156,812607,1,0
2863,0.435027,0.769995,27.7955,63.8942,299411,688259,1,0
2864,0.236221,0.30928,2.59155,10.9709,26950,114088,1,0
2865,0.317276,0.46472,3.48761,10.9924,34966,110207,2,0
2866,0.266834,0.363947,14.6402,54.8664,147303,552040,1,0
2867,0.284355,0.397341,8.79331,30.9244,90852,319502,1,0
2868,0.297932,0.424364,1.19113,3.99797,12133,40724,1,0
2869,0.41329,0.70442,667.989,1616.37,9262724,22412159,2,0
2870,0.39977,0.666028,21.1458,52.8934,256149,640741,1,0
2871,0.540797,1.17768,18.8896,34.9291,235889,436188,1,0
2872,0.426399,0.743373,30.218,70.8682,335609,787077,1,0
2873,0.224011,0.288678,1.56651,6.99295,18894,84344,1,0
2874,0.394911,0.652649,5.91912,14.9885,59581,150872,1,0
2875,0.315914,0.461805,3.14984,9.97066,41187,130374,1,0
2876,0.333429,0.500216,11.9864,35.9495,204652,613779,1,0
2877,0.395294,0.653695,11.4293,28.9133,115085,291138,1,0
2878,0.428793,0.750679,607.771,1417.73,9253612,21580598,1,0
2879,0.359678,0.561713,5.01442,13.9414,62326,173283,1,0
2880,0.544839,1.19702,312.035,572.707,3153548,5788041,2,0
2881,0.434171,0.767319,13.8539,31.9088,222890,513369,1,0
2882,0.408347,0.690181,8.55865,20.9599,139028,340465,1,0
2883,0.473148,0.898066,21.7049,45.8736,224010,473446,1,0
2884,0.352648,0.544755,9.1487,25.9422,132176,374810,1,0
2885,0.401068,0.66964,18.8183,46.9204,189208,471760,1,0
2886,0.224128,0.288872,4.01755,17.9247,62579,279211,1,0
2887,0.543534,1.19075,8.1389,14.974,82658,152075,1,0
2888,0.26226,0.355491,1.56847,5.9806,15744,60032,1,0
2889,0.214879,0.273689,2.57285,11.9735,26515,123395,1,0
2890,0.239417,0.314782,2.38981,9.98158,30491,127355,2,0
2891,0.307378,0.44379,4.29166,13.9622,68696,223490,1,0
2892,0.385079,0.626226,14.6089,37.9367,174464,453060,1,0
2893,0.143929,0.168127,1.72548,11.9885,17724,123144,1,0
2894,0.352071,0.54338,23.8951,67.8681,397652,1129464,2,0
2895,0.291568,0.411568,2.03874,6.99232,23831,81734,1,0
2896,0.330711,0.494123,5.27838,15.9606,54143,163717,1,0
2897,0.430527,0.756008,3.43671,7.98253,43066,100031,1,0
2898,0.473544,0.899493,14.1709,29.9251,142530,300986,1,0
2899,0.0116701,0.0118079,0.128185,10.9839,1329,113881,1,0
2900,0.284761,0.398134,1.70181,5.97625,17367,60988,1,0
2901,0.270741,0.371255,3.24358,11.9801,40224,148570,1,0
2902,0.382242,0.618757,69.038,180.614,693645,1814675,2,0
2903,0.243588,0.32203,13.1197,53.8636,161114,661421,1,0
2904,0.13237,0.152566,1.31938,9.96726,13636,103014,1,0
2905,0.351741,0.542593,18.2507,51.887,191843,545410,1,0
2906,0.355715,0.552108,10.6463,29.9292,108191,304151,1,0
2907,0.532004,1.13677,317.377,596.687,4234287,7959121,1,0
2908,0.0279107,0.028712,0.891987,31.9591,10851,388776,1,0
2909,0.512533,1.05142,20.4519,39.903,289946,565712,1,0
2910,0.0227697,0.0233002,2.31734,101.742,28284,1242178,1,0
2911,0.0199395,0.0203452,1.0341,51.8641,12440,623887,1,0
2912,0.245239,0.324922,4.39401,17.918,60161,245316,1,0
2913,0.178315,0.217011,2.84841,15.9744,31194,174938,1,0
2914,0.217065,0.277245,5.84813,26.9419,62734,289010,1,0
2915,0.314678,0.459169,11.3051,35.9253,114541,363994,1,0
2916,0.232715,0.303296,7.65775,32.9062,76800,330018,1,0
2917,0.274787,0.378904,18.9222,68.8621,201565,733533,1,0
2918,0.242739,0.320549,10.9149,44.9653,109438,450846,1,0
2920,0.387013,0.631357,110.853,286.432,1370869,3542175,1,0
2921,0.327947,0.487978,110.605,337.249,1343542,4096828,1,0
2922,0.139982,0.162766,5.72288,40.882,59470,424841,1,0
2923,0.302558,0.433812,8.45217,27.9357,95826,316719,1,0
2924,0.520197,1.08419,19.7236,37.9161,251757,483965,2,0
2925,0.41972,0.723306,24.6993,58.8472,262210,624726,1,0
2926,0.299336,0.427218,5.3778,17.9658,55992,187054,1,0
2927,0.250839,0.334827,2.25142,8.97555,22568,89970,1,0
2928,0.313494,0.456651,15.0011,47.8511,150544,480214,1,0
2929,0.31957,0.469658,2.86697,8.97134,29619,92684,1,0
2930,0.358507,0.558864,8.94595,24.9535,90949,253688,1,0
2931,0.37564,0.60164,25.8691,68.8644,355473,946313,1,0
2932,0.464994,0.869139,6.96127,14.9707,86070,185099,1,0
2933,0.526126,1.11027,9.45321,17.9675,116609,221637,1,0
2934,0.323148,0.477429,8.69932,26.9205,87188,269808,1,0
2935,0.225099,0.290487,1.79719,7.98399,21309,94665,1,0
2936,0.400041,0.666781,5.58883,13.9706,56315,140773,1,0
2937,0.277923,0.384895,6.37184,22.9273,79490,286014,1,0
2938,0.313431,0.456518,8.43918,26.9271,139620,445457,1,0
2939,0.349868,0.53815,4.53497,12.9619,45690,130592,1,0
2940,0.334219,0.501995,22.0175,65.8742,350878,1049845,1,0
2941,0.23053,0.299595,2.76586,11.9977,34398,149213,1,0
2942,0.360898,0.564695,7.92432,21.9572,80429,222858,1,0
2943,0.407365,0.687381,9.74642,23.9258,163068,400299,1,0
2944,0.359732,0.561846,38.7702,107.778,604869,1681443,2,0
2945,0.412556,0.702291,6.57378,15.9344,95692,231949,1,0
2946,0.330194,0.492969,2.30448,6.97923,23802,72085,1,0
2947,0.313474,0.456609,5.63139,17.9645,57446,183256,1,0
2948,0.336599,0.507384,8.05384,23.9264,126363,375411,1,0
2949,0.340803,0.516998,3.07032,9.00908,31678,92951,1,0
2950,0.352993,0.545579,4.57986,12.9743,46132,130688,1,0
2951,0.234076,0.305612,2.79793,11.953,29035,124041,1,0
2952,0.252239,0.337326,2.51666,9.97726,31712,125722,1,0
2953,0.385824,0.628199,18.8703,48.911,285468,739891,1,0
2954,0.357567,0.556584,28.8948,80.807,345309,965717,1,0
2955,0.13899,0.161426,1.1086,7.97619,11449,82373,1,0
2956,0.244577,0.323762,23.1791,94.7722,409503,1674330,1,0
2957,0.245601,0.325558,4.40785,17.9481,51359,209116,1,0
2958,0.37713,0.605471,5.6507,14.9832,69855,185228,1,0
2959,0.394834,0.652438,20.0943,50.8931,204934,519039,1,0
2960,0.459972,0.851757,12.8382,27.9109,134437,292272,1,0
2961,0.256381,0.344775,3.07346,11.9879,31349,122275,1,0
2962,0.379419,0.611392,14.3768,37.8916,172494,454627,1,0
2963,0.449182,0.815483,19.2662,42.8916,193099,429890,1,0
2964,0.389267,0.637378,27.9678,71.8506,356913,916884,1,0
2965,0.0605725,0.0644781,0.241487,3.98669,2514,41504,1,0
2966,0.298978,0.426488,7.44963,24.917,79691,266545,1,0
2967,0.518413,1.07647,96.158,185.485,964355,1860205,2,0
2968,0.425557,0.740817,7.21844,16.9624,92065,216340,1,0
2970,0.293319,0.415066,2.04903,6.9857,23340,79572,1,0
2971,0.383066,0.620919,6.49666,16.9596,89557,233790,1,0
2972,0.0813335,0.0885343,1.86736,22.9584,22558,277352,1,0
2973,0.50445,1.01796,19.6345,38.9231,268352,531969,1,0
2974,0.0202518,0.0206705,0.929708,45.906,10327,509929,1,0
2975,0.311042,0.451467,2.79393,8.98253,29800,95807,2,0
2976,0.346,0.529053,7.24685,20.9448,74752,216046,1,0
2977,0.145006,0.169599,1.30318,8.98706,13061,90072,1,0
2978,0.311466,0.45236,9.64062,30.9526,102988,330656,2,0
2979,0.25062,0.334437,104.568,417.239,1048391,4183188,1,0
2980,0.204418,0.256942,1.42374,6.96484,18470,90354,1,0
2981,0.292737,0.4139,14.0195,47.8928,171363,585383,1,0
2982,0.447804,0.810952,13.3962,29.9155,159206,355526,1,0
2983,0.161225,0.192214,2.89727,17.9703,30056,186423,1,0
2984,0.334596,0.502847,21.0272,62.8432,237015,708361,1,0
2985,0.468755,0.882372,19.6395,41.8969,249653,532587,2,0
2986,0.509694,1.03954,8.64796,16.9669,92062,180622,1,0
2987,0.361112,0.565219,3.96213,10.972,39714,109977,1,0
2988,0.273677,0.376799,2.72825,9.96881,27703,101225,1,0
2989,0.410879,0.697445,26.23,63.8393,268824,654265,1,0
2990,0.235033,0.307246,2.34753,9.9881,23920,101773,1,0
2991,0.386597,0.63025,15.0387,38.8996,206424,533951,1,0
2992,0.428009,0.748279,12.384,28.9341,156382,365371,1,0
2993,0.549077,1.21767,13.1457,23.9417,154111,280673,1,0
2994,0.337992,0.510556,24.9306,73.7608,249864,739260,2,0
2995,0.234251,0.305911,3.73742,15.9547,44414,189600,1,0
2996,0.512458,1.0511,257.169,501.842,2588768,5051672,2,0
2997,0.408966,0.69195,22.0356,53.8831,295480,722505,1,0
2998,0.38175,0.617468,6.8634,17.9789,111868,293040,1,0
2999,0.383312,0.621564,4.60028,12.0013,46585,121533,1,0
3000,0.425473,0.740562,11.0318,25.9283,171623,403370,1,0
3001,0.397661,0.660194,2.77153,6.96942,34000,85500,1,0
3002,0.430472,0.75584,51.542,119.734,521447,1211338,1,0
3003,0.408524,0.690685,21.1911,51.8734,343646,841190,1,0
3004,0.333906,0.50129,8.66859,25.9614,144956,434122,1,0
3005,0.369289,0.585512,72.2198,195.569,1003330,2716925,1,0
3006,0.279768,0.388441,2.23408,7.98543,23000,82211,1,0
3007,0.345874,0.528757,7.24102,20.9354,73676,213014,1,0
3008,0.249853,0.333072,66.0478,264.345,1036064,4146694,1,0
3009,0.337502,0.50944,3.36218,9.962,34297,101620,1,0
3010,0.478654,0.918114,9.54577,19.9429,96031,200627,1,0
3011,0.147158,0.17255,1.17333,7.97339,12216,83013,1,0
3012,0.392195,0.645264,3.91361,9.97866,50108,127763,1,0
3013,0.439411,0.783839,41.2236,93.8164,605388,1377725,2,0
3014,0.398359,0.662121,23.4527,58.8739,263148,660580,1,0
3015,0.407896,0.688893,20.7465,50.8625,212161,520135,1,0
3016,0.266305,0.362963,6.37473,23.9375,115177,432501,1,0
3017,0.345584,0.528079,3.44394,9.96569,40096,116024,1,0
3018,0.571012,1.33107,15.944,27.9222,197403,345707,1,0
3019,0.386459,0.629883,19.6697,50.8969,198963,514836,1,0
3020,0.315938,0.461856,4.10135,12.9815,42651,134998,1,0
3022,0.433513,0.765267,4.32616,9.9793,52306,120656,2,0
3023,0.274706,0.378752,6.03139,21.9558,60592,220570,1,0
3024,0.266408,0.363155,2.12587,7.97992,25946,97392,1,0
3026,0.378385,0.608713,418.369,1105.62,4614494,12195231,1,0
3027,0.187822,0.231257,1.49817,7.97659,15028,80012,1,0
3028,0.624093,1.66023,20.5424,32.9156,273263,437856,1,0
3029,0.182482,0.223215,6.7371,36.9205,79268,434387,1,0
3030,0.160476,0.191152,0.799845,4.98431,9000,56083,1,0
3031,0.628903,1.69471,11.2889,17.9502,157742,250821,2,0
3032,0.2679,0.365934,8.28489,30.925,92189,344117,1,0
3033,0.334403,0.502412,5.34065,15.971,61356,183479,1,0
3034,0.09622,0.106464,1.82473,18.9644,20158,209499,1,0
3035,0.226907,0.293505,2.49046,10.9758,26753,117903,1,0
3036,0.376887,0.604846,35.7263,94.7928,367383,974782,1,0
3037,0.129788,0.149145,1.81522,13.986,18195,140190,1,0
3038,0.197113,0.245505,4.1278,20.9414,43978,223111,1,0
3039,0.128451,0.147382,0.896996,6.98329,12283,95624,2,0
3040,0.294113,0.416657,38.4373,130.689,385372,1310286,1,0
3041,0.398954,0.663765,14.3257,35.9057,174920,438447,1,0
3042,0.291924,0.412278,17.7706,60.8784,215271,737421,1,0
3043,0.204496,0.257064,4.69709,22.9692,49146,240328,1,0
3044,0.270839,0.371439,13.2435,48.9008,149664,552594,1,0
3045,0.454439,0.832974,87.4921,192.528,1047617,2305299,1,0
3046,0.564637,1.29694,14.6457,25.9381,171818,304298,1,0
3047,0.3074,0.443835,4.29226,13.9631,43020,139948,1,0
3048,0.248034,0.329848,3.21724,12.971,32431,130752,1,0
3049,0.405514,0.682126,24.2761,59.8651,245935,606477,1,0
3050,0.394149,0.65057,9.04214,22.9409,91999,233412,1,0
3051,0.437681,0.77835,14.4129,32.9302,200984,459202,1,0
3052,0.393675,0.64928,24.3439,61.8379,312795,794552,1,0
3053,0.533014,1.14139,10.1164,18.9796,121937,228769,1,0
3054,0.392317,0.645594,8.22404,20.9627,85700,218446,1,0
3055,0.130305,0.149828,0.779295,5.98066,9442,72461,1,0
3056,0.2188,0.280083,8.30063,37.9379,103646,473701,1,0
3057,0.440801,0.788271,3.95716,8.9772,39963,90660,1,0
3058,0.388246,0.634645,67.0132,172.597,1078263,2777264,1,0
3059,0.313548,0.456766,8.43713,26.9086,84932,270874,1,0
3060,0.389496,0.63799,8.53649,21.9169,131107,336607,1,0
3061,0.263746,0.358227,2.10158,7.96836,26190,99300,1,0
3062,0.309663,0.448567,36.7663,118.73,371112,1198439,2,0
3063,0.352721,0.54493,13.0204,36.9155,206693,585995,1,0
3064,0.432192,0.761158,9.90645,22.9221,165159,382143,1,0
3065,0.323501,0.478198,36.7969,113.746,517033,1598244,1,0
3066,0.400145,0.667069,6.38993,15.9691,65811,164468,1,0
3067,0.232749,0.303354,2.5522,10.9654,25955,111515,1,0
3068,0.302258,0.433194,14.1783,46.9081,224866,743955,1,0
3069,0.42968,0.753403,6.43219,14.9696,65754,153030,1,0
3070,0.238169,0.312628,1.6619,6.9778,16674,70009,1,0
3071,0.367302,0.580534,1.46678,3.99335,14983,40792,1,0
3072,0.196068,0.243886,3.52489,17.9771,46365,236474,1,0
3073,0.386571,0.630181,12.342,31.9269,139638,361222,1,0
3074,0.248631,0.330904,4.46404,17.9584,67741,272456,1,0
3075,0.0783076,0.0849606,1.09438,13.9753,11173,142681,1,0
3076,0.207823,0.262344,3.31292,15.9415,59329,285479,1,0
3077,0.122372,0.139436,11.8474,96.8102,136274,1113600,1,0
3078,0.367996,0.58227,7.70827,20.947,94698,257334,1,0
3079,0.557986,1.26237,44.5292,79.803,448882,804468,1,0
3080,0.303811,0.436392,3.0268,9.96271,31775,104588,1,0
3081,0.293545,0.415518,2.34387,7.98468,23965,81640,1,0
3082,0.00669274,0.00673784,1.58297,236.422,19052,2846666,1,0
3084,0.349351,0.536926,39.3754,112.712,477954,1368121,1,0
3086,0.271818,0.373284,12.1997,44.8816,134509,494849,1,0
3087,0.212719,0.270195,2.76874,13.0159,27782,130604,1,0
3088,0.372405,0.593385,11.8898,31.9272,150547,404256,1,0
3089,0.0237391,0.0243164,0.236724,9.97189,2931,123467,1,0
3090,0.31728,0.46473,5.06541,15.9653,56842,179154,1,0
3091,0.118157,0.133989,9.78535,82.8127,117935,998118,1,0
3092,0.240248,0.316218,11.7504,48.9042,146330,609080,1,0
3093,0.0215175,0.0219906,1.67376,77.7869,18621,865390,1,0
3094,0.28647,0.401482,5.72131,19.9716,61858,215932,1,0
3095,0.236054,0.308993,9.42393,39.9233,96815,410139,1,0
3096,0.255963,0.344018,55.1606,215.503,552912,2160128,1,0
3097,0.337372,0.509143,5.71919,16.9523,61759,183059,1,0
3098,0.0775397,0.0840575,0.617563,7.96448,7999,103160,1,0
3099,0.303086,0.434897,12.0993,39.9203,121362,400421,1,0
3100,0.280926,0.390677,15.4166,54.8776,189055,672971,1,0
3101,0.368112,0.582558,13.2155,35.8995,158471,430497,1,0
3102,0.129972,0.149388,1.68438,12.9593,17404,133906,1,0
3103,0.297372,0.423228,11.2686,37.8952,127012,427115,1,0
3104,0.535133,1.15115,159.125,297.353,1955555,3654333,1,0
3105,0.520313,1.08469,310.414,596.627,3324633,6389677,1,0
3106,0.387699,0.633183,6.95602,17.9418,69716,179820,1,0
3107,0.353741,0.547368,20.131,56.9088,202367,572076,1,0
3108,0.25873,0.349037,2.58255,9.98159,26361,101886,1,0
3109,0.417014,0.715307,137.307,329.256,1398179,3352836,2,0
3110,0.375776,0.60199,26.6058,70.8026,373038,992713,1,0
3111,0.358878,0.559766,10.3778,28.9179,135437,377390,1,0
3112,0.496572,0.986383,34.6832,69.8454,408182,821999,1,0
3113,0.486131,0.94602,8.24715,16.9648,86698,178343,1,0
3114,0.143119,0.167023,1.43036,9.99421,16897,118063,1,0
3115,0.324624,0.480657,24.2954,74.8394,303764,935741,1,0
3116,0.444908,0.801505,6.21533,13.9699,62648,140811,1,0
3117,0.322332,0.47565,15.7389,48.8317,264261,819840,1,0
3118,0.372996,0.594886,3.72303,9.98142,37733,101162,1,0
3119,0.439362,0.783681,12.7226,28.9563,187270,426232,1,0
3120,0.290252,0.40895,18.5547,63.9245,231784,798562,1,0
3121,0.302107,0.432884,6.63023,21.9466,66942,221584,1,0
3122,0.336492,0.507141,20.812,61.8497,338536,1006074,2,0
3123,0.335261,0.50435,26.0876,77.812,424859,1267249,2,0
3124,0.421079,0.727353,5.46389,12.9761,74598,177159,1,0
3125,0.295339,0.419122,2.36088,7.99374,24413,82661,1,0
3126,0.356557,0.554138,4.62934,12.9834,47273,132582,1,0
3127,0.386613,0.630293,6.55072,16.9438,105842,273767,1,0
3128,0.588934,1.4327,21.147,35.9072,213825,363071,1,0
3129,0.324555,0.480505,11.9699,36.881,120160,370230,1,0
3130,0.360522,0.563774,77.6975,215.507,1019816,2828724,1,0
3131,0.449192,0.815516,27.3436,60.8726,304043,676866,1,0
3132,0.367334,0.580612,13.5675,36.9359,207624,565219,1,0
3134,0.2456,0.325556,8.0858,32.9245,141019,574182,1,0
3135,0.156187,0.185096,6.23396,39.9134,72387,463465,1,0
3136,0.42504,0.73925,15.6911,36.9164,195647,460303,1,0
3137,0.471116,0.890775,6.11151,12.9723,61875,131337,1,0
3139,0.315213,0.460307,3.77892,11.9885,39661,125823,1,0
3140,0.277606,0.384287,6.64628,23.9413,81842,294813,1,0
3144,0.247764,0.329371,5.68292,22.9365,62782,253394,1,0
3145,0.272548,0.374661,1.91028,7.00898,19189,70406,1,0
3146,0.541547,1.18125,20.0138,36.9564,263778,487082,1,0
3147,6.38978e-05,6.39018e-05,0.000255284,3.99473,3,46950,1,0
3148,0.107162,0.120024,5.55771,51.8619,66368,619324,1,0
3149,0.165753,0.198686,1.81817,10.9691,20437,123298,1,0
3150,0.423997,0.736103,20.3071,47.8921,264875,624709,1,0
3151,0.0689387,0.0740431,1.99583,28.951,22065,320067,1,0
3152,0.29126,0.410955,6.39113,21.943,67672,232342,1,0
3153,0.259727,0.350854,3.88348,14.9521,40124,154485,1,0
3154,0.249256,0.332012,9.19837,36.9033,92191,369865,1,0
3155,0.214213,0.272609,20.9466,97.7783,224041,1045880,1,0
3156,0.106622,0.119347,1.81104,16.9846,24512,229897,1,0
3157,0.147704,0.173301,3.83954,25.9949,38541,260934,1,0
3158,0.366517,0.578574,17.5449,47.8652,210878,575357,1,0
3159,0.400444,0.667901,8.79,21.9509,106567,266122,1,0
3160,0.10238,0.114057,7.96319,77.7815,82229,803177,1,0
3161,0.311708,0.452872,10.8842,34.9181,122193,392011,1,0
3162,0.479227,0.920224,20.5532,42.8886,260461,543502,1,0
3163,0.37711,0.605421,6.411,17.0003,68734,182265,1,0
3164,0.212659,0.270097,2.96802,13.9568,30037,141245,1,0
3165,0.0675941,0.0724943,0.877946,12.9884,8819,130470,1,0
3166,0.322446,0.475897,8.04673,24.9553,81042,251335,1,0
3167,0.343353,0.522888,31.8699,92.8228,442881,1289871,1,0
3168,0.349911,0.538252,11.5318,32.9565,152166,434870,1,0
3169,0.395852,0.655223,8.28905,20.9391,97619,246605,1,0
3170,0.446564,0.806894,16.0534,35.9484,177143,396680,1,0
3171,0.183543,0.224805,13.5453,73.7997,164246,894863,1,0
3172,0.434476,0.768272,5.20291,11.9752,70177,161521,2,0
3173,0.283858,0.396372,7.63164,26.8856,76805,270575,1,0
3174,0.337436,0.509287,27.2782,80.8449,462284,1369992,1,0
3175,0.547998,1.21238,612.9,1118.44,6172553,11263832,2,0
3176,0.378073,0.607907,10.1932,26.9612,154277,408061,1,0
3177,0.361025,0.565006,9.00769,24.9503,111969,310142,1,0
3178,0.379788,0.612352,9.85476,25.948,99427,261796,2,0
3179,0.425521,0.740708,11.0441,25.9535,175753,413030,1,0
3180,0.335914,0.505829,49.5747,147.584,827125,2462311,1,0
3181,0.413112,0.703904,16.9041,40.9189,241879,585504,1,0
3182,0.337849,0.51023,2.01485,5.96372,20674,61193,1,0
3183,0.354495,0.549174,48.1242,135.751,779300,2198341,1,0
3184,0.256931,0.34577,10.5093,40.9031,110184,428847,1,0
3185,0.220135,0.282274,2.41564,10.9734,24216,110005,1,0
3186,0.29759,0.423671,3.85848,12.9658,49017,164713,1,0
3187,0.280702,0.390245,4.48156,15.9656,50118,178545,1,0
3188,0.323373,0.477919,4.19517,12.973,64119,198282,1,0
3189,0.24023,0.316188,2.15682,8.97823,22240,92578,1,0
3190,0.292778,0.413984,2.91498,9.95681,52193,178268,1,0
3191,0.357926,0.557454,22.1355,61.8453,258246,721506,1,0
3192,0.285019,0.398639,1.99007,6.98231,24671,86559,1,0
3193,0.388077,0.634192,65.4354,168.616,656965,1692874,1,0
3194,0.181918,0.222372,1.45005,7.97089,14679,80690,1,0
3195,0.280538,0.389927,2.23835,7.97881,23428,83511,1,0
3196,0.439765,0.784964,6.59103,14.9873,80531,183123,1,0
3197,0.475773,0.907571,14.2336,29.9167,142721,299977,1,0
3198,0.387554,0.632798,5.41308,13.9678,68651,177139,1,0
3200,0.436131,0.773463,26.1381,59.9312,287083,658249,1,0
3201,0.265364,0.361219,1.58996,5.99161,15963,60155,1,0
3202,0.154425,0.182628,1.22994,7.96485,16366,105980,1,0
3203,0.138021,0.160121,1.93237,14.0004,22793,165142,1,0
3204,0.264216,0.359094,1.05807,4.00456,11937,45179,1,0
3205,0.0695508,0.0747497,2.07886,29.892,25033,359924,1,0
3206,0.203609,0.255664,2.23443,10.9742,26258,128963,1,0
3207,0.124083,0.141661,3.83735,30.925,42235,340377,1,0
3208,0.211871,0.268828,7.19074,33.938,75276,355291,1,0
3209,0.275186,0.379664,3.57126,12.9776,36111,131224,1,0
3210,0.124529,0.142243,2.35983,18.95,23653,189939,1,0
3211,0.148552,0.17447,4.15165,27.9478,44258,297929,1,0
3212,0.211941,0.268941,1.26891,5.9872,16336,77078,1,0
3214,0.187547,0.23084,5.61812,29.9557,56470,301098,2,0
3215,0.353284,0.546273,54.6339,154.642,654607,1852921,1,0
3216,0.119172,0.135296,3.68485,30.9199,38083,319563,1,0
3217,0.277437,0.383963,17.7202,63.871,198771,716454,1,0
3218,0.510913,1.04462,16.8267,32.9345,215035,420884,2,0
3219,0.329641,0.491737,10.522,31.9192,110875,336351,2,0
3220,0.203375,0.255296,3.24625,15.962,32936,161947,1,0
3221,0.455416,0.836265,14.9868,32.9078,150526,330524,1,0
3222,0.37357,0.596347,12.2954,32.9129,125314,335450,2,0
3223,0.397565,0.65993,50.401,126.78,701055,1763373,1,0
3224,0.36337,0.570772,13.7886,37.9468,184417,507518,1,0
3225,0.411898,0.700386,13.1402,31.9023,150786,366076,1,0
3226,0.392582,0.646312,8.61987,21.9574,100665,256418,1,0
3227,0.244137,0.322992,2.92213,11.9691,34866,142813,1,0
3228,0.457441,0.843117,10.0391,21.9462,101314,221480,1,0
3229,0.332422,0.497953,4.96475,14.9348,65565,197234,2,0
3230,0.343623,0.523515,12.6811,36.9047,213878,622420,1,0
3231,0.38155,0.616945,5.70485,14.9518,57495,150688,1,0
3232,0.399066,0.664077,26.2867,65.8707,413559,1036317,1,0
3233,0.238761,0.313648,3.10259,12.9948,38378,160738,1,0
3234,0.406031,0.68359,2.83757,6.98856,29084,71630,2,0
3235,0.43924,0.783296,17.5241,39.8968,286611,652515,2,0
3236,0.382033,0.618208,13.3336,34.9018,207849,544061,2,0
3237,0.407349,0.687333,12.5926,30.9135,178009,436994,1,0
3238,0.353113,0.545864,23.2639,65.8829,237208,671763,1,0
3239,0.308953,0.447079,7.70057,24.9255,120363,389584,1,0
3240,0.451619,0.823549,6.75088,14.9482,69398,153665,1,0
3241,0.383223,0.621331,3.81875,9.96486,38374,100135,1,0
3242,0.256494,0.344978,2.29949,8.96512,29388,114576,1,0
3243,0.404668,0.679734,9.68696,23.9386,107674,266080,1,0
3244,0.557066,1.25767,36.6968,65.8761,535828,961876,1,0
3246,0.256212,0.344469,5.36219,20.9299,95124,371271,1,0
3247,0.191555,0.236942,5.93163,30.9653,68070,355355,1,0
3248,0.317601,0.465417,4.43413,13.9614,54263,170853,1,0
3249,0.220461,0.282809,2.42054,10.9795,24407,110709,1,0
3250,0.426637,0.744097,5.10756,11.9717,52156,122249,1,0
3251,0.488925,0.95666,12.6911,25.9571,130608,267133,1,0
3252,0.178485,0.217264,1.96269,10.9962,23579,132106,1,0
3253,0.351245,0.541415,9.10313,25.9167,91380,260160,1,0
3254,0.45291,0.827853,22.5827,49.8612,282210,623104,1,0
3255,0.0112536,0.0113817,0.0560597,4.98148,580,51539,1,0
3256,0.327006,0.485897,10.7702,32.9356,122738,375339,1,0
3257,0.274387,0.378145,3.01165,10.9759,30314,110479,1,0
3258,0.225944,0.291897,1.12471,4.97793,14967,66242,1,0
3259,0.593012,1.45707,36.0777,60.8395,451041,760594,1,0
3260,0.0427498,0.0446589,0.937821,21.9372,11456,267978,1,0
3261,0.313608,0.456893,2.80791,8.95348,30297,96608,1,0
3262,0.46523,0.869962,34.8234,74.8523,401623,863279,1,0
3263,0.01678,0.0170664,0.987977,58.8794,10967,653574,1,0
3264,0.230623,0.299752,1.60758,6.9707,17418,75526,1,0
3265,0.350826,0.540419,17.5043,49.8967,179832,512596,1,0
3266,0.124397,0.14207,1.61304,12.9669,16167,129963,1,0
3267,0.182526,0.22328,5.6451,30.9279,59889,328113,1,0
3268,0.164287,0.196583,3.93071,23.925,52519,319678,1,0
3269,0.361768,0.566828,37.1706,102.739,460557,1273073,2,0
3270,0.314945,0.459736,9.10614,28.9135,91545,290670,2,0
3271,0.478309,0.916843,26.7315,55.8855,365857,764897,1,0
3272,0.11394,0.128591,7.7354,67.8892,79866,700950,1,0
3273,0.517109,1.07086,102.173,197.582,1233943,2386232,2,0
3274,0.519164,1.07971,46.604,89.7665,511391,985027,2,0
3275,0.349806,0.538002,39.782,113.727,405357,1158806,1,0
3276,0.315455,0.460824,2.82825,8.96566,29084,92197,1,0
3277,0.178147,0.216763,1.77642,9.9718,17972,100883,1,0
3278,0.422533,0.7317,12.6582,29.9578,177250,419494,1,0
3279,0.45165,0.823651,4.05569,8.97983,58074,128582,1,0
3280,0.437857,0.778906,38.0067,86.8029,429288,980430,1,0
3281,0.469013,0.883286,12.6424,26.9553,138448,295190,1,0
3282,0.211554,0.268318,4.64426,21.9538,55090,260406,1,0
3283,0.377644,0.606798,3.38958,8.97559,43704,115728,1,0
3284,0.278397,0.385804,3.60836,12.9612,36330,130497,1,0
3285,0.387085,0.631548,18.1482,46.8859,305022,787997,1,0
3286,0.303504,0.435758,6.66696,21.9667,67214,221460,1,0
3287,0.267595,0.365365,13.6087,50.8576,207321,774757,1,0
3288,0.343665,0.523613,32.5793,94.7945,406249,1182106,1,0
3289,0.383006,0.620763,8.78318,22.9323,88684,231547,2,0
3290,0.400634,0.66843,13.1945,32.9328,217288,542360,1,0
3291,0.291661,0.411753,27.9337,95.7786,426817,1463403,1,0
3292,0.439467,0.784017,8.34215,18.9821,119855,272728,1,0
3293,0.308024,0.445136,5.52681,17.9428,55752,180999,1,0
3294,0.241517,0.318421,23.1321,95.779,362897,1502572,1,0
3295,0.368558,0.583675,2.57182,6.97812,27009,73283,1,0
3296,0.248043,0.329863,1.98214,7.99114,19929,80345,1,0
3297,0.266738,0.363768,3.19658,11.9838,42088,157788,1,0
3298,0.335501,0.504893,6.02148,17.947,67275,200521,1,0
3299,0.327654,0.48733,50.352,153.67,752947,2297991,2,0
3300,0.146636,0.171832,2.33707,15.938,23889,162914,1,0
3301,0.33689,0.508046,5.04384,14.972,91331,271100,1,0
3302,0.230782,0.300022,8.9794,38.9102,104395,452353,1,0
3303,0.414597,0.708226,11.9877,28.9145,150537,363092,1,0
3304,0.23022,0.299072,2.06674,8.97723,20979,91126,1,0
3305,0.346968,0.531319,23.1904,66.8374,232821,671015,1,0
3306,0.517445,1.0723,61.4658,118.787,638123,1233219,1,0
3307,0.409231,0.69271,280.921,686.461,3369831,8234538,1,0
3308,0.203775,0.255926,1.42249,6.98073,14263,69994,1,0
3309,0.338669,0.512103,4.38855,12.9583,52765,155801,1,0
3311,0.326066,0.483824,5.20598,15.9659,54706,167776,1,0
3312,0.468958,0.883091,2.3335,4.97591,23522,50158,1,0
3313,0.464698,0.868104,16.2357,34.9379,217124,467237,1,0
3314,0.0633773,0.0676657,1.45472,22.9518,18097,285544,1,0
3315,0.169975,0.204784,27.6469,162.663,330332,1943410,1,0
3316,0.219612,0.281414,2.85118,12.983,30633,139487,1,0
3317,0.270352,0.370524,12.4149,45.9206,161808,598509,1,0
3318,0.0535796,0.0566129,0.802155,14.9718,8891,165940,1,0
3319,0.161818,0.193058,1.45225,8.97466,15329,94730,1,0
3320,0.462428,0.860215,15.2272,32.9288,159939,345868,1,0
3321,0.231108,0.300573,5.53157,23.935,55440,239888,1,0
3322,0.182173,0.222752,3.99685,21.9399,42669,234223,1,0
3323,0.176667,0.214576,3.34601,18.9397,43625,246933,1,0
3324,0.356764,0.554638,39.1651,109.778,480487,1346794,1,0
3325,0.298183,0.424872,6.53893,21.9293,65732,220442,2,0
3326,0.426872,0.744811,17.4492,40.8752,214823,503249,1,0
3328,0.563523,1.29107,13.4841,23.9286,171046,303530,1,0
3329,0.471732,0.892979,10.8246,22.9468,114804,243367,1,0
3330,0.426016,0.74221,11.9044,27.9435,120900,283792,1,0
3331,0.421077,0.727347,15.5534,36.9375,160089,380189,1,0
3332,0.212492,0.269828,1.48286,6.97845,15003,70605,1,0
3333,0.361161,0.565339,15.4784,42.8581,216547,599586,1,0
3334,0.510497,1.04289,25.4637,49.8797,300113,587884,1,0
3335,0.276281,0.381751,8.55661,30.9741,143006,517611,1,0
3336,0.266101,0.362585,2.12303,7.97828,21287,79996,1,0
3337,0.212528,0.269886,1.27009,5.97605,15139,71233,1,0
3338,0.335578,0.505068,227.682,678.468,2996531,8929460,1,0
3339,0.445424,0.803179,4.88733,10.9723,49365,110827,1,0
3340,0.320554,0.471788,240.21,749.302,4046947,12624835,1,0
3341,0.386375,0.62966,8.10715,20.9826,81672,211380,1,0
3342,0.383673,0.622515,9.94263,25.9143,155965,406505,1,0
3343,0.199593,0.249365,10.552,52.8661,131942,661054,1,0
3344,0.418933,0.720971,2.9252,6.9825,29934,71453,1,0
3345,0.387493,0.632634,24.7502,63.8728,393347,1015108,2,0
3346,0.383657,0.622474,49.3789,128.708,761823,1985687,1,0
3347,0.406881,0.686004,36.1364,88.8116,515887,1267905,1,0
3348,0.230918,0.300252,3.68359,15.952,37500,162395,1,0
3349,0.39614,0.656013,8.69972,21.9617,143375,361930,1,0
3350,0.448564,0.813447,42.0536,93.7513,432169,963450,1,0
3351,0.283142,0.394976,1.69879,5.99978,17076,60309,1,0
3352,0.243215,0.321379,3.39829,13.9721,42565,175010,1,0
3353,0.42423,0.736805,34.291,80.8336,384680,906772,1,0
3354,0.387793,0.633434,19.7287,50.8761,313617,808723,1,0
3355,0.367434,0.580863,2.93966,8.00048,30116,81963,1,0
3356,0.311304,0.452019,7.46243,23.9706,132274,424903,1,0
3357,0.252685,0.338123,2.26613,8.96815,26400,104478,1,0
3358,0.38035,0.613814,4.55965,11.9881,55420,145708,1,0
3359,0.293028,0.414484,2.33859,7.98073,23769,81115,1,0
3360,0.387619,0.63297,29.7725,76.8084,300504,775256,1,0
3361,0.460026,0.851942,4.13152,8.98112,42563,92523,1,0
3362,0.310797,0.450951,2.79108,8.98064,34656,111507,1,0
3363,0.148035,0.173757,1.91822,12.9579,19259,130098,1,0
3364,0.355979,0.552745,3.196,8.97818,39000,109557,1,0
3365,0.0155684,0.0158147,0.0776907,4.99033,800,51386,1,0
3366,0.269777,0.369444,10.7701,39.9207,121298,449624,1,0
3368,0.401068,0.669638,6.80037,16.9553,85867,214096,1,0
3369,0.0109542,0.0110755,0.0983671,8.97966,1218,111190,1,0
3370,0.202406,0.253771,5.45373,26.9445,62067,306646,1,0
3371,0.353884,0.547709,49.4254,139.674,588697,1663532,1,0
3372,0.0992798,0.110223,2.27692,22.9344,25349,255329,1,0
3373,0.447633,0.810389,20.9874,46.8841,270435,604145,1,0
3374,0.293865,0.416159,4.104,13.9657,44534,151546,1,0
3375,0.440573,0.787544,30.342,68.8699,314783,714485,1,0
3376,0.177126,0.215253,4.06321,22.9396,40727,229932,1,0
3377,0.172268,0.20812,7.0434,40.8869,74653,433354,1,0
3378,0.270857,0.371472,5.40578,19.9581,70144,258971,1,0
3379,0.356521,0.554053,7.11481,19.9562,87982,246779,1,0
3380,0.218504,0.279597,37.2759,170.597,375627,1719088,2,0
3381,0.370516,0.588602,49.556,133.742,582943,1573328,1,0
3382,0.131994,0.152066,5.53237,41.9138,57268,433867,1,0
3383,0.488154,0.953711,78.8986,161.634,1003189,2055068,2,0
3384,0.494644,0.978802,6.42252,12.9843,68524,138532,1,0
3385,0.452922,0.827894,4.06658,8.97855,40864,90223,1,0
3386,0.418271,0.719015,26.7075,63.8524,275315,658221,2,0
3387,0.467109,0.876555,72.7004,155.639,740397,1585064,1,0
3388,0.385509,0.627364,8.08499,20.9712,115201,298828,1,0
3389,0.43156,0.759199,29.2889,67.8671,330891,766733,1,0
3390,0.474383,0.902525,39.7798,83.8563,439750,926994,1,0
3391,0.193744,0.240301,2.12844,10.9858,25699,132644,1,0
3392,0.394768,0.652259,4.33782,10.9882,55007,139340,1,0
3393,0.478726,0.918378,9.5465,19.9415,96629,201846,1,0
3394,0.333988,0.501474,19.3241,57.8607,319509,956649,1,0
3395,0.463598,0.864275,25.4426,54.8807,256439,553149,1,0
3396,0.373168,0.595324,6.70773,17.9748,102382,274359,1,0
3397,0.314429,0.458638,146.835,466.977,1836155,5839649,1,0
3398,0.247212,0.328395,4.1948,16.9685,42537,172067,1,0
3399,0.380649,0.614594,9.50296,24.9642,155595,408762,1,0
3400,0.337697,0.509882,65.0378,192.584,1016632,3010490,1,0
3401,0.38355,0.62219,5.73557,14.9541,79198,206487,1,0
3402,0.342331,0.520523,4.09997,11.9766,41215,120395,1,0
3403,0.33948,0.513958,5.085,14.9791,81617,240418,1,0
3404,0.345516,0.527922,5.85729,16.9522,60059,173824,1,0
3405,0.127039,0.145527,1.9009,14.9631,19084,150221,1,0
3406,0.320366,0.471381,2.2341,6.97351,28116,87762,1,0
3407,0.478499,0.917542,10.0239,20.9489,111518,233058,1,0
3408,0.331806,0.496571,19.871,59.8874,307181,925785,1,0
3409,0.293085,0.414597,7.90172,26.9601,141101,481434,1,0
3410,0.420492,0.725602,4.19031,9.96521,42960,102166,1,0
3411,0.19556,0.2431,2.13744,10.9298,24566,125619,1,0
3412,0.205584,0.258786,2.25518,10.9695,28306,137686,1,0
3413,0.265951,0.362308,1.32604,4.98599,13609,51171,1,0
3414,0.451392,0.822797,8.09913,17.9426,82617,183027,1,0
3415,0.447437,0.80975,4.89883,10.9486,50811,113560,2,0
3416,0.0963537,0.106628,1.82858,18.9777,21983,228149,1,0
3417,0.0271971,0.0279574,0.0813166,2.98991,817,30040,1,0
3418,0.274689,0.37872,2.46551,8.97544,29831,108599,1,0
3420,0.28891,0.406292,10.096,34.9449,113564,393077,1,0
3421,0.337547,0.509541,2.0216,5.9891,20614,61070,1,0
3422,0.566004,1.30417,29.3584,51.8672,369596,652992,1,0
3424,0.0772468,0.0837134,3.62287,46.8859,44194,572114,1,0
3425,0.143964,0.168176,3.44808,23.9517,41031,285008,1,0
3426,0.0222139,0.0227186,0.709328,31.9314,7881,354778,1,0
3427,0.226356,0.292584,2.93053,12.9464,35022,154721,1,0
3428,0.218418,0.279456,1.30932,5.99454,13837,63351,1,0
3429,0.30745,0.443939,24.8563,80.8472,250994,816373,1,0
3430,0.180872,0.22081,3.07064,16.9769,30797,170270,1,0
3431,0.241057,0.317621,4.08328,16.9391,43483,180385,1,0
3432,0.222375,0.285966,2.6611,11.9668,34557,155400,2,0
3433,0.254734,0.341804,8.63737,33.9068,106048,416308,1,0
3434,0.168987,0.20335,3.87591,22.9361,39015,230876,1,0
3435,0.378072,0.607902,9.05361,23.9471,106682,282174,1,0
3436,0.177426,0.215697,21.0665,118.735,217387,1225224,1,0
3437,0.52423,1.10186,75.8383,144.666,960008,1831272,1,0
3438,0.458739,0.847536,9.1563,19.9598,97876,213359,1,0
3439,0.257985,0.347681,2.82851,10.9639,28626,110960,2,0
3440,0.330089,0.492736,54.6722,165.63,571145,1730276,1,0
3441,0.41949,0.722623,13.8081,32.9162,140084,333939,1,0
3442,0.416169,0.712825,10.7811,25.9052,153556,368975,1,0
3443,0.260975,0.353134,6.51623,24.969,77800,298113,1,0
3444,0.464128,0.866118,11.5782,24.9465,121933,262714,1,0
3445,0.235715,0.308413,2.35447,9.98868,28011,118834,1,0
3446,0.282062,0.392878,22.4972,79.7679,282967,1003209,1,0
3447,0.315579,0.461088,14.1718,44.9088,240124,760901,1,0
3448,0.555181,1.24811,7.76449,13.9855,79291,142820,1,0
3449,0.417824,0.717693,95.0313,227.462,1502407,3595790,1,0
3450,0.420436,0.725436,10.4924,24.9563,126548,300992,1,0
3451,0.44042,0.787056,21.0931,47.8928,216497,491569,1,0
3452,0.361454,0.566058,15.132,41.8623,253291,700756,1,0
3453,0.394306,0.650999,11.4098,28.9364,184579,468111,1,0
3454,0.368119,0.582576,23.8575,64.8112,341005,926345,1,0
3455,0.337736,0.509971,14.4814,42.8788,224958,666077,1,0
3456,0.390392,0.640399,9.34262,23.9314,95757,245284,1,0
3457,0.318345,0.467017,2.85308,8.96223,29083,91357,2,0
3458,0.171704,0.207298,1.88305,10.9669,18889,110009,1,0
3459,0.255065,0.342398,8.64189,33.8804,114160,447573,1,0
3460,0.398278,0.661898,16.2883,40.8957,182954,459362,1,0
3461,0.308661,0.446468,16.9424,54.8943,256273,830274,1,0
3462,0.35604,0.552893,8.88004,24.9411,143464,402943,1,0
3463,0.470161,0.887366,7.97231,16.9565,81407,173147,1,0
3464,0.260604,0.352455,13.5186,51.8721,157365,603847,1,0
3465,0.289919,0.408289,13.8787,47.8715,142524,491600,1,0
3466,0.329048,0.49042,9.85589,29.9527,99469,302293,1,0
3467,0.352178,0.543634,3.50937,9.96471,36399,103354,1,0
3468,0.393325,0.648328,41.6009,105.769,494949,1258373,2,0
3469,0.224244,0.289066,1.11734,4.98271,11225,50057,1,0
3470,0.421592,0.728884,9.67738,22.9543,122209,289875,1,0
3472,0.379355,0.611227,67.3692,177.585,747352,1970060,1,0
3474,0.374701,0.599234,11.9661,31.9362,151170,403442,1,0
3476,0.166102,0.199188,2.31817,13.956,28061,168938,1,0
3477,0.309164,0.447521,3.38815,10.9591,36447,117889,1,0
3478,0.0401466,0.0418258,1.48247,36.9266,16300,406012,1,0
3479,0.524334,1.10231,17.7958,33.9423,227951,434744,1,0
3480,0.113483,0.12801,1.13197,9.97482,11811,104077,1,0
3481,0.188916,0.232918,2.63367,13.941,27066,143270,1,0
3482,0.149544,0.17584,3.72899,24.9357,37374,249920,1,0
3483,0.143911,0.168103,4.73817,32.9246,50259,349236,1,0
3484,0.0775869,0.0841129,0.698114,8.99821,9018,116231,1,0
3485,0.293225,0.414878,6.43917,21.9603,78928,269172,1,0
3486,0.131651,0.151611,14.8375,112.704,149487,1135479,2,0
3487,0.405107,0.680975,54.9684,135.691,668468,1650102,1,0
3488,0.0639843,0.0683581,1.02037,15.9466,10564,165103,1,0
3489,0.509444,1.0385,17.2485,33.8572,209931,412079,1,0
3490,0.405886,0.683178,4.05804,9.99799,43170,106360,1,0
3491,0.377042,0.605246,7.89321,20.9346,79332,210406,1,0
3492,0.212925,0.270528,3.40079,15.9717,35767,167979,1,0
3493,0.48073,0.925781,6.70957,13.957,68318,142113,1,0
3494,0.346393,0.529972,71.8994,207.563,1026149,2962381,1,0
3495,0.373121,0.595205,10.7941,28.9309,128625,344727,1,0
3496,0.465771,0.871855,7.90247,16.9667,89951,193123,1,0
3497,0.204873,0.25766,0.815064,3.97832,9889,48269,1,0
3498,0.231078,0.300522,13.1412,56.864,181406,785042,1,0
3499,0.427501,0.746729,8.95754,20.9535,149510,349730,1,0
3500,0.312296,0.454114,2.18221,6.98766,22203,71096,1,0
3501,0.41183,0.700188,9.85963,23.9405,154944,376233,1,0
3502,0.281776,0.392323,3.37182,11.9662,41844,148501,1,0
3503,0.281467,0.391724,1.96492,6.98102,19889,70662,1,0
3504,0.376713,0.604396,12.7761,33.915,209665,556565,1,0
3505,0.314329,0.458426,6.59065,20.9671,104038,330984,1,0
3506,0.326243,0.484215,10.7503,32.9532,150344,460834,2,0
3507,0.439221,0.783233,5.69182,12.959,91455,208221,1,0
3508,0.256713,0.345376,2.81986,10.9844,28776,112094,1,0
3509,0.417259,0.716028,32.8965,78.8393,334329,801251,1,0
3510,0.365173,0.575231,6.93785,18.9988,69733,190959,1,0
3511,0.367644,0.581388,12.4731,33.9257,163406,444468,1,0
3512,0.44232,0.793142,774.985,1752.02,8654291,19565690,4,0
3513,0.33869,0.512151,24.3394,71.8597,393918,1163063,1,0
3514,0.439142,0.782984,13.1506,29.9473,187065,425978,1,0
3515,0.422815,0.732545,5.90637,13.9691,60372,142786,1,0
3516,0.435565,0.771682,40.4155,92.7888,467461,1073230,2,0
3517,0.391819,0.644246,15.2423,38.9015,155943,397998,1,0
3518,0.435242,0.770671,4.34506,9.98307,43825,100691,1,0
3519,0.0381437,0.0396563,2.7785,72.8513,33456,877104,1,0
3520,0.404959,0.680558,1.61714,3.99333,16641,41093,1,0
3521,0.506422,1.02602,5.05545,9.9827,50668,100051,1,0
3522,0.369783,0.586756,28.0329,75.8056,342172,925331,1,0
3523,0.151758,0.178909,0.907847,5.98213,9465,62369,2,0
3524,0.386008,0.628685,3.85259,9.98059,43202,111920,1,0
3525,0.431986,0.760521,3.45621,8.00072,35022,81072,1,0
3526,0.396726,0.657622,16.2297,40.908,207201,522277,1,0
3528,0.293169,0.414766,10.5264,35.9051,119000,405909,1,0
3529,0.0112819,0.0114107,0.326418,28.9332,3926,347990,1,0
3530,0.0919687,0.101284,1.92475,20.9281,21122,229665,1,0
3531,0.186585,0.229385,2.79176,14.9629,34889,186987,1,0
3532,0.313919,0.457554,3.44983,10.9895,37799,120410,1,0
3533,0.172175,0.207985,11.5112,66.8578,116278,675348,1,0
3534,0.269784,0.369459,12.1227,44.9349,121529,450467,1,0
3535,0.258249,0.348161,5.15533,19.9625,55021,213054,1,0
3536,0.202978,0.25467,8.30243,40.9028,107456,529398,1,0
3537,0.234221,0.305859,4.43801,18.9478,54197,231393,1,0
3538,0.206198,0.25976,13.7877,66.8663,138570,672024,1,0
3539,0.298413,0.425341,16.0803,53.8875,195376,654716,1,0
3540,0.159305,0.189491,33.3767,209.532,344741,2164037,2,0
3541,0.544078,1.19336,16.8175,30.9106,212474,390521,1,0
3542,0.43161,0.759355,15.9385,36.9275,181608,420769,1,0
3543,0.311596,0.452636,3.10599,9.96797,31546,101240,1,0
3544,0.337883,0.510306,3.37434,9.98676,35402,104776,1,0
3545,0.425021,0.739193,5.93738,13.9696,60432,142186,1,0
3546,0.368563,0.583689,18.723,50.8003,267675,726267,1,0
3547,0.4853,0.942878,96.3477,198.549,1150705,2371123,1,0
3548,0.384666,0.625133,7.66831,19.935,83911,218140,1,0
3549,0.236175,0.309201,3.29485,13.9505,40402,171068,1,0
3550,0.481238,0.927666,5.28295,10.9782,69318,144041,1,0
3551,0.340421,0.516118,7.47215,21.9493,119983,352455,1,0
3552,0.308616,0.446374,2.1583,6.99349,21796,70625,1,0
3553,0.518506,1.07687,18.607,35.8866,253759,489404,1,0
3554,0.33991,0.514944,6.44344,18.957,79272,233215,1,0
3555,0.458896,0.848074,19.6792,42.8837,198998,433645,1,0
3556,0.40048,0.668002,13.5848,33.9192,222518,555628,1,0
3557,0.402676,0.674133,9.2368,22.9383,151365,375898,1,0
3558,0.364881,0.574507,10.1983,27.9493,146265,400857,1,0
3559,0.386409,0.629749,11.5695,29.9435,196180,507701,1,0
3560,0.251127,0.33534,2.2524,8.96914,22617,90062,1,0
3561,0.48216,0.9311,6.25137,12.9653,63934,132599,1,0
3562,0.342127,0.52005,17.7394,51.8501,178914,522946,1,0
3563,0.319858,0.47028,47.8657,149.65,633318,1980000,2,0
3564,0.432808,0.763072,51.8166,119.722,580443,1341109,1,0
3565,0.326595,0.484991,8.79711,26.9356,156796,480093,1,0
3566,0.431418,0.758762,20.2484,46.9371,300825,697293,1,0
3567,0.51543,1.06369,12.3297,23.9213,126668,245752,1,0
3568,0.134471,0.155362,2.41363,17.9497,28069,208737,1,0
3569,0.291028,0.410493,1.74199,5.98563,17620,60544,1,0
3570,0.421345,0.728145,381.276,904.932,3848625,9134143,1,0
3571,0.277783,0.384625,6.09846,21.9536,73336,264005,1,0
3572,0.438524,0.78102,6.56941,14.9808,67156,153141,1,0
3573,0.220163,0.282319,1.53616,6.97738,15396,69930,1,0
3574,0.131323,0.151176,2.74989,20.9397,28623,217958,1,0
3576,0.339538,0.514092,172.095,506.827,1925959,5672289,2,0
3577,0.181908,0.222357,0.729115,4.00814,7324,40262,1,0
3578,0.35364,0.547126,10.2319,28.9327,130809,369893,2,0
3579,0.0360019,0.0373464,0.358811,9.96646,4270,118605,1,0
3580,0.288413,0.405309,1.72629,5.9856,19559,67816,1,0
3581,0.348079,0.533927,3.47299,9.97756,37471,107651,1,0
3582,0.0738151,0.079698,7.44071,100.805,81715,1107023,1,0
3583,0.490135,0.961305,4.40753,8.99272,56543,115362,1,0
3584,0.142221,0.165801,2.41443,16.9767,25251,177548,1,0
3585,0.324753,0.48094,29.1509,89.7617,304607,937965,1,0
3586,0.321325,0.47346,74.9945,233.391,751652,2339225,1,0
3587,0.189078,0.233164,20.1823,106.741,215642,1140492,1,0
3588,0.253101,0.338869,2.27142,8.97454,29488,116507,1,0
3589,0.314948,0.459744,21.046,66.8247,258209,819846,1,0
3590,0.196181,0.244061,6.06124,30.8963,60983,310851,1,0
3591,0.386363,0.629627,11.164,28.8946,131570,340535,1,0
3592,0.0469048,0.0492131,1.35694,28.9299,14047,299479,1,0
3593,0.438894,0.782194,50.347,114.715,605341,1379242,1,0
3594,0.332832,0.498873,8.30024,24.9386,88994,267384,1,0
3595,0.308586,0.446311,3.07915,9.97824,31369,101654,1,0
3596,0.444574,0.800419,19.9647,44.9074,207632,467036,1,0
3597,0.299899,0.428366,2.39488,7.98566,24389,81324,1,0
3598,0.381869,0.617781,16.0149,41.9376,228860,599315,1,0
3599,0.473883,0.900716,8.04066,16.9676,92273,194717,1,0
3600,0.49834,0.993383,9.42558,18.9137,102691,206066,1,0
3601,0.199252,0.248832,2.9798,14.9556,35950,180425,1,0
3602,0.398641,0.662901,9.12645,22.8936,123767,310472,1,0
3603,0.310666,0.450675,6.82016,21.9528,115627,372191,1,0
3604,0.390409,0.640444,8.17692,20.9445,83079,212800,2,0
3605,0.467503,0.877944,30.8037,65.8881,442691,946927,1,0
3606,0.320235,0.471097,6.3862,19.9427,74341,232145,1,0
3607,0.490177,0.961465,15.6557,31.9388,158212,322765,1,0
3608,0.41583,0.71183,14.9321,35.9101,244266,587418,1,0
3609,0.414549,0.708086,13.6513,32.9284,212323,512178,1,0
3610,0.288103,0.404698,5.75449,19.9735,82195,285297,1,0
3611,0.413991,0.706458,6.18853,14.9484,99713,240858,2,0
3612,0.344861,0.526394,4.81573,13.9642,49062,142266,1,0
3613,0.362909,0.569634,30.7748,84.7993,315792,870169,1,0
3614,0.246997,0.328016,1.2334,4.99359,12461,50450,1,0
3615,0.264098,0.358877,11.0689,41.9115,146357,554176,1,0
3616,0.340556,0.516428,32.9576,96.7722,368698,1082637,1,0
3617,0.343227,0.522595,27.7562,80.8687,475489,1385350,1,0
3618,0.359969,0.562424,72.1957,200.572,1091306,3031667,1,0
3619,0.210107,0.265994,2.30235,10.9583,26480,126031,1,0
3620,0.376628,0.60418,3.38814,8.99597,34982,92882,1,0
3621,0.346565,0.530375,1.73391,5.00307,17941,51768,1,0
3622,0.426807,0.744613,16.6055,38.9063,167086,391479,1,0
3623,0.152699,0.180218,2.13049,13.9521,25711,168377,1,0
3624,0.303556,0.435865,20.6121,67.9015,212002,698396,1,0
3625,0.416111,0.712654,4.57624,10.9977,45865,110223,1,0
3627,0.473808,0.900446,34.0179,71.7955,428472,904316,1,0
3628,0.228225,0.295714,5.23814,22.9521,58767,257496,1,0
3629,0.469044,0.883394,9.36254,19.9609,94494,201461,1,0
3630,0.420535,0.725729,7.55773,17.9716,96130,228590,2,0
3632,0.0802568,0.08726,4.24372,52.8756,51878,646400,1,0
3633,0.281922,0.392606,3.65516,12.9652,41162,146005,1,0
3634,0.0420933,0.043943,1.76433,41.9145,19371,460192,1,0
3635,0.234748,0.30676,3.74719,15.9629,46991,200176,1,0
3636,0.255135,0.342525,1.27458,4.99572,13465,52776,1,0
3637,0.235096,0.307354,10.5493,44.8725,108342,460841,1,0
3638,0.318073,0.466432,1.903,5.98292,19085,60002,1,0
3639,0.215399,0.274534,6.23935,28.9665,66640,309379,1,0
3640,0.287846,0.404191,3.73325,12.9698,48085,167051,1,0
3641,0.360012,0.56253,14.0129,38.9232,172181,478264,1,0
3642,0.393137,0.647817,54.9122,139.683,662467,1685081,1,0
3643,0.141497,0.164818,2.68168,18.9522,26959,190527,1,0
3644,0.0877803,0.0962272,6.4759,73.7741,66911,762255,1,0
3645,0.527771,1.11762,14.747,27.9426,183485,347660,1,0
3646,0.279959,0.38881,4.4654,15.9501,46964,167753,1,0
3647,0.294887,0.418213,2.65034,8.98762,26994,91540,1,0
3648,0.284272,0.39718,7.37236,25.9339,76807,270188,2,0
3649,0.396881,0.658046,9.8964,24.9353,100689,253701,1,0
3650,0.275139,0.379575,9.05716,32.9183,129257,469788,2,0
3651,0.460677,0.854177,24.3577,52.8743,272017,590472,1,0
3652,0.492303,0.969679,9.83098,19.9695,111996,227494,1,0
3653,0.205314,0.258359,2.04907,9.98038,24974,121638,2,0
3654,0.395669,0.654723,7.50139,18.9585,98657,249342,1,0
3655,0.375836,0.602143,16.8741,44.8966,273791,728485,1,0
3656,0.431485,0.758968,13.782,31.9408,138923,321965,2,0
3657,0.391587,0.64362,16.4169,41.926,257892,658582,1,0
3658,0.338716,0.512209,4.05264,11.9646,49630,146524,1,0
3659,0.394533,0.651617,2.36028,5.98244,24132,61166,1,0
3660,0.376585,0.604068,16.5343,43.9066,254574,676007,1,0
3661,0.347199,0.531859,7.61461,21.9321,106841,307723,1,0
3662,0.295623,0.419694,51.8871,175.532,809931,2739746,4,0
3663,0.334427,0.502465,2.67032,7.98474,27011,80768,1,0
3664,0.406558,0.685084,4.86062,11.9555,49807,122509,1,0
3665,0.210113,0.266005,1.46983,6.9954,14838,70619,1,0
3666,0.314873,0.459583,25.454,80.8363,322796,1025163,1,0
3667,0.342655,0.521271,22.2255,64.8617,261517,763208,1,0
3668,0.24772,0.329292,28.9268,116.78,541482,2185862,1,0
3669,0.428364,0.749363,35.9052,83.8134,505325,1179664,1,0
3670,0.181795,0.222188,2.36195,12.9921,27430,150884,1,0
3671,0.375544,0.601394,4.12908,10.9949,42364,112807,1,0
3672,0.297378,0.423239,2.07729,6.98536,21228,71384,1,0
3673,0.412702,0.702713,49.8248,120.729,502264,1217014,1,0
3674,0.470391,0.888187,12.6679,26.9296,156066,331779,1,0
3675,0.502483,1.00998,25.0684,49.8895,259582,516599,1,0
3676,0.370694,0.589052,5.1796,13.9727,51912,140040,2,0
3678,0.391512,0.643418,4.29574,10.9722,52048,132941,1,0
3679,0.455746,0.837378,10.001,21.944,111764,245233,2,0
3681,0.481831,0.929872,11.5597,23.9913,153163,317877,1,0
3682,0.00256883,0.00257544,0.0179457,6.98612,223,86810,1,0
3683,0.170603,0.205696,2.38837,14,28899,169393,1,0
3684,0.362836,0.569455,20.6233,56.8395,224233,618001,1,0
3685,0.137682,0.159666,1.09732,7.97003,12148,88232,1,0
3686,0.515351,1.06335,16.4537,31.9263,209060,405665,1,0
3687,0.14686,0.17214,13.0312,88.7315,138760,944846,1,0
3688,0.377322,0.605967,7.16438,18.9874,74769,198157,1,0
3689,0.306544,0.442052,11.0257,35.9678,110551,360637,1,0
3690,0.25478,0.341885,6.09411,23.9191,65447,256877,1,0
3691,0.176244,0.213952,1.75874,9.97898,23883,135511,1,0
3692,0.266454,0.363241,5.32983,20.002,65128,244425,1,0
3693,0.441052,0.789077,26.446,59.9574,350234,794087,1,0
3694,0.120658,0.137214,3.37115,27.9394,34801,288427,1,0
3695,0.548218,1.21345,18.6012,33.9303,226734,413584,1,0
3696,0.391851,0.644334,4.29621,10.9639,45807,116899,1,0
3697,0.207156,0.261283,3.30469,15.9526,33272,160613,1,0
3698,0.376334,0.603421,6.39228,16.9857,65645,174433,1,0
3699,0.405271,0.681438,8.88774,21.9303,90514,223342,1,0
3700,0.400405,0.667791,407.455,1017.68,5830268,14560942,1,0
3701,0.524962,1.1051,10.9801,20.9162,133669,254626,1,0
3702,0.372266,0.593032,15.236,40.9277,153562,412506,1,0
3703,0.216704,0.276657,2.16402,9.98577,25131,115969,1,0
3704,0.390363,0.640321,9.34331,23.935,123062,315250,1,0
3705,0.340393,0.516054,6.10943,17.948,100322,294724,1,0
3706,0.420089,0.724402,4.19124,9.97702,42513,101200,1,0
3707,0.464541,0.867556,11.1146,23.9256,153180,329745,1,0
3708,0.265297,0.361094,3.43522,12.9485,42894,161683,1,0
3709,0.482486,0.932315,40.9111,84.7929,414193,858456,1,0
3710,0.327446,0.486869,10.1264,30.924,176032,537591,1,0
3711,0.389353,0.637607,12.0416,30.9284,173621,445922,1,0
3712,0.351957,0.543107,145.73,414.053,2383982,6773511,1,0
3713,0.427506,0.746745,17.9082,41.8896,185522,433963,1,0
3714,0.192871,0.23896,2.11494,10.9656,21233,110089,1,0
3715,0.290574,0.40959,3.48449,11.9916,45288,155857,1,0
3716,0.403041,0.675158,6.03264,14.968,67054,166370,1,0
3717,0.270765,0.3713,6.21703,22.9624,110869,409466,1,0
3718,0.244454,0.323546,4.39051,17.9618,66580,272362,1,0
3719,0.248249,0.330228,1.73455,6.98726,19919,80238,1,0
3720,0.359084,0.560267,6.0881,16.9546,62393,173756,1,0
3721,0.268505,0.367064,2.41234,8.98436,24594,91596,1,0
3722,0.319859,0.470284,3.51037,10.9745,41979,131242,1,0
3723,0.340033,0.515228,12.542,36.8852,127755,375713,1,0
3725,0.0184585,0.0188057,0.0552211,2.99165,570,30880,1,0
3726,0.458097,0.845348,5.03202,10.9847,62456,136338,1,0
3727,0.300563,0.429721,7.19768,23.948,80399,267495,1,0
3729,0.511991,1.04914,14.8113,28.9297,196734,384253,1,0
3730,0.121682,0.13854,1.45538,11.9607,17318,142322,1,0
3731,0.220963,0.283636,1.98634,8.98962,22230,100605,1,0
3732,0.307152,0.443317,13.1789,42.9068,141987,462270,1,0
3733,0.0307124,0.0316855,1.5335,49.9289,17041,554858,1,0
3734,0.315078,0.460021,5.34463,16.9627,66980,212582,1,0
3735,0.0650017,0.0695207,0.71362,10.9787,7483,115120,1,0
3736,0.256276,0.344586,6.38975,24.9328,64504,251697,1,0
3737,0.290762,0.409964,6.09033,20.9461,61044,209945,1,0
3738,0.183555,0.224822,5.31067,28.9327,56842,309673,1,0
3739,0.346797,0.530917,78.924,227.559,1018233,2936108,1,0
3740,0.317915,0.466092,3.48723,10.9691,43004,135269,1,0
3741,0.377726,0.60701,10.5639,27.967,129355,342457,2,0
3742,0.0624515,0.0666114,3.67773,58.8909,38032,608985,1,0
3743,0.506992,1.02836,18.7255,36.9343,235958,465408,1,0
3744,0.548441,1.21455,9.84683,17.9544,114430,208646,1,0
3745,0.294468,0.417371,5.29731,17.9894,53244,180814,1,0
3746,0.324408,0.480183,15.5357,47.8894,163738,504729,2,0
3747,0.342342,0.520547,16.0574,46.9044,163597,477876,1,0
3748,0.424932,0.738925,9.75034,22.9459,140123,329754,2,0
3749,0.533516,1.1437,11.1882,20.9706,135091,253209,1,0
3750,0.426856,0.744762,8.0917,18.9565,81903,191875,1,0
3751,0.203691,0.255795,1.21395,5.95985,14777,72546,1,0
3752,0.477313,0.913191,5.25159,11.0025,69019,144599,1,0
3753,0.300598,0.429794,13.7967,45.8971,234192,779086,1,0
3754,0.387208,0.631876,3.09568,7.99487,31336,80928,1,0
3755,0.244477,0.323586,10.9759,44.8929,136948,560168,1,0
3756,0.479081,0.919686,23.8909,49.8691,366847,765730,2,0
3757,0.38976,0.6387,8.94842,22.9589,90544,232307,1,0
3758,0.330778,0.494273,7.93031,23.9754,120879,365438,1,0
3759,0.320677,0.472053,4.47777,13.9638,61466,191676,1,0
3760,0.347345,0.532203,7.27284,20.9389,119469,343949,1,0
3761,0.381384,0.616512,5.70967,14.9709,57901,151818,2,0
3762,0.337377,0.509153,2.69463,7.98702,27007,80050,1,0
3763,0.348475,0.53486,9.03306,25.9221,115956,332753,1,0
3764,0.427651,0.747187,14.0942,32.9564,156452,365840,1,0
3765,0.245279,0.324994,4.15461,16.9378,73171,298317,1,0
3766,0.417598,0.717028,75.834,181.589,1132416,2711735,1,0
3767,0.152554,0.180016,7.45627,48.8773,86661,568067,1,0
3768,0.436591,0.774909,7.4034,16.9573,75590,173137,1,0
3769,0.195977,0.243746,1.36982,6.98979,14089,71891,1,0
3770,0.309925,0.449117,8.3576,26.9665,100733,325024,1,0
3774,0.391951,0.644605,5.08264,12.9675,51493,131376,1,0
3776,0.507504,1.03047,16.2102,31.9409,215271,424176,1,0
3777,0.146463,0.171596,0.877972,5.99424,10769,73527,1,0
3778,0.15862,0.188524,6.4839,40.8791,77410,488021,1,0
3779,0.0184306,0.0187767,0.735747,39.9201,8166,443067,1,0
3780,0.43501,0.769944,63.3946,145.724,791666,1819878,1,0
3781,0.438767,0.78179,7.44156,16.9602,81633,186051,2,0
3782,0.333185,0.499666,5.64786,16.951,59016,177127,1,0
3783,0.253113,0.338891,4.29737,16.9781,43071,170165,1,0
3784,0.26131,0.353747,15.1216,57.8686,161747,618986,1,0
3785,0.164182,0.196432,0.985268,6.00117,12608,76793,1,0
3786,0.336446,0.507037,15.0881,44.8468,184811,549303,1,0
3787,0.35441,0.548972,14.1479,39.9192,171143,482895,1,0
3788,0.0664324,0.0711598,0.595629,8.96578,6164,92786,1,0
3789,0.425337,0.74015,11.8652,27.8962,152063,357512,1,0
3790,0.382009,0.618146,10.6658,27.9199,119900,313867,1,0
3791,0.290145,0.408738,4.91971,16.9562,49481,170539,1,0
3792,0.26714,0.364516,19.4524,72.8173,198345,742477,1,0
3793,0.424534,0.737722,16.5078,38.8856,236971,558191,1,0
3794,0.404256,0.678573,12.5067,30.9376,180033,445344,1,0
3795,0.420042,0.724264,10.0588,23.9476,112229,267185,1,0
3796,0.254183,0.340811,3.03944,11.9577,36857,145002,1,0
3797,0.39549,0.654234,11.0604,27.9661,145760,368555,1,0
3798,0.384916,0.625796,11.5166,29.9201,188305,489210,1,0
3799,0.37956,0.61176,4.1687,10.983,42094,110902,1,0
3800,0.27894,0.386847,8.90645,31.9303,111253,398842,1,0
3801,0.415052,0.709553,35.6161,85.8068,493120,1188093,2,0
3802,0.357659,0.556806,8.20415,22.9385,84134,235235,1,0
3803,0.37751,0.60645,9.79153,25.9379,153062,405452,1,0
3804,0.307741,0.444547,12.5904,40.9095,175591,570580,1,0
3805,0.364804,0.574318,15.6481,42.8956,248543,681305,1,0
3806,0.368803,0.584292,30.1866,81.8502,309048,837975,1,0
3807,0.350807,0.540373,1.39715,3.98267,14067,40099,1,0
3808,0.24631,0.326806,4.17394,16.9459,54738,222232,1,0
3809,0.453014,0.828201,177.596,392.011,1971741,4352493,2,0
3810,0.286524,0.401589,7.72341,26.9561,135245,472020,1,0
3811,0.355073,0.550562,82.191,231.463,1281062,3607887,2,0
3812,0.183503,0.224744,3.84427,20.9487,44626,243190,1,0
3813,0.47445,0.90277,9.01365,18.9982,95644,201589,1,0
3814,0.229683,0.298167,2.29203,9.97919,23478,102219,1,0
3815,0.104301,0.116446,1.35346,12.9771,16280,156087,1,0
3816,0.309002,0.447183,4.92883,15.9507,49458,160057,1,0
3818,0.368476,0.583472,19.1139,51.8743,229686,623340,1,0
3819,0.442151,0.792601,8.37048,18.9313,85543,193470,1,0
3820,0.111948,0.12606,0.671098,5.99456,7896,70533,1,0
3821,0.544582,1.19579,44.0033,80.7994,580306,1065598,1,0
3822,0.152012,0.179262,1.36229,8.96159,15416,101413,1,0
3823,0.370043,0.58741,47.9951,129.7,519851,1404840,1,0
3824,0.07108,0.076519,1.91535,26.9465,21238,298790,1,0
3825,0.422575,0.731828,3.37438,7.98532,42255,99994,1,0
3826,0.192615,0.238567,3.65781,18.9897,38927,202097,1,0
3827,0.326921,0.485709,7.49936,22.9393,75655,231417,1,0
3828,0.238594,0.31336,5.48365,22.9832,54978,230425,1,0
3829,0.327506,0.487003,24.1835,73.8384,255865,781252,1,0
3830,0.325488,0.482554,4.54575,13.9661,58570,179945,1,0
3831,0.36814,0.582629,73.0913,198.534,899948,2444582,1,0
3832,0.492054,0.968714,17.1969,34.9498,226994,461319,1,0
3833,0.0523751,0.0552699,2.08873,39.88,21571,411856,1,0
3834,0.543261,1.18944,15.1775,27.9376,193375,355952,1,0
3835,0.40569,0.682623,9.30356,22.9327,99222,244576,2,0
3836,0.234996,0.307183,3.98805,16.9707,40496,172326,1,0
3837,0.394029,0.650245,122.291,310.367,1246421,3163269,1,0
3838,0.388036,0.634083,13.9463,35.9409,198797,512316,1,0
3839,0.384684,0.62518,15.3531,39.9102,184195,478822,1,0
3840,0.374056,0.597587,5.97695,15.9787,60033,160492,1,0
3841,0.253491,0.339569,3.54441,13.9823,43368,171083,1,0
3842,0.377644,0.606796,4.50529,11.9299,59500,157556,1,0
3843,0.364279,0.573017,40.7037,111.737,678090,1861458,1,0
3844,0.42209,0.730374,18.1186,42.9261,182806,433097,1,0
3845,0.279565,0.388051,44.9234,160.684,561742,2009342,1,0
3846,0.532359,1.13839,16.974,31.8851,255695,480306,1,0
3847,0.401698,0.671395,4.81306,11.9818,48652,121116,1,0
3848,0.397058,0.658533,7.92509,19.9595,123498,311033,1,0
3849,0.262206,0.355393,3.14489,11.9943,42237,161083,1,0
3850,0.418427,0.719475,8.7731,20.9664,143931,343981,1,0
3851,0.321857,0.474616,1.59994,4.971,16360,50830,1,0
3852,0.3882,0.634522,6.19263,15.9521,62239,160327,1,0
3853,0.243613,0.322074,10.9491,44.9457,136772,561432,1,0
3854,0.416396,0.713489,9.13803,21.9458,103934,249604,1,0
3855,0.345149,0.527064,6.20141,17.9672,109399,316962,1,0
3856,0.53811,1.16502,39.2145,72.8739,555341,1032022,1,0
3857,0.249734,0.33286,2.98032,11.9338,34702,138956,1,0
3858,0.465691,0.871578,38.5844,82.8548,397177,852876,1,0
3860,0.198321,0.247383,42.3492,213.579,503144,2537014,1,0
3861,0.0612555,0.0652526,0.549536,8.9712,5516,90049,1,0
3863,0.261193,0.353534,2.34911,8.99385,28784,110202,1,0
3864,0.428974,0.751235,2.9934,6.97807,30419,70911,1,0
3866,0.434815,0.769331,9.98129,22.9545,131331,302039,1,0
3867,0.28679,0.402111,3.43474,11.9763,38521,134318,2,0
3868,0.246823,0.32771,7.1423,28.9373,76630,310465,1,0
3869,0.185457,0.227683,14.436,77.8422,159444,859734,1,0
3870,0.343819,0.523969,3.7634,10.9458,46923,136476,1,0
3871,0.273809,0.377048,2.46343,8.99677,26747,97685,1,0
3872,0.321518,0.473879,7.70038,23.95,79897,248499,1,0
3873,0.182951,0.223917,1.82353,9.9673,18309,100076,1,0
3874,0.307031,0.443065,67.6982,220.484,726140,2365041,1,0
3875,0.247644,0.329158,3.71274,14.9919,48277,194945,1,0
3876,0.289882,0.408217,7.51691,25.931,92428,318847,1,0
3877,0.319635,0.4698,11.4873,35.9382,136629,427453,1,0
3878,0.0411807,0.0429494,1.02692,24.9358,10621,257912,1,0
3879,0.435962,0.772929,7.83536,17.9722,94523,216815,1,0
3880,0.421785,0.729461,23.1531,54.8932,246034,583316,2,0
3881,0.427602,0.747037,227.816,532.776,2290805,5357327,1,0
3882,0.380016,0.612944,8.33827,21.9419,84902,223417,1,0
3883,0.367079,0.579975,16.4862,44.9156,236820,645148,1,0
3884,0.376465,0.603758,10.5124,27.9256,143520,381231,1,0
3885,0.508344,1.03394,18.2727,35.9456,195895,385359,1,0
3886,0.242467,0.320075,20.8147,85.8419,257060,1060185,1,0
3887,0.612495,1.58061,231.664,378.244,2897980,4731435,1,0
3888,0.397958,0.661014,272.013,683.51,4479347,11255821,2,0
3889,0.367673,0.581461,6.97505,18.9708,70455,191624,1,0
3890,0.341997,0.51975,13.6533,39.923,166376,486484,1,0
3891,0.435472,0.771392,21.3087,48.9322,304413,699041,1,0
3892,0.348929,0.53593,3.13594,8.98733,31704,90861,1,0
3893,0.418551,0.719842,10.4342,24.9286,158430,378520,1,0
3894,0.293111,0.414649,12.5831,42.9293,169086,576867,1,0
3895,0.367238,0.580372,17.2279,46.9112,276737,753564,1,0
3896,0.488177,0.953802,26.3059,53.8857,267448,547850,1,0
3898,0.145224,0.169898,2.60934,17.9678,34575,238080,1,0
3899,0.43141,0.758737,4.73371,10.9727,52755,122285,2,0
3900,0.296579,0.421624,5.61574,18.9344,95790,322983,2,0
3901,0.341448,0.518483,6.47507,18.9641,90984,266465,1,0
3902,0.265629,0.361709,2.38559,8.98105,27865,104902,1,0
3903,0.122215,0.139232,1.22126,9.99256,12646,103473,1,0
3904,0.132005,0.15208,1.05279,7.97544,10603,80323,1,0
3905,0.33553,0.504959,37.4898,111.733,461895,1376613,1,0
3906,0.393219,0.648041,8.25089,20.9829,82889,210796,1,0
3908,0.464408,0.867094,9.73072,20.9531,118054,254203,1,0
3909,0.191139,0.236306,17.5433,91.783,206477,1080247,1,0
3910,0.499159,0.996641,23.3974,46.8767,311810,624671,1,0
3911,0.237634,0.311707,3.79597,15.9742,44964,189215,1,0
3912,0.386469,0.62991,7.70699,19.9422,83167,215197,1,0
3913,0.110964,0.124814,2.10393,18.9603,23087,208058,1,0
3914,0.338696,0.512164,3.38641,9.99835,42209,124622,1,0
3915,0.0808369,0.0879461,0.644815,7.97675,6754,83551,1,0
3916,0.355588,0.551803,8.51575,23.9484,88811,249758,1,0
3917,0.180394,0.220098,3.61012,20.0124,36194,200639,1,0
3918,0.242387,0.319934,6.28716,25.9386,67144,277012,1,0
3919,0.213871,0.272055,1.2806,5.98762,16631,77762,1,0
3920,0.289181,0.406828,102.425,354.184,1255556,4341764,1,0
3921,0.376875,0.604814,134.251,356.241,1634689,4337483,2,0
3922,0.051365,0.0541462,1.53924,29.9668,15908,309705,1,0
3923,0.476206,0.909149,13.314,27.9588,166997,350682,1,0
3924,0.407798,0.688612,4.07081,9.98244,43616,106955,1,0
3925,0.405318,0.68157,3.23493,7.98122,32988,81388,1,0
3926,0.307233,0.443488,8.89652,28.9569,90605,294906,1,0
3927,0.365517,0.576086,12.389,33.8943,176844,483819,1,0
3928,0.498631,0.99454,10.9465,21.9531,150641,302109,1,0
3929,0.457162,0.842169,12.7624,27.9166,140051,306349,2,0
3930,0.191737,0.237222,2.67661,13.9595,32446,169221,1,0
3931,0.363841,0.571933,2.90052,7.97196,35616,97889,1,0
3932,0.382425,0.619235,12.2201,31.955,198481,519007,1,0
3933,0.384274,0.6241,3.07254,7.99577,31117,80976,1,0
3934,0.307968,0.44502,8.30692,26.9738,103764,336931,1,0
3935,0.42717,0.745719,17.0404,39.8897,236754,554238,1,0
3936,0.451576,0.823407,16.6701,36.9162,168605,373370,1,0
3937,0.349576,0.537458,5.58825,15.9863,85050,243295,1,0
3938,0.297397,0.423278,138.569,465.908,1865581,6273037,2,0
3939,0.377808,0.607221,8.67119,22.9517,134120,354995,1,0
3940,0.229882,0.298501,1.60255,6.97126,16394,71315,1,0
3942,0.289957,0.408366,3.18558,10.9861,41619,143535,1,0
3943,0.452741,0.827288,215.492,475.969,2397706,5295979,1,0
3944,0.347452,0.532455,26.346,75.8299,415944,1197126,1,0
3945,0.344348,0.525199,7.90849,22.9662,119687,347576,1,0
3946,0.219301,0.280903,2.62585,11.974,30160,137528,1,0
3947,0.340325,0.515897,6.11937,17.9809,62875,184750,1,0
3948,0.25922,0.349929,1.29587,4.99912,13284,51246,1,0
3949,0.089359,0.0981276,2.13825,23.9305,25417,284437,1,0
3951,0.362576,0.568814,11.2232,30.9528,135528,373792,1,0
3952,0.272208,0.374019,5.97703,21.9578,74297,272942,2,0
3953,0.445319,0.802839,20.4437,45.9051,269803,605864,1,0
3954,0.160121,0.190648,3.35475,20.9516,40333,251890,1,0
3955,0.34003,0.515222,5.09063,14.9713,55088,162009,1,0
3956,0.128676,0.147679,4.2326,32.8925,46308,359880,1,0
3957,0.302287,0.433254,7.54246,24.9512,116606,385746,1,0
3958,0.234056,0.305578,3.73578,15.961,39290,167866,1,0
3959,0.334496,0.502621,5.67583,16.9685,59534,177981,1,0
3960,0.27111,0.371949,22.1911,81.8526,222901,822179,1,0
3961,0.28941,0.40728,4.90761,16.9574,52698,182088,1,0
3962,0.386221,0.629251,10.4123,26.9602,133785,346395,1,0
3963,0.198787,0.248107,5.75866,28.9677,70352,353907,1,0
3964,0.507267,1.0295,20.7361,40.878,244359,481717,1,0
3965,0.103174,0.115043,2.67677,25.9446,27579,267306,1,0
3966,0.468422,0.881192,40.185,85.7924,485370,1036181,1,0
3967,0.361661,0.566566,10.4586,28.9183,111797,309121,2,0
3968,0.515848,1.06547,80.807,156.653,824897,1599108,1,0
3969,0.382286,0.618871,4.57361,11.9639,46562,121799,1,0
3970,0.389197,0.63719,21.3517,54.8626,310059,796663,1,0
3971,0.303065,0.434855,6.04731,19.955,87965,290251,1,0
3972,0.498427,0.993728,18.3941,36.9042,193608,388438,1,0
3973,0.235255,0.307625,3.52213,14.9714,42061,178789,1,0
3974,0.290893,0.410223,30.7703,105.762,423710,1456586,1,0
3975,0.32989,0.492293,8.89385,26.9614,147451,446970,1,0
3976,0.412384,0.701793,5.34435,12.9596,53871,130633,1,0
3977,0.268717,0.367459,3.75234,13.9635,45447,169126,1,0
3978,0.4341,0.767097,110.874,255.406,1592283,3668010,1,0
3979,0.46887,0.882777,5.61438,11.9743,56759,121055,1,0
3980,0.293185,0.414798,5.56236,18.9718,84170,287088,1,0
3981,0.351989,0.543183,11.2523,31.9663,153119,435011,1,0
3982,0.349551,0.5374,7.32237,20.9468,114212,326739,2,0
3983,0.390089,0.639584,7.00006,17.9449,70926,181820,1,0
3984,0.225323,0.290861,1.34996,5.99122,13621,60451,1,0
3985,0.263592,0.357944,7.10233,26.945,92139,349551,2,0
3986,0.430864,0.757048,58.0467,134.722,646572,1500642,1,0
3987,0.293947,0.416325,16.7163,56.869,314069,1068453,1,0
3988,0.479079,0.919675,19.6009,40.9149,287232,599551,1,0
3989,0.237951,0.312252,5.22941,21.9769,60166,252850,1,0
3990,0.485765,0.944634,9.70222,19.9731,99760,205367,1,0
3991,0.215683,0.274995,2.79911,12.978,28809,133571,1,0
3992,0.0725009,0.0781682,2.09911,28.9526,24870,343030,1,0
3993,0.344553,0.525676,74.9644,217.555,779131,2261281,1,0
3994,0.424901,0.738831,6.78146,15.9603,85332,200828,2,0
3995,0.254503,0.341388,5.08356,19.9742,59750,234771,1,0
3996,0.37271,0.59416,14.8719,39.9035,197292,529344,1,0
3997,0.0965051,0.106813,2.11632,21.9298,25879,268162,1,0
3998,0.252477,0.337752,2.27161,8.99722,24663,97684,1,0
3999,0.0500417,0.0526778,5.04377,100.79,55754,1114151,1,0
4000,0.322683,0.476413,6.11788,18.9593,76108,235860,1,0
4001,0.223274,0.287455,1.56244,6.99788,16487,73842,1,0
4002,0.264741,0.360064,3.69735,13.9658,38834,146687,1,0
4003,0.219264,0.280843,3.27943,14.9565,32889,149997,1,0
4004,0.195742,0.243382,6.0535,30.9258,64880,331457,1,0
4005,0.192432,0.238286,3.26491,16.9657,42007,218295,1,0
4006,0.356058,0.552934,34.1184,95.8157,412207,1157697,2,0
4007,0.0943749,0.10421,4.14018,43.8688,42754,453023,1,0
4008,0.5339,1.14546,177.862,333.153,2225965,4169252,1,0
4009,0.389709,0.638564,4.27016,10.9574,45490,116728,1,0
4010,0.0124743,0.0126319,0.0747168,5.98967,758,60765,1,0
4011,0.316529,0.46312,12.645,39.9489,128791,406885,1,0
4012,0.34605,0.52917,94.9355,274.366,1390645,4018621,1,0
4013,0.424182,0.736658,41.0695,96.8115,527622,1243859,1,0
4014,0.462035,0.858855,21.2051,45.8949,244651,529508,1,0
4015,0.287306,0.403126,20.6356,71.8249,249128,867118,1,0
4016,0.402866,0.674665,16.8697,41.8752,230626,572464,1,0
4017,0.320362,0.471372,35.7685,111.657,566450,1768155,2,0
4018,0.194648,0.241692,8.54455,43.898,86087,442271,1,0
4019,0.261254,0.353644,2.60035,9.95323,32449,124205,1,0
4020,0.391087,0.642271,11.6925,29.8963,162756,416163,1,0
4021,0.471074,0.890623,73.7874,156.636,746425,1584518,1,0
4022,0.314367,0.458507,80.6172,256.45,1226498,3901480,1,0
4023,0.408613,0.690939,14.6842,35.9364,212139,519169,1,0
4024,0.403455,0.67632,5.64702,13.997,94419,234026,1,0
4025,0.309587,0.448409,12.9717,41.9,131096,423454,1,0
4026,0.213284,0.271107,1.70263,7.98297,17096,80156,1,0
4027,0.362886,0.569578,33.6686,92.7825,445493,1227639,1,0
4028,0.413398,0.704734,11.9462,28.8973,133495,322921,1,0
4029,0.295233,0.41891,5.00363,16.9487,82224,278505,1,0
4030,0.242941,0.320901,3.15722,12.9961,48123,198085,1,0
4031,0.247674,0.32921,14.5712,58.8317,167487,676241,1,0
4032,0.398458,0.662395,4.77199,11.9761,48800,122472,1,0
4033,0.11456,0.129382,1.94049,16.9385,19533,170504,1,0
4034,0.426683,0.744235,55.3291,129.67,654078,1532937,2,0
4036,0.343076,0.522247,7.54132,21.9823,89582,261114,1,0
4037,0.323465,0.47812,3.88394,12.0072,48860,151052,1,0
4038,0.593923,1.46259,10.6753,17.9741,141763,238689,1,0
4039,0.23011,0.298887,2.29527,9.97456,25782,112042,1,0
4040,0.300132,0.428841,3.89562,12.9797,45268,150827,1,0
4041,0.0624253,0.0665817,0.996745,15.9671,11026,176627,1,0
4042,0.440005,0.785732,4.37967,9.95363,54496,123853,1,0
4043,0.0873116,0.0956641,0.871057,9.97648,9110,104339,1,0
4044,0.294197,0.416827,4.10651,13.9584,42934,145936,1,0
4045,0.192553,0.238471,2.11223,10.9696,21170,109944,1,0
4046,0.261833,0.354707,3.6576,13.9694,39110,149370,1,0
4047,0.123427,0.140806,0.617,4.99883,7903,64030,1,0
4048,0.462291,0.859741,26.2875,56.8637,310387,671411,1,0
4049,0.135915,0.157294,2.57682,18.9592,26438,194518,1,0
4050,0.518032,1.07483,11.8647,22.9033,152316,294028,1,0
4051,0.405442,0.681923,4.85925,11.985,52253,128879,1,0
4052,0.33319,0.499679,17.6184,52.8777,177222,531894,1,0
4053,0.41192,0.700449,23.4048,56.8188,238542,579098,1,0
4054,0.496844,0.987456,5.94936,11.9743,76594,154161,1,0
4055,0.302217,0.43311,31.0615,102.779,437712,1448337,1,0
4056,0.47137,0.891683,56.8877,120.684,621347,1318172,2,0
4057,0.253126,0.338914,1.26636,5.00289,15162,59899,1,0
4058,0.391033,0.642126,29.2513,74.8095,366393,936987,1,0
4059,0.300065,0.428705,20.3554,67.8355,376080,1253327,1,0
4060,0.351621,0.542307,15.0839,42.898,152045,432412,1,0
4061,0.244159,0.323029,3.41327,13.98,42688,174837,1,0
4062,0.445642,0.803887,29.7976,66.8665,440527,988523,1,0
4063,0.426666,0.744184,8.94078,20.9551,91871,215323,1,0
4064,0.354037,0.548076,72.0683,203.564,1183432,3342680,1,0
4065,0.329435,0.49128,5.26137,15.9707,73187,222159,1,0
4066,0.335337,0.504521,4.34063,12.9449,73701,219782,1,0
4067,0.247606,0.329091,2.22937,9.00369,23038,93043,1,0
4068,0.242307,0.319796,2.17151,8.96183,21859,90212,1,0
4069,0.640087,1.77845,26.8141,41.8908,333578,521145,1,0
4070,0.438494,0.780923,30.6152,69.8193,342399,780853,1,0
4071,0.326274,0.484284,24.7341,75.8054,455125,1394915,1,0
4072,0.247258,0.328477,1.48339,5.9994,17023,68847,1,0
4073,0.430214,0.755044,9.43902,21.94,133895,311229,1,0
4074,0.313139,0.455898,2.81762,8.99799,28888,92253,1,0
4075,0.309789,0.448833,7.41052,23.9213,75496,243701,1,0
4076,0.357458,0.556319,7.13674,19.9649,86927,243181,1,0
4078,0.251884,0.336691,5.02964,19.9684,59569,236494,1,0
4079,0.362593,0.568856,14.1074,38.9071,176397,486488,1,0
4080,0.430584,0.756186,10.7308,24.9212,142284,330444,1,0
4081,0.142682,0.166428,9.67616,67.8205,118146,828037,1,0
4082,0.276458,0.38209,7.16847,25.9298,77465,280205,1,0
4083,0.0330353,0.0341639,3.46133,104.772,38309,1159639,1,0
4084,0.238254,0.312774,4.52237,18.981,69738,292704,1,0
4086,0.243207,0.321365,7.28034,29.9346,73101,300571,1,0
4087,0.351844,0.542838,8.06903,22.9337,85199,242150,1,0
4088,0.342277,0.520396,20.1483,58.8645,209311,611526,1,0
4089,0.185231,0.227341,4.24875,22.9379,54598,294757,1,0
4090,0.382854,0.620361,25.5918,66.8505,350699,916013,1,0
4091,0.0812989,0.0884934,0.649249,7.98581,6707,82498,1,0
4092,0.456003,0.838246,345.332,757.281,4428093,9710661,1,0
4093,0.320533,0.471741,5.11891,15.9701,54430,169811,1,0
4094,0.307839,0.44475,4.59891,14.9394,46270,150306,2,0
4095,0.526004,1.10972,10.4989,19.9596,106599,202658,2,0
4096,0.54323,1.18929,7.59931,13.9891,92863,170946,2,0
4097,0.391624,0.643721,9.7684,24.9429,109150,278711,1,0
4098,0.305419,0.439716,10.0521,32.9121,149310,488870,1,0
4099,0.222888,0.286817,1.55632,6.98252,18995,85222,1,0
4100,0.406621,0.685263,8.9254,21.9501,121256,298204,1,0
4101,0.339411,0.513801,10.8341,31.9192,179141,527799,2,0
4102,0.320978,0.472707,9.60262,29.916,114103,355485,1,0
4103,0.487841,0.952518,11.6791,23.9405,165339,338920,1,0
4104,0.479137,0.919892,4.77957,9.97536,48872,102000,1,0
4105,0.359891,0.562234,30.8827,85.8127,495171,1375892,1,0
4106,0.262987,0.356828,10.2348,38.918,136912,520604,1,0
4107,0.449529,0.816627,8.06602,17.9432,126551,281519,1,0
4108,0.30152,0.43168,4.50931,14.9552,45604,151247,1,0
4109,0.252936,0.338574,6.31696,24.9745,63356,250482,1,0
4110,0.344131,0.524694,2.74751,7.98369,36312,105518,1,0
4111,0.445126,0.802211,23.5299,52.8618,262667,590096,1,0
4112,0.354994,0.550374,15.5822,43.8918,280299,789587,1,0
4113,0.249307,0.332102,3.72937,14.9589,42602,170882,1,0
4114,0.325179,0.481875,4.53236,13.9378,68259,209912,1,0
4115,0.43116,0.757964,3.44412,7.98801,35428,82169,1,0
4116,0.12768,0.146369,1.01842,7.97633,10290,80592,1,0
4117,0.327043,0.48598,3.59112,10.9806,42879,131111,1,0
4118,0.208776,0.263865,14.996,71.8274,154624,740621,2,0
4119,0.54313,1.1888,5.40214,9.94633,66982,123326,1,0
4120,0.0152186,0.0154538,0.15179,9.97409,1853,121759,1,0
4121,0.43123,0.75818,10.3204,23.9325,135947,315254,1,0
4122,0.223267,0.287444,1.78011,7.97295,20034,89731,1,0
4123,0.301405,0.431444,14.1437,46.9241,163543,542603,1,0
4124,0.182371,0.223049,1.64322,9.01023,17994,98667,1,0
4125,0.534813,1.14968,10.6625,19.937,141356,264309,1,0
4126,0.108801,0.122083,0.978967,8.99778,10527,96755,1,0
4127,0.227055,0.293754,2.04308,8.99816,20477,90185,1,0
4128,0.283863,0.396381,7.93228,27.9443,82377,290200,1,0
4129,0.19204,0.237685,7.66481,39.913,82261,428354,1,0
4131,0.316403,0.46285,39.4573,124.7,478619,1512689,1,0
4132,0.145042,0.169648,7.81346,53.8703,80687,556300,1,0
4133,0.568969,1.32002,37.4691,65.8539,466117,819231,1,0
4134,0.506259,1.02535,96.9712,191.544,1107568,2187751,2,0
4135,0.0999703,0.111074,0.298957,2.99045,3030,30309,1,0
4136,0.427671,0.747246,4.26727,9.97794,43344,101349,1,0
4137,0.450736,0.820618,9.894,21.9508,131015,290669,1,0
4138,0.389867,0.638987,12.0572,30.9263,141464,362852,1,0
4139,0.237782,0.311961,9.24829,38.8961,113959,479258,1,0
4140,0.212094,0.269186,9.09667,42.8877,125299,590772,2,0
4141,0.308865,0.446895,8.3226,26.9459,136400,441617,1,0
4142,0.345021,0.526767,3.78777,10.9783,46857,135809,1,0
4143,0.434247,0.767556,18.629,42.8992,257059,591965,1,0
4144,0.382075,0.61832,5.34272,13.9834,54354,142260,1,0
4145,0.382107,0.618402,17.542,45.9053,268872,703657,1,0
4146,0.192297,0.238079,3.45545,17.9685,46397,241278,1,0
4147,0.427307,0.746135,8.96851,20.9887,146538,342934,1,0
4149,0.377139,0.605494,7.52286,19.9472,76733,203461,1,0
4150,0.331615,0.496144,23.1486,69.8058,301855,910257,1,0
4151,0.451442,0.822962,39.1964,86.8251,447215,990636,1,0
4152,0.333154,0.499596,33.5693,100.764,581150,1744389,1,0
4153,0.181859,0.222284,3.26635,17.9609,37289,205043,1,0
4154,0.269689,0.369279,7.25945,26.9172,110563,409965,1,0
4155,0.480681,0.925599,459.428,955.785,4780711,9945705,1,0
4156,0.357841,0.557247,7.49508,20.9453,75536,211088,2,0
4157,0.261874,0.354782,3.6595,13.9745,43205,164984,1,0
4159,0.433492,0.765201,13.4071,30.9276,159109,367040,1,0
4161,0.445573,0.803664,7.99943,17.953,106549,239128,1,0
4162,0.0373865,0.0388385,1.1936,31.926,14626,391211,2,0
4163,0.263382,0.357555,2.36346,8.97353,26084,99035,1,0
4164,0.0653216,0.0698867,1.69417,25.9356,18716,286521,1,0
4165,0.593237,1.45844,30.7757,51.8763,407226,686447,1,0
4166,0.254264,0.340958,2.53556,9.97216,27159,106814,1,0
4167,0.23073,0.299934,2.30328,9.98259,23103,100130,1,0
4168,0.220386,0.282686,9.89244,44.8875,106206,481909,1,0
4169,0.138577,0.16087,0.554914,4.00433,7082,51105,1,0
4170,0.442701,0.794368,13.689,30.9206,165470,373774,2,0
4171,0.0342392,0.035453,0.751037,21.9347,7755,226495,1,0
4172,0.520924,1.08735,35.8815,68.8794,432540,830333,1,0
4173,0.44733,0.809397,4.01376,8.97272,42928,95965,1,0
4174,0.377866,0.607371,3.39712,8.99026,34130,90323,2,0
4175,0.359891,0.562233,51.72,143.706,526624,1463289,1,0
4176,0.447224,0.809051,15.1768,33.9364,178166,398382,2,0
4177,0.468032,0.879811,23.8175,50.8892,257671,550542,1,0
4178,0.167537,0.201254,1.67152,9.97699,20667,123358,1,0
4179,0.437785,0.77868,8.29896,18.9569,107028,244476,1,0
4180,0.307762,0.444589,5.52722,17.96,93935,305220,1,0
4181,0.397899,0.660852,5.56022,13.974,69215,173951,1,0
4182,0.437737,0.778528,80.7971,184.575,1112881,2542350,1,0
4183,0.601678,1.51053,129.094,214.557,1308140,2174153,1,0
4184,0.324211,0.479751,154.634,476.913,2609976,8050246,2,0
4185,0.305504,0.439892,3.3508,10.968,45162,147828,1,0
4186,0.314991,0.459834,6.2798,19.9362,107341,340775,1,0
4187,0.357095,0.55544,5.35085,14.9844,53821,150719,1,0
4188,0.347471,0.532498,5.19369,14.9472,53196,153095,1,0
4189,0.367454,0.580913,3.29867,8.97715,43669,118842,1,0
4190,0.362824,0.569425,6.15651,16.968,68462,188692,1,0
4191,0.373823,0.596992,9.69969,25.947,160102,428283,1,0
4192,0.252472,0.337742,2.27189,8.9985,25918,102657,1,0
4193,0.231411,0.301085,7.15269,30.9095,108699,469723,1,0
4194,0.284311,0.397255,6.23738,21.9387,64969,228514,1,0
4195,0.196922,0.245209,1.76845,8.98047,17875,90772,1,0
4196,0.245652,0.325647,5.14649,20.9507,61081,248649,1,0
4197,0.00828897,0.00835825,0.0330791,3.99072,341,41139,2,0
4198,0.266488,0.363303,1.59568,5.98778,18749,70356,1,0
4199,0.534854,1.14986,123.277,230.493,1637065,3060771,1,0
4200,0.234376,0.306124,3.03645,12.9554,37701,160857,1,0
4201,0.134685,0.155648,16.9334,125.726,205228,1523768,1,0
4202,0.326345,0.48444,3.58013,10.9703,41689,127745,1,0
4203,0.0681859,0.0731754,2.45098,35.945,26968,395507,1,0
4204,0.574625,1.35087,6.87265,11.9604,90354,157240,1,0
4205,0.118854,0.134885,0.830471,6.98737,8726,73418,1,0
4206,0.180993,0.220991,3.42979,18.9498,34380,189952,1,0
4207,0.331257,0.495342,3.63205,10.9646,39132,118132,1,0
4208,0.135415,0.156624,1.61921,11.9574,20924,154518,1,0
4209,0.395133,0.653255,36.2764,91.81,472705,1196320,1,0
4210,0.249091,0.331719,3.23401,12.9832,32594,130852,1,0
4211,0.531071,1.13252,13.7617,25.9133,170642,321317,1,0
4212,0.487683,0.951916,69.08,141.649,746127,1529943,1,0
4213,0.04204,0.0438849,0.587587,13.9768,5912,140628,1,0
4214,0.485618,0.944081,19.3809,39.9096,196906,405475,1,0
4215,0.437472,0.777688,10.0275,22.9212,121373,277442,1,0
4216,0.373022,0.594953,3.72886,9.99636,37485,100490,1,0
4217,0.203953,0.256207,1.22182,5.99052,15076,73919,1,0
4218,0.36562,0.576342,16.781,45.8983,229284,627110,1,0
4219,0.30601,0.440942,11.3066,36.9492,191488,625758,1,0
4220,0.379887,0.61261,8.33515,21.9409,104205,274305,1,0
4221,0.393479,0.648747,8.2339,20.9255,113820,289266,1,0
4222,0.421014,0.727156,4.20084,9.97791,42487,100916,1,0
4223,0.388402,0.63506,12.0163,30.9369,181732,467897,1,0
4224,0.386003,0.628673,5.78403,14.9845,77357,200405,1,0
4225,0.387538,0.632755,6.18931,15.9708,97655,251988,1,0
4226,0.261402,0.353917,1.82281,6.97322,18335,70141,1,0
4227,0.311821,0.453111,10.8956,34.9451,142019,455450,1,0
4228,0.433371,0.764823,31.13,71.8314,345398,797003,1,0
4229,0.301419,0.431473,9.02274,29.9343,144648,479890,1,0
4230,0.357831,0.557223,24.9993,69.8647,292195,816572,1,0
4231,0.253111,0.338886,3.78791,14.9653,57426,226881,1,0
4232,0.273959,0.377332,3.55739,12.9851,36888,134648,1,0
4233,0.251627,0.336232,3.26405,12.9718,33335,132478,1,0
4234,0.204821,0.257578,2.2466,10.9686,26494,129352,1,0
4235,0.0200056,0.0204139,0.139731,6.98459,1440,71980,2,0
4237,0.47946,0.921082,19.6214,40.9229,258123,538362,1,0
4238,0.193737,0.24029,5.41165,27.933,67004,345850,1,0
4239,0.216318,0.276028,2.59145,11.98,30906,142873,1,0
4240,0.346325,0.529812,9.33169,26.9454,103911,300039,1,0
4241,0.217679,0.278248,4.56096,20.9522,50302,231083,1,0
4242,0.436187,0.773637,9.14182,20.9584,117630,269678,1,0
4243,0.181186,0.221279,2.34916,12.9658,25665,141650,1,0
4244,0.230351,0.299293,3.45267,14.9887,34709,150679,1,0
4245,0.010074,0.0101765,0.0903508,8.96875,920,91324,1,0
4246,0.12698,0.145449,0.761709,5.99873,9756,76831,1,0
4247,0.354251,0.54859,52.3168,147.683,634796,1791936,2,0
4248,0.107691,0.120689,2.36361,21.948,24112,223899,1,0
4249,0.397878,0.660792,12.297,30.9064,157848,396725,1,0
4250,0.500269,1.00108,14.479,28.9424,157860,315550,1,0
4251,0.25373,0.339997,2.02647,7.98674,20408,80432,1,0
4252,0.566738,1.30807,23.7508,41.9081,240933,425122,1,0
4253,0.528518,1.12097,12.6568,23.9473,158621,300124,1,0
4254,0.411634,0.699621,22.5969,54.8952,254399,618023,1,0
4255,0.199752,0.249613,1.39484,6.98312,16753,83869,1,0
4256,0.419743,0.723373,22.1879,52.8609,357794,852413,1,0
4257,0.240127,0.31601,18.9291,78.832,240707,1002415,2,0
4258,0.253207,0.339059,8.33448,32.9136,102248,403812,1,0
4259,0.463131,0.862652,42.046,90.7863,425021,917712,1,0
4260,0.395986,0.655591,33.983,85.8147,483218,1220290,1,0
4261,0.39055,0.640825,9.74868,24.9618,166510,426347,2,0
4262,0.30999,0.449255,6.49354,20.9473,82609,266489,2,0
4263,0.390608,0.64098,17.5463,44.9212,273763,700864,4,0
4264,0.353281,0.546266,4.57727,12.9565,46685,132147,1,0
4265,0.287492,0.403493,8.30738,28.8953,106767,371374,1,0
4266,0.447158,0.808836,9.82231,21.9658,110047,246103,1,0
4267,0.205301,0.258339,10.448,50.8921,121779,593172,1,0
4268,0.358372,0.558536,9.64661,26.9177,174519,486977,1,0
4269,0.402171,0.67272,11.6371,28.9373,170260,423352,1,0
4270,0.37229,0.593092,7.80625,20.9679,80632,216584,2,0
4271,0.218723,0.279955,1.74613,7.98331,17605,80490,1,0
4272,0.239373,0.314705,3.11002,12.9928,36739,153480,1,0
4274,0.464109,0.86605,17.1345,36.9185,213051,459054,2,0
4275,0.590344,1.44107,14.7271,24.9461,195787,331649,1,0
4276,0.142644,0.166377,1.99032,13.9533,24874,174378,1,0
4277,0.269667,0.369239,136.668,506.86,1652194,6126783,2,0
4278,0.194089,0.240832,0.971098,5.00323,11624,59890,1,0
4279,0.0561549,0.0594959,3.41737,60.856,37753,672301,1,0
4280,0.125867,0.14399,2.13482,16.962,26501,210548,1,0
4281,0.168247,0.20228,1.34343,7.98485,14034,83413,1,0
4282,0.287532,0.403572,9.48032,32.9713,95172,330996,1,0
4283,0.28576,0.40009,8.55613,29.9417,89897,314589,1,0
4284,0.104256,0.116391,0.518425,4.97261,6626,63555,1,0
4285,0.368327,0.583099,74.9461,203.481,914935,2484026,1,0
4286,0.081029,0.0881736,2.91263,35.9446,30100,371472,1,0
4287,0.497468,0.989924,13.8997,27.9416,179589,361006,1,0
4288,0.463957,0.865524,12.9561,27.9252,139113,299840,1,0
4289,0.347739,0.533129,10.7591,30.9403,108657,312467,1,0
4290,0.545996,1.20262,11.998,21.9746,121709,222912,1,0
4291,0.548356,1.21413,8.74714,15.9515,104543,190648,1,0
4292,0.376823,0.604681,17.6602,46.8665,177775,471773,1,0
4293,0.21974,0.281625,2.41768,11.0024,29808,135651,1,0
4294,0.304806,0.438447,15.2036,49.8811,257067,843379,1,0
4295,0.331787,0.496529,7.61325,22.9457,96333,290346,1,0
4296,0.291076,0.410589,2.6125,8.97521,31904,109607,1,0
4297,0.469125,0.883681,2.80249,5.97383,28770,61327,1,0
4298,0.41374,0.705728,11.551,27.9199,170516,412133,2,0
4299,0.347975,0.533684,4.85809,13.961,72312,207808,1,0
4300,0.298446,0.425406,14.0101,46.9439,200824,672900,1,0
4301,0.39517,0.653357,25.2441,63.883,421712,1067166,1,0
4302,0.193833,0.240437,1.3555,6.99313,13640,70370,1,0
4303,0.289606,0.40767,3.76168,12.9889,47664,164582,1,0
4304,0.444609,0.800535,7.53572,16.9493,84739,190592,1,0
4305,0.17738,0.215628,59.62,336.151,693045,3907122,1,0
4306,0.34998,0.538413,24.4467,69.8501,403466,1152827,1,0
4307,0.363296,0.570587,10.1497,27.9393,144766,398480,1,0
4308,0.376497,0.603842,14.2612,37.8782,148140,393469,1,0
4309,0.251368,0.33577,2.50516,9.9661,25307,100677,1,0
4310,0.365381,0.575749,3.64651,9.98005,43237,118334,1,0
4311,0.00365983,0.00367327,0.0474248,12.9582,490,133886,1,0
4312,0.350236,0.53902,6.63316,18.9388,79720,227618,1,0
4313,0.494022,0.976371,30.0522,60.8327,395438,800446,1,0
4315,0.263656,0.35806,4.73228,17.9484,53694,203652,1,0
4316,0.329211,0.490782,42.0386,127.697,494856,1503157,1,0
4317,0.127468,0.146089,8.6524,67.8746,94855,744149,1,0
4318,0.450662,0.820373,17.0887,37.9154,222545,493818,1,0
4319,0.381867,0.617776,15.9973,41.8918,174112,455949,1,0
4320,0.250425,0.334088,2.74496,10.9612,27579,110129,1,0
4321,0.153253,0.180991,6.42093,41.897,65493,427351,1,0
4322,0.266958,0.364178,2.13014,7.97914,28966,108504,1,0
4323,0.417057,0.715433,71.9951,172.609,898399,2154140,1,0
4324,0.12231,0.139354,5.00427,40.9147,51218,418756,1,0
4325,0.585367,1.41177,20.447,34.9304,246689,421426,1,0
4326,0.3998,0.666111,22.7159,56.8184,246888,617529,1,0
4327,0.305883,0.44068,18.3152,59.8765,184041,601671,1,0
4328,0.381917,0.617906,24.005,62.8539,244644,640568,1,0
4329,0.494797,0.979402,7.89364,15.9534,95621,193253,1,0
4330,0.376958,0.605028,3.75814,9.96966,37715,100051,1,0
4331,0.281924,0.39261,1.68725,5.98467,20687,73378,1,0
4332,0.337001,0.508298,107.926,320.258,1831354,5434268,1,0
4333,0.345789,0.528558,26.2354,75.872,351904,1017685,1,0
4334,0.406667,0.685395,13.3961,32.9411,165359,406620,1,0
4335,0.400329,0.66758,2.80064,6.9958,28740,71791,1,0
4336,0.379213,0.610859,17.7799,46.8859,272260,717960,1,0
4337,0.252596,0.337964,18.3998,72.8426,316189,1251759,1,0
4338,0.271214,0.372145,7.84774,28.9328,108596,400407,1,0
4339,0.366429,0.578355,26.3329,71.8635,421553,1150436,1,0
4340,0.246203,0.326617,3.93314,15.9752,39601,160847,1,0
4341,0.369095,0.585025,10.6955,28.9776,141699,383909,1,0
4342,0.4978,0.99124,10.9326,21.9615,121761,244598,1,0
4343,0.138079,0.160199,4.40874,31.9289,51143,370389,1,0
4344,0.450788,0.820789,17.0911,37.9131,281758,625035,1,0
4345,0.283637,0.39594,5.65793,19.9482,85736,302274,2,0
4346,0.40479,0.68008,5.2549,12.9818,54641,134986,1,0
4348,0.301652,0.431952,1.50257,4.9812,17707,58700,1,0
4350,0.439252,0.783332,7.44515,16.9494,92452,210476,1,0
4351,0.479414,0.920911,9.08316,18.9466,119992,250289,1,0
4352,0.145033,0.169636,1.58746,10.9457,18546,127874,1,0
4353,0.164158,0.196398,1.96769,11.9864,23869,145403,1,0
4354,0.329044,0.49041,5.25271,15.9638,57018,173284,1,0
4355,0.0263326,0.0270447,2.75844,104.76,30595,1161869,1,0
4356,0.441307,0.789892,110.103,249.487,1365309,3093785,1,0
4357,0.132676,0.152971,0.662057,4.99007,6938,52293,1,0
4358,0.231395,0.301058,4.61619,19.9494,46266,199944,1,0
4359,0.129679,0.149001,5.82083,44.8869,59388,457962,1,0
4360,0.147121,0.172499,1.76231,11.9784,23124,157177,1,0
4361,0.405762,0.682827,27.9304,68.8341,335934,827909,1,0
4362,0.140072,0.162887,9.36187,66.8357,96546,689262,1,0
4363,0.438931,0.782313,11.3879,25.9439,146456,333665,1,0
4364,0.472226,0.89475,51.8216,109.737,551682,1168259,1,0
4365,0.20377,0.255918,4.87918,23.9448,49817,244477,1,0
4366,0.304231,0.437259,27.6135,90.7651,281902,926605,1,0
4367,0.50279,1.01122,8.0225,15.9558,95317,189576,1,0
4368,0.354013,0.548018,5.29554,14.9586,53098,149989,1,0
4369,0.186177,0.228768,1.11468,5.98743,13466,72329,1,0
4370,0.358613,0.559122,8.94521,24.9444,147687,411828,1,0
4371,0.366577,0.578723,4.02905,10.9912,51581,140710,1,0
4372,0.28179,0.392351,3.10182,11.0077,36981,131236,1,0
4373,0.293737,0.415902,3.22568,10.9815,32645,111137,2,0
4374,0.371854,0.591987,12.9857,34.9207,185943,500043,1,0
4375,0.428446,0.749616,7.69639,17.9631,121404,283359,1,0
4376,0.314509,0.458807,38.6065,122.751,491853,1563878,1,0
4377,0.324774,0.480986,3.56321,10.9713,55312,170309,1,0
4378,0.28059,0.390027,3.91869,13.9659,39587,141085,1,0
4379,0.257325,0.346483,8.97939,34.8957,119729,465284,1,0
4380,0.451714,0.823865,26.1475,57.8846,291298,644873,1,0
4381,0.196609,0.244723,2.1526,10.9486,24754,125905,1,0
4382,0.352863,0.545269,64.4255,182.562,1041192,2950695,1,0
4383,0.337622,0.509712,63.3356,187.582,948536,2809462,2,0
4384,0.323013,0.477133,6.12336,18.957,63693,197184,1,0
4385,0.219805,0.28173,1.75538,7.98609,17811,81031,1,0
4386,0.295862,0.420176,3.25194,10.9916,38823,131220,1,0
4387,0.130116,0.149578,7.65374,58.8253,79045,607497,1,0
4389,0.550067,1.22255,118.558,215.529,1561287,2838356,1,0
4390,0.154521,0.182761,1.53789,9.95296,19401,125556,1,0
4391,0.177785,0.216228,1.77447,9.98113,20187,113547,1,0
4392,0.258532,0.348676,2.06876,8.00192,22666,87672,1,0
4393,0.0477756,0.0501727,2.57361,53.8681,28391,594257,1,0
4394,0.340576,0.516474,13.9369,40.9218,171771,504355,1,0
4395,0.145516,0.170297,1.16014,7.97251,12211,83915,1,0
4396,0.153874,0.181857,3.99016,25.9313,39997,259933,1,0
4397,0.120161,0.136571,3.11692,25.9392,31786,264529,1,0
4398,0.136469,0.158036,0.951763,6.97404,12164,89134,1,0
4399,0.447938,0.811392,988.563,2207.16,12053101,26907939,1,0
4400,0.0478836,0.0502917,1.19559,24.9684,12334,257583,1,0
4401,0.513918,1.05727,39.4757,76.816,475884,925992,1,0
4402,0.456715,0.840654,14.1188,30.9139,160543,351517,1,0
4403,0.369365,0.585702,3.31864,8.98474,33829,91587,1,0
4404,0.391195,0.642561,31.6176,80.8236,320077,818204,1,0
4405,0.48999,0.960744,9.27606,18.9315,112899,230411,1,0
4406,0.404023,0.677917,7.65668,18.951,87151,215708,1,0
4407,0.278486,0.385975,29.4499,105.753,356128,1278800,2,0
4408,0.326472,0.484719,35.5107,108.77,601117,1841253,1,0
4409,0.31626,0.462543,8.20303,25.9373,104717,331111,1,0
4410,0.426128,0.742548,12.7548,29.9306,158162,371161,1,0
4411,0.269038,0.36806,1.6141,5.99954,16308,60616,1,0
4412,0.427247,0.745954,24.7257,57.8727,375349,878529,1,0
4413,0.373191,0.595381,10.0576,26.9504,164302,440263,1,0
4414,0.304576,0.437971,3.04248,9.98913,38739,127190,1,0
4415,0.421185,0.727668,6.30181,14.9621,99764,236865,1,0
4416,0.326797,0.485437,30.6496,93.7875,308817,944980,1,0
4417,0.281993,0.392745,9.57323,33.9488,121384,430450,1,0
4418,0.446388,0.806319,20.9427,46.9156,230050,515359,1,0
4419,0.163687,0.195725,2.28483,13.9583,26004,158864,1,0
4420,0.335075,0.50393,8.69806,25.9583,154189,460162,2,0
4421,0.242115,0.319462,10.6121,43.8297,159905,660450,2,0
4422,0.262049,0.355104,3.65477,13.9468,37978,144927,1,0
4423,0.289561,0.407581,4.91082,16.9596,50291,173680,2,0
4424,0.359878,0.562203,23.6941,65.8398,280000,778041,2,0
4425,0.0126805,0.0128434,0.240578,18.9719,2486,196049,1,0
4426,0.381628,0.617149,10.2727,26.9181,119422,312928,1,0
4427,0.417601,0.717036,10.0108,23.9722,131442,314755,1,0
4428,0.0663004,0.0710082,0.859414,12.9624,10655,160708,1,0
4429,0.0489964,0.0515207,1.46838,29.9685,17966,366680,2,0
4430,0.385764,0.628038,6.93329,17.9727,80355,208301,1,0
4431,0.168473,0.202607,7.55758,44.8594,82918,492173,2,0
4432,0.48004,0.923225,11.4911,23.9373,152826,318361,1,0
4433,0.132746,0.153065,1.19401,8.9947,12531,94398,1,0
4434,0.307597,0.444246,5.84808,19.0121,58740,190964,1,0
4435,0.254588,0.341541,15.4981,60.8756,157716,619494,2,0
4436,0.348278,0.534397,8.34311,23.9553,106858,306818,1,0
4437,0.445939,0.804855,28.0308,62.8555,369538,828674,1,0
4438,0.160022,0.190507,27.1354,169.568,276797,1729746,1,0
4439,0.473292,0.898586,46.2843,97.7914,557712,1178367,1,0
4440,0.402907,0.67478,8.83872,21.9375,95119,236082,1,0
4441,0.262211,0.355401,2.61356,9.96743,26702,101834,1,0
4442,0.473896,0.900765,6.14755,12.9723,62505,131896,1,0
4443,0.492269,0.969548,1073.6,2181.13,13080397,26571627,1,0
4444,0.475254,0.905686,13.7459,28.9233,150121,315875,1,0
4445,0.254031,0.340539,2.53439,9.97693,30577,120367,1,0
4446,0.346725,0.53075,82.6775,238.439,1444160,4165140,1,0
4447,0.299328,0.427202,7.17062,23.9566,91188,304642,2,0
4448,0.268826,0.367664,13.4222,49.927,167868,624448,1,0
4449,0.461929,0.85849,20.7439,44.9074,209900,454399,1,0
4450,0.418374,0.719319,46.3478,110.786,636355,1521018,2,0
4451,0.306757,0.442496,12.8572,41.914,216682,706363,1,0
4452,0.258053,0.347806,19.8252,76.8232,269350,1043777,1,0
4453,0.419199,0.721761,6.68841,15.9549,106830,254843,1,0
4454,0.348486,0.534888,4.16705,11.9576,41871,120151,1,0
4455,0.173359,0.209715,6.22774,35.9209,83282,480401,1,0
4456,0.32219,0.475339,5.46618,16.9658,61208,189975,1,0
4457,0.142208,0.165784,2.1254,14.946,24664,173436,1,0
4458,0.232708,0.303284,16.72,71.8505,250698,1077309,2,0
4459,0.337903,0.510353,6.4075,18.9627,106448,315025,1,0
4460,0.421539,0.728724,21.4619,50.9131,220893,524016,1,0
4461,0.193448,0.239846,1.35193,6.98854,13742,71037,1,0
4462,0.314626,0.459058,3.7595,11.9488,46100,146523,2,0
4464,0.41687,0.714883,19.1355,45.9031,222240,533116,1,0
4465,0.285256,0.399101,11.3936,39.9436,142480,499482,1,0
4466,0.469454,0.884849,23.4236,49.8957,309706,659716,1,0
4467,0.205324,0.258375,2.45267,11.9453,29757,144927,1,0
4468,0.178081,0.216664,1.60032,8.98649,17157,96344,1,0
4469,0.0317028,0.0327408,1.16949,36.8894,12933,407945,1,0
4470,0.506306,1.02555,16.6633,32.9113,207879,410580,1,0
4471,0.069063,0.0741865,1.24069,17.9647,13048,188929,1,0
4472,0.329854,0.492211,2.63224,7.98001,26384,79987,1,0
4473,0.140511,0.163482,4.0672,28.9458,41466,295108,1,0
4474,0.119293,0.135451,1.19215,9.99357,15246,127803,1,0
4475,0.498268,0.993094,31.8223,63.8651,394594,791932,1,0
4476,0.107186,0.120054,5.56642,51.9313,56949,531309,1,0
4477,0.42365,0.735055,19.8572,46.8729,258838,610972,1,0
4478,0.48333,0.935473,97.4293,201.577,1046843,2165895,1,0
4479,0.336106,0.506265,18.4427,54.871,188450,560686,1,0
4480,0.384785,0.625449,36.839,95.7401,374605,973543,1,0
4481,0.354539,0.549281,7.77788,21.9377,94417,266309,1,0
4482,0.443205,0.795992,15.0238,33.8983,164257,370612,1,0
4483,0.193549,0.240001,1.92855,9.96415,22965,118652,1,0
4484,0.386747,0.630648,9.2592,23.9411,153518,396947,1,0
4485,0.293288,0.415004,21.6571,73.844,276844,943932,1,0
4486,0.364758,0.574204,3.27575,8.98066,40552,111175,1,0
4487,0.464463,0.867286,19.4739,41.9278,197168,424507,1,0
4488,0.367398,0.580774,12.461,33.9164,179487,488535,1,0
4489,0.378707,0.609546,11.7117,30.9261,188716,498317,1,0
4490,0.35937,0.560964,221.594,616.668,2936875,8172286,1,0
4491,0.231603,0.301411,1.61668,6.98042,16347,70582,1,0
4492,0.396542,0.657117,7.51746,18.9573,99435,250755,1,0
4493,0.379104,0.610577,23.4502,61.858,260983,688420,1,0
4494,0.162911,0.194616,3.41347,20.9527,38981,239278,1,0
4495,0.435359,0.771037,56.9131,130.734,838174,1925248,1,0
4496,0.386996,0.631312,7.34095,18.9691,114929,296977,1,0
4497,0.450354,0.819352,16.6341,36.9356,171229,380210,1,0
4498,0.194285,0.241134,1.16509,5.99684,11783,60648,1,0
4499,0.301154,0.43093,3.30467,10.9734,38938,129296,1,0
4500,0.0131657,0.0133413,0.22374,16.9942,2310,175456,1,0
4501,0.280631,0.390107,6.70859,23.906,79326,282670,1,0
4502,0.0547698,0.0579434,0.929125,16.9641,11567,211193,1,0
4503,0.424534,0.737722,9.73421,22.929,129057,303997,1,0
4504,0.17655,0.214402,2.29369,12.9917,28026,158743,2,0
4505,0.257982,0.347677,9.77547,37.8948,114230,442782,1,0
4506,0.0330454,0.0341747,4.21934,127.677,46519,1407731,1,0
4507,0.45058,0.820101,15.7475,34.9485,203130,450819,1,0
4508,0.115212,0.130215,0.804545,6.98315,8434,73204,1,0
4509,0.344416,0.525357,46.0527,133.712,461743,1340656,1,0
4510,0.118172,0.134008,3.65762,30.9523,37319,315802,1,0
4512,0.284153,0.396947,87.5977,308.27,978909,3445005,1,0
4513,0.0539648,0.0570431,3.66169,67.8554,37731,699178,1,0
4514,0.531103,1.13266,21.7195,40.8952,258663,487030,1,0
4515,0.438567,0.781157,9.62206,21.9398,102712,234199,1,0
4516,0.386248,0.629323,9.25058,23.9498,93148,241161,1,0
4517,0.341891,0.519504,6.8236,19.9585,69398,202983,1,0
4518,0.500933,1.00374,8.00192,15.9741,100129,199885,1,0
4519,0.445689,0.804041,69.814,156.641,761847,1709370,1,0
4520,0.265105,0.360738,5.01823,18.9288,59261,223538,1,0
4521,0.363413,0.570876,10.1456,27.9167,166222,457392,1,0
4522,0.291106,0.410649,64.772,222.487,840829,2888392,1,0
4523,0.357361,0.556084,3.92083,10.9718,47623,133263,1,0
4524,0.203104,0.254869,1.21633,5.98869,12287,60496,1,0
4525,0.406721,0.685549,5.2814,12.9856,76462,187996,1,0
4526,0.355206,0.550883,9.93209,27.9611,150824,424610,1,0
4527,0.414542,0.708063,28.5164,68.7893,379044,914369,1,0
4528,0.344689,0.525994,10.3116,29.9156,103422,300044,1,0
4529,0.318649,0.467673,82.0548,257.507,1028680,3228252,1,0
4530,0.318323,0.46697,6.35468,19.9628,72554,227926,1,0
4531,0.602251,1.51415,2.40269,3.98953,28145,46733,1,0
4532,0.272169,0.373945,4.618,16.9673,70431,258777,1,0
4533,0.312511,0.454568,6.2308,19.9381,111570,357012,2,0
4534,0.388172,0.634447,9.29612,23.9485,96125,247635,1,0
4536,0.276869,0.382874,3.58846,12.9609,42666,154102,1,0
4537,0.124296,0.141938,0.991719,7.97864,10233,82328,1,0
4538,0.319325,0.469129,78.0726,244.445,915911,2868276,1,0
4539,0.0555521,0.0588196,1.05189,18.9358,13224,238047,1,0
4540,0.414734,0.708624,16.9694,40.9177,223751,539505,1,0
4541,0.160139,0.190673,1.75399,10.9528,19792,123593,1,0
4542,0.427259,0.74599,40.5037,94.7962,459833,1076239,2,0
4543,0.0471274,0.0494583,1.31611,27.9276,14462,306870,1,0
4544,0.20777,0.26226,2.69853,12.9878,33013,158892,1,0
4545,0.112361,0.126584,1.23314,10.975,12876,114595,1,0
4546,0.165321,0.198065,1.1543,6.98217,11569,69979,1,0
4547,0.122556,0.139674,3.18166,25.9606,32441,264704,1,0
4548,0.0487866,0.0512888,0.243918,4.9997,3106,63665,1,0
4549,0.367363,0.580686,33.0126,89.8588,412969,1124143,1,0
4550,0.0400486,0.0417194,1.03862,25.9337,10713,267500,1,0
4551,0.497846,0.99142,54.6426,109.761,709963,1426070,1,0
4552,0.451534,0.823267,29.7342,65.8515,318523,705424,1,0
4553,0.00625103,0.00629035,0.074936,11.9877,759,121420,1,0
4554,0.335937,0.505881,9.37905,27.9188,95648,284720,1,0
4555,0.332697,0.498569,34.1869,102.753,385940,1160035,1,0
4556,0.418112,0.718543,12.1099,28.9631,137009,327685,1,0
4557,0.246854,0.327764,4.67542,18.9398,56671,229573,2,0
4558,0.40412,0.67819,40.315,99.7601,662531,1639441,1,0
4559,0.322274,0.475522,3.21908,9.98878,41340,128276,1,0
4560,0.412512,0.702162,5.35812,12.9892,65108,157833,1,0
4561,0.416011,0.71236,7.0603,16.9712,72046,173183,1,0
4562,0.398008,0.661153,11.1157,27.9284,164871,414240,1,0
4563,0.422706,0.732219,6.32353,14.9597,94342,223186,1,0
4564,0.350742,0.540219,10.1568,28.9575,134561,383647,1,0
4565,0.300135,0.428847,3.59426,11.9754,36410,121312,1,0
4566,0.243743,0.322303,2.18748,8.9746,29238,119954,1,0
4567,0.365221,0.575352,53.5858,146.714,617815,1691618,1,0
4568,0.173116,0.209359,2.41918,13.975,28222,163024,1,0
4569,0.379183,0.610781,7.18559,18.9506,109651,289177,1,0
4570,0.368206,0.582795,11.7418,31.8896,211759,575110,1,0
4571,0.280301,0.389469,4.46227,15.9196,45913,163799,1,0
4572,0.187296,0.23046,2.23929,11.9559,22615,120745,1,0
4573,0.267739,0.365634,2.39898,8.96008,28371,105965,1,0
4574,0.118346,0.134232,1.06425,8.99277,11032,93218,1,0
4575,0.372356,0.59326,21.9252,58.8845,265342,712603,1,0
4576,0.521586,1.09024,95.2539,182.613,1260727,2417105,1,0
4578,0.261893,0.354817,1.57162,6.00098,17694,67562,1,0
4579,0.0948007,0.104729,1.13505,11.9729,13562,143058,1,0
4580,0.0876838,0.0961112,0.87345,9.96132,9572,109165,1,0
4581,0.43582,0.772483,10.8688,24.9399,137325,315096,1,0
4582,0.272028,0.373679,15.7383,57.8557,168711,620197,1,0
4583,0.221812,0.285037,3.09503,13.9534,31083,140132,1,0
4584,0.348292,0.534429,5.91036,16.9696,61881,177670,1,0
4585,0.151439,0.178466,1.05653,6.97651,13645,90102,1,0
4586,0.45499,0.834829,11.3423,24.9288,140369,308510,1,0
4587,0.174493,0.211376,17.9284,102.745,181007,1037333,2,0
4588,0.50393,1.01584,23.6181,46.8673,320248,635501,1,0
4589,0.232544,0.303006,3.47868,14.959,36438,156693,1,0
4590,0.312592,0.454741,4.05438,12.9701,41059,131350,1,0
4591,0.295507,0.41946,22.9988,77.8294,232931,788242,1,0
4592,0.391605,0.64367,4.2955,10.9687,52472,133992,1,0
4593,0.39894,0.663728,108.635,272.311,1089102,2729989,1,0
4594,0.183589,0.224874,2.38333,12.9814,29248,159312,1,0
4595,0.271593,0.372859,30.6149,112.735,486655,1791852,1,0
4596,0.234054,0.305575,4.66812,19.9455,59815,255561,1,0
4597,0.392384,0.645776,4.30711,10.977,53303,135844,1,0
4598,0.300258,0.429097,3.2944,10.972,33337,111028,1,0
4599,0.390955,0.641915,7.02364,17.9653,104480,267243,1,0
4600,0.371031,0.589902,14.8032,39.8967,229849,619488,2,0
4601,0.3134,0.456451,7.19338,22.9526,95433,304509,1,0
4602,0.295196,0.418835,3.23721,10.9663,32915,111502,1,0
4603,0.322122,0.475191,4.18252,12.9841,56082,174102,1,0
4604,0.42096,0.726995,51.676,122.754,566343,1345362,1,0
4605,0.365447,0.575911,612.628,1676.16,7094038,19411973,2,0
4606,0.250554,0.33432,6.25544,24.9668,94108,375599,1,0
4607,0.466708,0.875146,11.1805,23.9569,158173,338912,1,0
4608,0.374389,0.598438,18.6849,49.9082,195500,522184,1,0
4609,0.41012,0.695259,4.91608,11.9869,49791,121406,1,0
4610,0.276037,0.381285,4.40732,15.9661,51822,187736,1,0
4611,0.00318192,0.00319208,0.0539888,16.9672,556,174737,1,0
4612,0.426743,0.744419,5.51929,12.9334,68121,159630,1,0
4613,0.424737,0.738336,34.3163,80.788,453454,1067611,1,0
4614,0.00748043,0.0075368,0.0823077,11.0032,1007,134618,1,0
4615,0.152014,0.179264,1.66696,10.9662,18850,124002,1,0
4616,0.215964,0.275451,3.87757,17.9546,45558,210952,1,0
4617,0.120751,0.137335,1.56728,12.9793,17070,141365,1,0
4618,0.397883,0.660806,6.34822,15.9555,82123,206400,1,0
4619,0.217184,0.277439,2.16597,9.97318,23200,106822,1,0
4620,0.238202,0.312683,3.56591,14.9701,35816,150360,1,0
4621,0.186057,0.228587,34.5302,185.585,351812,1890884,1,0
4622,0.253297,0.33922,5.55421,21.929,75199,296881,1,0
4623,0.479261,0.920348,45.911,95.7913,573852,1197368,1,0
4624,0.0791106,0.0859068,3.46988,43.8618,35730,451646,1,0
4625,0.552967,1.23697,469.51,849.114,5826812,10537366,2,0
4626,0.383704,0.622598,6.50805,16.9613,69843,182023,1,0
4627,0.318976,0.468378,5.4103,16.9615,54640,171298,1,0
4628,0.493294,0.973533,35.923,72.8231,363890,737673,1,0
4629,0.352301,0.543927,10.2048,28.9671,164757,467660,1,0
4630,0.459139,0.848905,20.6187,44.9074,234611,510980,1,0
4631,0.202858,0.254482,3.84405,18.9493,46599,229712,1,0
4632,0.351877,0.542916,11.9402,33.9336,208070,591315,1,0
4633,0.368455,0.58342,8.82395,23.9478,115408,313221,2,0
4634,0.399007,0.663912,31.0598,77.8431,314074,787140,1,0
4635,0.388966,0.636571,19.0114,48.8764,236089,606965,1,0
4636,0.390164,0.639785,24.1303,61.8472,359780,922125,1,0
4637,0.387345,0.63224,8.11938,20.9617,136024,351170,1,0
4638,0.296869,0.42221,6.215,20.9361,78065,262961,1,0
4639,0.215309,0.274386,2.36119,10.9666,23817,110618,1,0
4640,0.229491,0.297843,2.51882,10.9757,32195,140289,1,0
4641,0.452374,0.826064,32.9587,72.857,373332,825273,1,0
4642,0.364299,0.573067,1.81808,4.99069,21188,58161,1,0
4643,0.318762,0.467916,4.76918,14.9619,71491,224277,1,0
4644,0.282968,0.394639,65.4846,231.445,1182814,4180021,2,0
4645,0.332921,0.499072,9.29241,27.9121,96300,289258,1,0
4646,0.382809,0.620244,7.65133,19.9874,77636,202806,1,0
4647,0.364006,0.572343,15.989,43.9238,187571,515296,1,0
4648,0.00279384,0.00280167,0.0892211,31.9346,919,328938,1,0
4649,0.157346,0.186726,1.41253,8.97699,16619,105621,1,0
4650,0.396856,0.657978,11.882,29.9404,157618,397167,1,0
4652,0.107353,0.120264,2.68023,24.9653,32509,302823,1,0
4653,0.356555,0.554135,5.33324,14.9578,61304,171934,1,0
4654,0.0490408,0.0515699,1.61485,32.9284,17844,363860,1,0
4655,0.4786,0.917912,120.781,252.352,1546199,3230673,1,0
4656,0.149312,0.17552,0.74585,4.99529,7838,52494,1,0
4657,0.22035,0.282626,1.76227,7.99764,17691,80286,1,0
4658,0.166931,0.20038,2.83413,16.9779,28893,173084,1,0
4659,0.356729,0.554555,25.2724,70.8473,339623,952047,1,0
4660,0.365485,0.576006,42.3232,115.799,512212,1401460,1,0
4661,0.0845564,0.0923666,3.45984,40.9179,35639,421482,1,0
4662,0.578646,1.3733,15.5871,26.9371,193835,334980,1,0
4663,0.349158,0.536472,40.7623,116.747,426908,1222677,1,0
4664,0.390108,0.639633,5.44957,13.9694,54901,140733,1,0
4665,0.43306,0.763856,7.77938,17.9637,78736,181813,2,0
4666,0.437377,0.777388,87.7152,200.557,1072075,2451149,2,0
4667,0.472123,0.894381,10.3647,21.9534,106095,224719,1,0
4668,0.329812,0.492118,3.61507,10.9611,44237,134128,1,0
4669,0.44328,0.796234,11.0599,24.9499,191030,430947,1,0
4670,0.350297,0.539165,8.03385,22.9344,107703,307462,1,0
4671,0.404158,0.678299,7.6556,18.9421,94118,232874,1,0
4672,0.333214,0.499732,8.97574,26.9369,90540,271717,1,0
4673,0.536626,1.15809,9.0995,16.957,136514,254393,1,0
4674,0.367191,0.580255,21.2478,57.8668,361188,983652,1,0
4675,0.234406,0.306176,5.14022,21.9285,68174,290837,1,0
4676,0.350349,0.539288,2.44799,6.98729,24893,71052,1,0
4677,0.247583,0.329049,8.64569,34.9201,108202,437034,1,0
4678,0.447668,0.810505,11.622,25.9611,130176,290787,2,0
4679,0.20516,0.258115,7.97948,38.8937,90839,442771,1,0
4680,0.264016,0.358725,4.47884,16.9641,67826,256901,1,0
4681,0.436017,0.773103,29.1501,66.8566,482472,1106544,1,0
4682,0.432865,0.763249,26.785,61.8798,277135,640234,1,0
4683,0.356652,0.554368,3.92614,11.0082,40572,113758,1,0
4684,0.371408,0.590858,21.85,58.8309,259698,699225,1,0
4685,0.281439,0.391671,10.116,35.9446,104743,372169,1,0
4686,0.278916,0.386801,4.7216,16.9284,59109,211924,1,0
4687,0.439365,0.783693,7.90131,17.983,104134,237010,1,0
4688,0.103551,0.115513,1.64959,15.9307,20651,199428,1,0
4689,0.22523,0.290706,3.36941,14.9596,40320,179017,1,0
4690,0.251394,0.335817,2.76144,10.9846,30065,119593,1,0
4691,0.0372274,0.0386669,3.38006,90.7971,37202,999318,1,0
4692,0.380698,0.614722,6.07248,15.9511,75242,197642,2,0
4693,0.147068,0.172427,1.762,11.9806,18440,125384,1,0
4694,0.211067,0.267535,39.1631,185.548,392581,1859980,2,0
4695,0.306181,0.441298,9.77169,31.9146,99206,324011,1,0
4697,0.47285,0.896995,8.95096,18.9296,110386,233448,1,0
4698,0.155483,0.184109,19.5419,125.686,199299,1281803,1,0
4699,0.512958,1.05321,667.395,1301.1,8027028,15648510,2,0
4700,0.44799,0.81156,6.70354,14.9637,71677,159997,1,0
4701,0.374645,0.599091,25.0381,66.8321,252883,674994,1,0
4702,0.387465,0.63256,6.57253,16.9628,66706,172160,1,0
4703,0.495306,0.981398,15.3184,30.9278,193042,389743,1,0
4704,0.424645,0.738057,9.32473,21.9592,107946,254203,2,0
4705,0.274273,0.377928,13.6842,49.8932,167762,611661,1,0
4706,0.331451,0.495776,72.4196,218.506,1216969,3671645,1,0
4707,0.409407,0.693214,5.72167,13.9756,76160,186025,1,0
4708,0.327556,0.487112,3.59512,10.9758,43843,133849,1,0
4709,0.216658,0.276582,4.10667,18.9545,41414,191149,1,0
4710,0.278097,0.385227,24.1535,86.858,334138,1201518,1,0
4711,0.374017,0.597487,14.9543,39.9816,225737,603548,2,0
4712,0.186901,0.229863,5.59638,29.9433,73956,395696,1,0
4713,0.286082,0.40072,1.7132,5.98851,17473,61077,1,0
4714,0.309575,0.448384,11.7371,37.9136,156377,505134,1,0
4715,0.315877,0.461725,9.76716,30.921,112817,357155,1,0
4716,0.305874,0.44066,1.82516,5.96695,21346,69787,1,0
4717,0.137115,0.158903,2.33095,16.9996,35264,257185,1,0
4718,0.384758,0.625377,11.5235,29.9471,168391,437654,1,0
4719,0.480523,0.925012,19.6595,40.9125,206842,430452,2,0
4720,0.291286,0.411006,7.84245,26.9237,79166,271781,1,0
4721,0.252697,0.338146,3.02416,11.9676,35434,140223,1,0
4722,0.00254308,0.00254956,0.0355307,13.9717,366,143920,1,0
4723,0.358664,0.559245,5.00738,13.9613,58336,162648,1,0
4724,0.489448,0.958664,8.77633,17.9315,115890,236777,1,0
4725,0.28123,0.391266,5.61123,19.9522,68670,244177,1,0
4726,0.25193,0.336773,6.53918,25.9563,79633,316092,2,0
4727,0.122406,0.139479,2.80768,22.9371,33027,269816,1,0
4728,0.0529107,0.0558667,0.738533,13.9581,8090,152899,1,0
4729,0.506605,1.02677,9.60284,18.9554,123688,244151,1,0
4730,0.28665,0.401836,7.15275,24.9531,75789,264396,1,0
4731,0.308329,0.445775,6.46194,20.9579,64932,210593,1,0
4732,0.217484,0.277929,8.46084,38.9039,86229,396485,1,0
4733,0.353652,0.547154,11.6551,32.9564,152298,430644,1,0
4734,0.319843,0.470248,5.74202,17.9526,70105,219186,1,0
4735,0.133005,0.153409,1.59426,11.9865,16266,122296,1,0
4736,0.526253,1.11083,455.16,864.944,5461778,10378611,2,0
4737,0.481244,0.92769,15.8363,32.9071,169527,352268,1,0
4738,0.311409,0.452241,3.41404,10.9632,34473,110700,1,0
4739,0.430481,0.755869,5.15961,11.9856,57347,133216,1,0
4740,0.495871,0.983619,19.2909,38.9032,214003,431570,1,0
4741,0.335101,0.503988,5.00888,14.9473,60844,181569,1,0
4742,0.374353,0.598346,30.6229,81.7998,508942,1359523,1,0
4743,0.307988,0.445061,14.4369,46.8756,192059,623593,1,0
4744,0.31518,0.460238,2.51228,7.97096,25407,80611,1,0
4745,0.420794,0.726501,18.8824,44.8726,223025,530010,1,0
4746,0.306856,0.442701,33.061,107.744,458281,1493474,1,0
4747,0.352099,0.543446,24.9287,70.802,408281,1159563,1,0
4748,0.354567,0.549346,6.37272,17.9729,84128,237270,1,0
4749,0.174962,0.212066,1.39904,7.99625,14099,80583,2,0
4750,0.320803,0.472326,3.8464,11.9897,50016,155909,1,0
4751,0.529722,1.1264,20.0998,37.944,220330,415935,1,0
4752,0.175976,0.213556,2.28525,12.9866,26292,149407,1,0
4753,0.217452,0.277877,7.37117,33.8956,111407,512329,1,0
4754,0.396625,0.657343,30.4579,76.8004,429637,1083233,1,0
4755,0.446908,0.808016,9.81319,21.958,103174,230862,1,0
4756,0.294081,0.416593,2.34602,7.97744,23700,80590,1,0
4757,0.219399,0.281064,3.2862,14.9783,38910,177348,1,0
4758,0.203874,0.256083,2.23451,10.9602,23111,113359,1,0
4759,0.42857,0.749997,5.13209,11.9744,63545,148272,1,0
4760,0.374508,0.598742,6.72356,17.9531,80847,215875,1,0
4761,0.425332,0.740134,7.63979,17.9625,101012,237490,1,0
4762,0.105057,0.11739,6.18685,58.8905,74996,713859,1,0
4763,0.245689,0.325714,2.206,8.97869,23852,97082,1,0
4764,0.150588,0.177285,2.4023,15.9527,26263,174403,1,0
4765,0.388327,0.634861,5.03558,12.9674,65298,168152,1,0
4766,0.173274,0.209591,1.72732,9.96874,18518,106871,1,0
4767,0.154513,0.182751,1.541,9.97325,15447,99972,1,0
4768,0.183832,0.225238,60.3313,328.187,614071,3340386,2,0
4769,0.179853,0.219294,1.07657,5.98584,14055,78147,1,0
4770,0.396517,0.657048,7.12107,17.959,86848,219027,1,0
4771,0.106623,0.119348,8.19596,76.8688,84356,791164,1,0
4772,0.433083,0.763927,57.4722,132.706,801611,1850940,2,0
4773,0.473457,0.89918,110.059,232.454,1222627,2582340,1,0
4774,0.35063,0.539954,5.25143,14.9771,52895,150857,1,0
4775,0.343071,0.522235,6.8471,19.9582,77355,225478,1,0
4776,0.443639,0.797394,23.0236,51.898,247512,557913,1,0
4777,0.335254,0.504334,7.35971,21.9531,89961,268337,1,0
4778,0.412134,0.701067,6.98489,16.9481,119086,288950,2,0
4779,0.295069,0.418578,4.12132,13.9676,53082,179897,1,0
4780,0.433512,0.765264,29.8349,68.8212,301325,695078,1,0
4781,0.373488,0.596137,10.0565,26.9258,124827,334220,1,0
4782,0.373065,0.595062,42.4381,113.757,642888,1723259,1,0
4783,0.418231,0.718894,7.5151,17.9686,117284,280429,1,0
4784,0.489134,0.957461,8.79733,17.9858,117648,240523,1,0
4785,0.107826,0.120858,0.536347,4.97423,5412,50192,1,0
4786,0.236021,0.308936,4.24188,17.9723,55506,235174,2,0
4787,0.372363,0.593278,299.831,805.175,3464607,9304372,2,0
4788,0.294834,0.418106,1.47411,4.99985,16825,57066,1,0
4789,0.393209,0.648014,32.1811,81.8427,487342,1239397,1,0
4790,0.452588,0.826779,34.3122,75.8177,506426,1118955,1,0
4791,0.409641,0.693886,8.58261,20.9515,88476,215984,1,0
4792,0.203719,0.255839,1.42219,6.98115,14372,70548,1,0
4793,0.23003,0.298752,1.14972,4.99815,13575,59014,1,0
4795,0.442649,0.794201,4.8552,10.9684,58288,131680,1,0
4796,0.0273357,0.0281039,0.490907,17.9593,6015,220042,1,0
4797,0.49324,0.973322,8.36693,16.963,110658,224349,1,0
4799,0.408924,0.69183,7.34096,17.9519,85367,208760,1,0
4800,0.0417309,0.0435482,1.20746,28.9335,13265,317870,1,0
4801,0.404749,0.679964,3.63244,8.97425,44915,110970,1,0
4802,0.14721,0.172621,1.76138,11.9654,18491,125610,1,0
4803,0.325699,0.483016,7.7911,23.9212,78225,240176,1,0
4804,0.248387,0.330472,8.92371,35.9262,90903,365973,1,0
4805,0.151916,0.179128,0.909634,5.98791,11864,78096,1,0
4806,0.499819,0.999278,9.48333,18.9736,121838,243764,1,0
4807,0.0795877,0.0864697,2.1434,26.932,21992,276324,1,0
4808,0.478202,0.916449,27.6528,57.8277,327350,684544,1,0
4809,0.354293,0.54869,9.9016,27.9472,106295,300020,1,0
4810,0.00252597,0.00253236,0.0504757,19.9828,508,201111,1,0
4811,0.258554,0.348715,5.42358,20.9767,60689,234725,1,0
4812,0.499476,0.997905,8.46928,16.9564,90494,181178,1,0
4813,0.396747,0.65768,26.5293,66.8664,323334,814962,1,0
4814,0.374672,0.599162,9.72246,25.9489,160147,427432,1,0
4815,0.379521,0.611659,4.91796,12.9586,65894,173624,1,0
4816,0.265544,0.361551,4.76884,17.9587,48176,181424,1,0
4817,0.290052,0.408553,8.66547,29.875,108475,373985,1,0
4818,0.232185,0.302397,4.86136,20.9388,65497,282090,1,0
4819,0.363635,0.571426,13.0623,35.9227,214679,590369,1,0
4820,0.321966,0.474852,35.0177,108.759,442567,1374577,1,0
4821,0.410037,0.695023,6.54796,15.9692,66718,162712,1,0
4822,0.346722,0.530741,30.0941,86.7982,393531,1135005,2,0
4823,0.149568,0.175873,2.6874,17.9678,30552,204268,1,0
4824,0.253571,0.339711,4.80728,18.9586,55393,218452,1,0
4825,0.289853,0.40816,3.753,12.9479,56304,194250,1,0
4826,0.619731,1.62972,14.8285,23.9268,211120,340664,1,0
4827,0.387871,0.633643,6.19521,15.9723,63761,164387,1,0
4828,0.143567,0.167633,1.29179,8.99787,13036,90801,1,0
4829,0.257346,0.346521,2.05304,7.97769,24226,94138,1,0
4832,0.0053793,0.0054084,0.0536474,9.97326,655,121763,1,0
4833,0.127054,0.145546,7.48153,58.8847,90966,715964,1,0
4834,0.297291,0.423065,9.19801,30.939,108489,364925,1,0
4835,0.0263165,0.0270278,2.07435,78.8149,22944,871848,1,0
4836,0.393479,0.648748,5.49399,13.9623,70140,178256,1,0
4837,0.096318,0.106584,1.1535,11.9761,12054,125148,1,0
4838,0.274435,0.378235,9.85387,35.9061,98772,359911,1,0
4839,0.321361,0.473538,33.037,102.803,337654,1050699,1,0
4841,0.452969,0.82805,31.632,69.8304,412084,909740,1,0
4842,0.0695984,0.0748047,1.52795,21.954,15456,222074,1,0
4843,0.55009,1.22267,130.076,236.465,1541192,2801708,1,0
4844,0.528574,1.12122,5.27362,9.97712,56420,106740,1,0
4845,0.281721,0.392218,2.5278,8.97269,25360,90018,1,0
4846,0.40859,0.690874,11.0019,26.9256,141013,345121,1,0
4847,0.556954,1.2571,7.77925,13.9675,84050,150910,1,0
4848,0.340317,0.515879,13.9194,40.9004,234872,690157,1,0
4849,0.304912,0.438666,5.17591,16.976,68971,226200,1,0
4850,0.423346,0.734142,5.91587,13.9741,59674,140958,1,0
4851,0.34349,0.523206,16.0994,46.8708,196612,572395,1,0
4852,0.319602,0.469727,6.69088,20.935,99677,311879,1,0
4853,0.291397,0.411228,5.8121,19.9462,73528,252329,1,0
4854,0.212155,0.269285,2.33345,10.9988,23605,111263,1,0
4855,0.12667,0.145043,1.76881,13.9637,23106,182411,1,0
4856,0.229482,0.297828,2.52101,10.9858,29023,126472,1,0
4857,0.391093,0.642288,5.47849,14.0082,61641,157612,1,0
4858,0.531055,1.13245,10.0687,18.96,142533,268396,2,0
4859,0.234276,0.305954,2.79729,11.94,42140,179873,1,0
4860,0.317551,0.465311,4.11993,12.9741,42435,133632,1,0
4861,0.399077,0.664107,16.3226,40.9005,165024,413514,1,0
4862,0.243585,0.322026,3.40646,13.9849,40136,164772,1,0
4863,0.0110918,0.0112162,0.0995834,8.97821,1027,92591,1,0
4864,0.485988,0.945479,10.6536,21.9216,130390,268299,1,0
4865,0.250113,0.333534,92.5685,370.118,1126167,4502640,1,0
4866,0.282598,0.393919,18.8956,66.8659,227312,804365,1,0
4867,0.264593,0.359791,6.0714,22.946,72056,272328,1,0
4868,0.0639377,0.0683049,7.71979,120.74,84982,1329138,1,0
4869,0.31289,0.455371,7.18456,22.9622,91402,292122,1,0
4870,0.153889,0.181878,2.30185,14.9581,24035,156184,1,0
4871,0.00434851,0.0043675,0.0911792,20.9679,914,210187,1,0
4872,0.286462,0.401466,8.57918,29.9488,87127,304149,1,0
4873,0.311796,0.453058,2.17331,6.97005,29123,93404,1,0
4874,0.356961,0.555116,63.4025,177.612,776018,2173956,2,0
4875,0.0679551,0.0729096,1.49042,21.9324,15215,223898,1,0
4876,0.536366,1.15687,27.2968,50.8919,323802,603696,1,0
4877,0.449946,0.818002,5.38505,11.9682,57445,127671,1,0
4878,0.409062,0.692225,19.5984,47.911,199745,488300,1,0
4879,0.446421,0.806428,55.231,123.716,702494,1573612,2,0
4880,0.408248,0.689897,7.33479,17.9666,76731,187952,1,0
4881,0.348192,0.534194,11.8236,33.9561,198025,568724,1,0
4882,0.399133,0.664261,4.37956,10.973,58813,147352,1,0
4883,0.315423,0.460755,3.77727,11.9753,38251,121269,1,0
4884,0.209429,0.264908,6.67057,31.8498,83509,398747,1,0
4885,0.337141,0.508616,5.38496,15.9725,91027,269997,1,0
4886,0.274705,0.378749,6.8575,24.9625,86153,313620,1,0
4887,0.220327,0.282589,1.31855,5.98453,13345,60569,2,0
4888,0.198301,0.247351,4.75152,23.9606,62052,312918,1,0
4889,0.237194,0.310949,2.60663,10.9894,30440,128334,1,0
4890,0.339013,0.512889,5.0815,14.9892,58417,172315,1,0
4892,0.276228,0.381651,5.23384,18.9473,78511,284225,1,0
4893,0.394011,0.650195,1.57706,4.00259,16132,40943,1,0
4894,0.168839,0.203137,1.17991,6.9884,11994,71038,1,0
4895,0.289279,0.407022,6.93028,23.9562,81384,281334,1,0
4896,0.0127715,0.0129367,0.153174,11.9938,1583,123948,1,0
4897,0.290279,0.409005,10.1378,34.9234,126742,436621,1,0
4898,0.0180949,0.0184284,0.631247,34.8943,7735,427468,1,0
4899,0.32498,0.481438,3.56319,10.9643,42393,130448,1,0
4900,0.269529,0.36898,2.95745,10.9726,32706,121345,1,0
4901,0.11738,0.132991,0.936622,7.97941,10229,87144,1,0
4902,0.313777,0.457253,5.00669,15.9567,61543,196136,1,0
4903,0.144289,0.168618,1.72537,11.9578,18099,125436,1,0
4905,0.249947,0.333238,20.9514,83.8227,218967,876055,1,0
4906,0.193551,0.240003,1.15676,5.97673,14699,75944,1,0
4907,0.399517,0.665326,60.9915,152.658,774680,1939041,1,0
4908,0.114434,0.129222,2.97109,25.9633,30558,267035,2,0
4909,0.418352,0.719252,48.007,114.758,679750,1624829,1,0
4910,0.447406,0.809647,6.24094,13.9493,66434,148487,1,0
4911,0.363061,0.570009,7.60852,20.9566,76587,210948,1,0
4912,0.178583,0.217408,3.56064,19.938,60402,338230,1,0
4913,0.489821,0.960097,12.7074,25.9429,136689,279059,1,0
4914,0.284733,0.39808,12.2125,42.8897,205799,722778,1,0
4915,0.294869,0.418177,5.58442,18.9412,74668,253224,1,0
4916,0.436514,0.774668,13.9456,31.9476,140744,322427,1,0
4917,0.306245,0.441432,3.97484,12.9792,49733,162396,1,0
4918,0.361257,0.565575,16.585,45.9109,264043,730901,1,0
4919,0.227264,0.294104,10.2076,44.9137,130158,572716,1,0
4920,0.379213,0.610858,15.8901,41.9029,160456,423129,1,0
4921,0.348375,0.534624,124.1,356.229,1622551,4657488,2,0
4922,0.32895,0.490202,1.97304,5.99801,22865,69509,1,0
4923,0.377001,0.605139,11.275,29.9071,122730,325543,1,0
4924,0.296788,0.422046,8.2848,27.9136,146206,492628,1,0
4925,0.483132,0.934729,19.277,39.9002,197382,408547,1,0
4926,0.285412,0.399408,1.70552,5.97562,17409,60996,1,0
4927,0.256058,0.344192,1.7882,6.98359,20974,81911,1,0
4929,0.345265,0.527334,5.16845,14.9694,63808,184809,1,0
4930,0.0118716,0.0120142,0.402525,33.9138,4915,414015,1,0
4931,0.110003,0.1236,2.74463,24.9501,33306,302773,1,0
4932,0.253704,0.33995,5.81657,22.926,68774,271080,1,0
4933,0.0822138,0.0895784,1.47741,17.9709,16248,197631,1,0
4934,0.48665,0.947988,8.74424,17.9678,110452,226964,1,0
4935,0.209742,0.26541,2.09556,9.99107,22145,105582,1,0
4936,0.151422,0.178442,3.62125,23.9149,36387,240302,1,0
4937,0.203404,0.255342,19.0769,93.7881,194289,955187,2,0
4938,0.239264,0.314516,10.9808,45.8943,143338,599079,1,0
4939,0.386016,0.628707,7.69614,19.938,94611,245096,1,0
4940,0.0897151,0.0985572,2.68502,29.9283,27685,308588,1,0
4941,0.39299,0.647419,343.827,874.911,4918788,12516318,1,0
4942,0.498751,0.995018,32.8447,65.8532,351507,704774,1,0
4943,0.425618,0.741002,48.4063,113.734,489782,1150755,1,0
4944,0.186163,0.228747,3.89965,20.9471,67817,364289,1,0
4945,0.426851,0.744748,226.159,529.838,2366585,5544283,1,0
4946,0.279825,0.388552,7.533,26.9207,119906,428503,1,0
4947,0.288599,0.405677,4.02765,13.9559,53712,186113,2,0
4948,0.388638,0.635693,5.43377,13.9815,54997,141512,1,0
4949,0.428731,0.75049,3.42981,7.99982,42158,98332,1,0
4950,0.428942,0.751135,10.697,24.9387,166450,388048,1,0
4951,0.270781,0.371331,9.99371,36.9063,127291,470088,1,0
4952,0.348335,0.534531,46.5654,133.68,469375,1347481,1,0
4953,0.284559,0.397738,10.5061,36.9211,131161,460928,1,0
4954,0.16081,0.191625,3.68962,22.944,41887,260475,2,0
4955,0.48028,0.924112,51.766,107.787,574267,1195693,1,0
4956,0.44066,0.787823,8.36461,18.9825,123154,279476,1,0
4957,0.445209,0.80248,4.44312,9.9799,45503,102206,1,0
4958,0.243686,0.322203,2.6797,10.9965,27056,111028,1,0
4959,0.397165,0.65883,27.3235,68.798,319634,804788,1,0
4960,0.212908,0.2705,1.06115,4.98413,10965,51501,1,0
4961,0.23233,0.302644,9.97174,42.9211,123041,529595,1,0
4962,0.0322583,0.0333336,0.321863,9.97746,3926,121705,1,0
4963,0.0594426,0.0631993,0.889993,14.9712,10726,180443,1,0
4964,0.345456,0.527782,4.48759,12.9904,52033,150621,1,0
4965,0.073941,0.0798449,2.06507,27.9282,22644,306244,1,0
4966,0.412534,0.702225,9.88057,23.951,136849,331728,2,0
4967,0.132202,0.152341,2.50415,18.9419,26258,198621,1,0
4968,0.350797,0.54035,85.7301,244.386,860375,2452629,1,0
4969,0.181251,0.221376,2.52882,13.9519,25769,142173,1,0
4970,0.0843997,0.0921796,0.841563,9.97163,10738,127228,1,0
4971,0.395412,0.654018,35.8799,90.743,434953,1100000,1,0
4972,0.102843,0.114632,1.33401,12.9713,13597,132211,1,0
4973,0.343259,0.52267,6.84437,19.9396,72741,211913,1,0
4974,0.340665,0.516679,64.9118,190.542,957852,2811715,1,0
4975,0.393151,0.647857,10.5955,26.9502,108380,275670,1,0
4976,0.426861,0.744776,14.4809,33.9235,167130,391533,1,0
4977,0.349666,0.537672,22.3235,63.8405,389133,1112870,1,0
4978,0.341727,0.519127,11.9316,34.9192,159809,467651,2,0
4979,0.34796,0.533648,2.08289,5.98601,21054,60507,1,0
4980,0.417865,0.717815,2.92963,7.01097,36348,86985,2,0
4981,0.389006,0.636678,66.3607,170.589,1022969,2629697,1,0
4982,0.383246,0.621391,5.73627,14.967,76543,199723,1,0
4983,0.295392,0.419228,1.76784,5.98472,17974,60848,1,0
4984,0.236885,0.310419,2.36409,9.98002,30837,130177,1,0
4985,0.234312,0.306016,3.74049,15.9645,43778,186836,1,0
4986,0.452768,0.827377,17.173,37.9288,190147,419966,1,0
4987,0.455842,0.837702,86.3966,189.524,1275629,2798401,1,0
4988,0.465839,0.872096,3.25151,6.97987,33294,71471,1,0
4989,0.297721,0.423936,6.53512,21.9503,66232,222463,1,0
4990,0.376042,0.602673,6.00385,15.9659,70121,186471,1,0
4991,0.136635,0.158259,0.817535,5.98335,8439,61763,1,0
4992,0.368806,0.584298,110.002,298.28,1358951,3684735,1,0
4993,0.18419,0.225776,3.30484,17.9426,40406,219371,1,0
4994,0.140557,0.163544,13.0469,92.8167,158354,1126617,1,0
4995,0.266222,0.362809,7.70875,28.9562,89828,337418,1,0
4996,0.0371682,0.038603,1.37181,36.9084,15150,407607,1,0
4997,0.465353,0.870392,22.2945,47.9095,283457,609123,2,0
4998,0.123957,0.141496,1.23639,9.97427,12938,104375,1,0
4999,0.154369,0.182549,1.69375,10.972,16976,109970,1,0
5000,0.293739,0.415907,8.79033,29.9259,89351,304185,2,0
5001,0.0704568,0.0757972,0.42155,5.98287,5365,76146,1,0
5002,0.367205,0.580291,10.9887,29.9238,138209,376381,1,0
5003,0.145355,0.170076,7.68666,52.882,78068,537086,1,0
5004,0.404788,0.680073,6.86654,16.9634,73792,182298,1,0
5005,0.571509,1.33377,25.1016,43.9223,296168,518221,1,0
5006,0.128803,0.147845,0.899116,6.98048,9205,71466,1,0
5007,0.501528,1.00613,9.00131,17.9477,93540,186510,1,0
5008,0.390055,0.639493,13.2447,33.9562,224260,574944,1,0
5009,0.289847,0.408146,4.62404,15.9533,61786,213168,2,0
5010,0.291224,0.410884,2.90215,9.96522,29349,100778,1,0
5011,0.454595,0.833498,9.52875,20.961,103588,227869,1,0
5012,0.322352,0.475692,12.5477,38.9246,193988,601790,1,0
5013,0.503095,1.01246,5.52635,10.9848,73645,146384,1,0
5014,0.244215,0.323128,2.43797,9.98284,24592,100698,1,0
5015,0.187975,0.231488,3.18885,16.9645,41767,222195,1,0
5016,0.302814,0.434338,1.51207,4.99337,17314,57177,1,0
5017,0.406718,0.685538,8.51887,20.9453,97502,239729,1,0
5018,0.330348,0.493312,5.93488,17.966,89441,270748,1,0
5019,0.390709,0.641253,3.89861,9.97826,40170,102813,1,0
5020,0.245636,0.32562,3.43054,13.966,34659,141099,1,0
5021,0.373592,0.596404,24.6078,65.868,290326,777120,1,0
5022,0.207385,0.261647,3.71884,17.9318,38483,185563,1,0
5023,0.275798,0.380831,8.26221,29.9577,102030,369944,1,0
5024,0.0233251,0.0238821,0.442066,18.9523,5411,231982,1,0
5025,0.221391,0.284342,11.0483,49.9043,133814,604423,1,0
5026,0.30524,0.439346,6.3958,20.9534,68944,225868,1,0
5027,0.0384082,0.0399424,2.18409,56.866,24006,625022,1,0
5028,0.479955,0.92291,6.71813,13.9971,85551,178248,1,0
5029,0.306751,0.442482,166.818,543.805,1747164,5695714,1,0
5030,0.252856,0.33843,8.07619,31.9399,81232,321258,1,0
5031,0.278467,0.385938,11.6561,41.8579,119018,427404,1,0
5033,0.32967,0.491804,7.23692,21.9522,88683,269005,1,0
5034,0.0647992,0.0692891,3.23229,49.8817,32941,508355,1,0
5035,0.402199,0.672799,14.0526,34.9395,147717,367273,1,0
5036,0.510516,1.04297,147.236,288.41,1735984,3400448,1,0
5037,0.458632,0.847173,8.69131,18.9505,88854,193737,1,0
5038,0.506399,1.02593,11.6174,22.9414,124239,245338,1,0
5039,0.361751,0.566787,7.5858,20.9678,125027,345616,1,0
5040,0.359446,0.561149,9.6836,26.9385,129237,359545,2,0
5041,0.160168,0.190715,1.12129,7.00071,11309,70607,1,0
5042,0.358709,0.559355,2.86214,7.97905,34581,96404,1,0
5043,0.382283,0.618863,38.1569,99.8146,575590,1505666,1,0
5044,0.279844,0.388589,3.63005,12.9711,48410,172989,1,0
5045,0.339731,0.514535,6.78286,19.9654,68516,201677,1,0
5046,0.292863,0.414152,7.31173,24.9673,91215,311460,2,0
5047,0.239718,0.315301,2.62849,10.965,29953,124951,1,0
5048,0.570127,1.32627,8.53086,14.9631,94734,166163,1,0
5049,0.472595,0.896078,19.3336,40.9109,284821,602674,1,0
5051,0.21521,0.274226,1.50322,6.98488,15369,71414,1,0
5052,0.314181,0.458111,3.13506,9.97851,36883,117394,1,0
5053,0.230149,0.298952,1.60711,6.9829,16579,72036,1,0
5054,0.415434,0.71067,6.21383,14.9573,74803,180060,1,0
5055,0.154986,0.183413,5.10906,32.963,64207,414275,1,0
5056,0.267472,0.365135,16.5517,61.8817,187367,700512,1,0
5057,0.0823789,0.0897744,1.48003,17.9662,15859,192513,1,0
5058,0.0484401,0.050906,0.869898,17.9588,9552,197192,1,0
5059,0.337022,0.508345,13.1142,38.9086,201202,597000,1,0
5060,0.086854,0.0951151,0.6944,7.9951,7255,83531,1,0
5061,0.31088,0.451127,5.57891,17.9455,56159,180645,1,0
5062,0.243362,0.321636,32.0536,131.714,326644,1342214,1,0
5063,0.101996,0.113581,0.711892,6.97958,9152,89729,1,0
5064,0.395533,0.654351,17.3646,43.9028,213096,538756,1,0
5065,0.192937,0.23906,80.0702,415.017,815677,4227692,2,0
5066,0.433754,0.766015,7.79361,17.968,83619,192780,1,0
5067,0.537446,1.16191,20.3802,37.9205,241687,449695,1,0
5068,0.242485,0.320106,1.45014,5.9803,14843,61212,1,0
5069,0.43364,0.76566,21.2012,48.891,214172,493894,1,0
5070,0.371469,0.591012,65.9827,177.64,1097737,2955122,1,0
5071,0.341348,0.518252,149.212,437.039,1995161,5844948,1,0
5072,0.401763,0.671577,2.80579,6.98373,28583,71144,1,0
5073,0.335145,0.504087,2.67225,7.97339,32130,95869,1,0
5074,0.371171,0.590258,28.5161,76.8284,465545,1254259,1,0
5075,0.337524,0.509489,3.70412,10.9738,49370,146271,1,0
5076,0.178024,0.21658,1.59805,8.97661,16020,89988,1,0
5077,0.276079,0.381367,66.0831,239.467,839242,3039857,2,0
5078,0.22736,0.294264,2.50325,11.0099,29309,128910,1,0
5079,0.513009,1.05343,19.9561,38.9005,221922,432589,1,0
5080,0.47125,0.891254,104.858,222.501,1487717,3156957,1,0
5082,0.211042,0.267494,1.68265,7.97308,17087,80965,1,0
5083,0.134891,0.155923,1.61865,11.9999,18918,140247,1,0
5084,0.301621,0.431887,1.80714,5.99145,18588,61627,1,0
5085,0.189875,0.234377,2.27314,11.9718,28042,147687,1,0
5086,0.04326,0.045216,1.16468,26.9228,14070,325243,1,0
5087,0.236496,0.309751,6.84004,28.9229,77303,326868,1,0
5088,0.293203,0.414833,8.19447,27.9482,94472,322207,1,0
5089,0.055568,0.0588375,1.82938,32.9174,20040,360639,1,0
5090,0.335513,0.504919,6.69633,19.9584,82520,245952,1,0
5091,0.258101,0.347892,1.79716,6.96309,19292,74746,1,0
5092,0.232798,0.303438,2.5523,10.9636,25625,110074,1,0
5093,0.216102,0.275676,1.72515,7.98302,17654,81693,1,0
5095,0.422231,0.730796,7.16092,16.9601,90303,213871,1,0
5096,0.0766722,0.0830389,3.59446,46.8813,36432,475166,1,0
5097,0.510682,1.04366,86.127,168.65,922169,1805758,1,0
5098,0.308811,0.446781,346.042,1120.46,5145083,16660970,1,0
5099,0.307073,0.443154,3.9834,12.9723,40230,131011,1,0
5100,0.526385,1.11142,12.073,22.9358,131121,249097,1,0
5101,0.372821,0.594441,57.2823,153.65,990339,2656339,1,0
5102,0.383978,0.62332,8.04354,20.9477,107825,280810,1,0
5103,0.273848,0.377123,2.45879,8.9787,24938,91065,1,0
5104,0.198704,0.247978,1.58789,7.99126,18979,95514,2,0
5105,0.229643,0.2981,16.0338,69.8158,274169,1193892,1,0
5106,0.267286,0.36479,5.87006,21.9616,76043,284500,1,0
5107,0.142013,0.165519,1.5582,10.9722,15620,109990,1,0
5108,0.295527,0.419501,5.00823,16.947,66915,226426,1,0
5109,0.155879,0.184665,2.95376,18.9486,34483,221216,1,0
5110,0.460084,0.85214,8.26689,17.9681,132702,288430,1,0
5111,0.477237,0.912913,29.0515,60.8743,300131,628893,2,0
5112,0.234811,0.306867,2.10945,8.98359,21307,90741,1,0
5113,0.18586,0.22829,1.29677,6.97717,15247,82035,1,0
5114,0.181375,0.22156,9.59193,52.8854,98611,543687,1,0
5115,0.440386,0.786946,9.22105,20.9385,107319,243693,1,0
5116,0.292726,0.413879,5.54805,18.9527,67516,230646,1,0
5117,0.181175,0.221262,2.89311,15.9683,35255,194591,1,0
5118,0.35091,0.540619,11.569,32.9686,125707,358231,1,0
5119,0.0598303,0.0636378,15.8209,264.442,173856,2905817,1,0
5120,0.507128,1.02893,7.09633,13.9932,89037,175571,1,0
5121,0.297544,0.423576,3.8646,12.9885,42297,142154,1,0
5122,0.199037,0.248498,6.35958,31.9516,64020,321648,1,0
5123,0.303795,0.436359,13.9337,45.8656,142244,468223,1,0
5124,0.251048,0.3352,8.00693,31.8952,101894,405874,1,0
5125,0.364052,0.572456,124.612,342.282,1517567,4168541,1,0
5126,0.122176,0.139181,4.3873,35.9103,44385,363287,1,0
5127,0.347279,0.532047,9.34861,26.9196,98715,284253,1,0
5128,0.360156,0.562881,12.9315,35.9067,191101,530606,1,0
5129,0.305742,0.440386,2.1391,6.99643,21497,70311,1,0
5130,0.411478,0.699171,16.0401,38.9816,160801,390789,1,0
5131,0.306097,0.441123,14.3616,46.9164,232484,759512,1,0
5132,0.357117,0.555494,5.7035,15.9712,76371,213854,1,0
5133,0.181472,0.221705,1.08583,5.98348,10948,60329,1,0
5134,0.40425,0.678556,4.82845,11.9441,59943,148282,1,0
5135,0.294666,0.417768,7.93863,26.9419,126207,428305,1,0
5136,0.321112,0.472998,2.5565,7.96113,34053,106047,1,0
5137,0.326859,0.485573,3.58368,10.964,35997,110130,1,0
5138,0.267972,0.366067,3.21096,11.982,42384,158166,1,0
5139,0.201113,0.251742,5.61924,27.9411,64179,319119,1,0
5140,0.508184,1.03328,25.3483,49.8819,377517,742874,1,0
5141,0.38919,0.63717,9.69429,24.9089,100741,258848,1,0
5142,0.179754,0.219147,1.07359,5.97257,10816,60171,1,0
5143,0.200769,0.251202,3.60766,17.9697,42157,209978,1,0
5144,0.11185,0.125937,4.68738,41.9084,48175,430709,1,0
5145,0.318162,0.466624,1.90178,5.97758,22341,70219,1,0
5147,0.138628,0.160938,1.79809,12.9706,20532,148109,1,0
5148,0.215749,0.275101,9.23528,42.8053,109467,507382,1,0
5149,0.0469164,0.0492259,0.98232,20.9373,10842,231092,1,0
5150,0.428896,0.750994,6.84068,15.9492,85358,199018,1,0
5151,0.162581,0.194145,1.94979,11.9929,20445,125753,1,0
5152,0.223066,0.287111,8.00854,35.9022,80607,361359,1,0
5153,0.319172,0.468801,11.7792,36.9054,120186,376555,1,0
5154,0.220815,0.283392,1.54191,6.98259,20010,90619,1,0
5155,0.40859,0.690874,15.9103,38.9392,201365,492829,1,0
5156,0.139526,0.16215,7.24175,51.9032,73622,527659,1,0
5157,0.491268,0.96567,146.036,297.303,1719760,3500658,1,0
5158,0.512707,1.05215,25.5864,49.9048,373168,727839,1,0
5159,0.456462,0.839798,8.20057,17.9656,88288,193418,1,0
5160,0.364574,0.573748,9.10273,24.9684,149431,409878,1,0
5161,0.289182,0.406829,24.8087,85.8,322576,1115479,1,0
5162,0.378307,0.608512,5.27694,13.9488,53591,141660,1,0
5163,0.427012,0.745236,17.4689,40.9094,215178,503916,1,0
5164,0.418828,0.720661,9.19488,21.9535,143217,341947,1,0
5165,0.492735,0.971358,4.43232,8.9954,58705,119141,1,0
5166,0.182482,0.223215,1.82403,9.99568,18390,100777,1,0
5167,0.25329,0.339208,50.021,197.495,585134,2310136,1,0
5168,0.0633769,0.0676654,0.695855,10.9791,9061,142970,1,0
5169,0.420375,0.725255,9.6514,22.9591,142947,340046,1,0
5171,0.25879,0.349146,2.58469,9.98761,26342,101789,1,0
5172,0.277736,0.384536,6.65276,23.9538,77790,280086,1,0
5173,0.0786962,0.0854183,1.72643,21.938,17821,226453,1,0
5174,0.462924,0.861935,381.021,823.172,4701810,10156756,1,0
5176,0.176841,0.214832,2.29638,12.9858,25637,144972,1,0
5177,0.226692,0.293145,2.48753,10.9731,26673,117662,1,0
5178,0.0357056,0.0370277,0.890808,24.9473,9826,275195,1,0
5179,0.492065,0.968757,5.39891,10.972,59564,121049,1,0
5180,0.0691626,0.0743015,0.482796,6.98058,5045,72944,2,0
5181,0.406846,0.685902,71.4326,175.576,719111,1767527,1,0
5182,0.206152,0.259687,9.25187,44.8777,94231,457095,1,0
5183,0.139564,0.162202,3.2028,22.9467,41921,300371,2,0
5184,0.41216,0.701142,21.8018,52.8955,275243,667807,1,0
5185,0.148191,0.173972,2.06996,13.968,21250,143396,1,0
5186,0.286917,0.402361,2.57966,8.99092,27272,95052,1,0
5187,0.430339,0.755429,22.3329,51.8953,308944,717909,1,0
5188,0.393352,0.648403,20.0206,50.898,203880,518314,1,0
5189,0.372955,0.594781,9.67354,25.9378,161539,433133,1,0
5190,0.314163,0.458072,8.15165,25.9458,109901,349822,2,0
5191,0.237918,0.312195,1.18199,4.96803,11958,50261,1,0
5192,0.354492,0.549168,11.6721,32.9256,139660,393972,1,0
5193,0.449556,0.816715,13.9021,30.925,211387,470213,1,0
5194,0.362806,0.569381,28.9652,79.832,385277,1061936,1,0
5195,0.384659,0.625115,2.301,5.98193,23088,60022,1,0
5196,0.226717,0.293188,25.113,110.776,292733,1291181,1,0
5197,0.328387,0.488953,7.21524,21.9719,90760,276381,1,0
5198,0.313811,0.457325,6.89269,21.9653,145555,463830,1,0
5199,0.357256,0.555829,4.63806,12.9825,48117,134685,1,0
5200,0.285595,0.399767,1.71311,5.99835,17483,61216,1,0
5201,0.369226,0.585353,69.2661,187.584,805823,2182468,1,0
5202,0.166573,0.199866,1.33023,7.98588,13695,82216,1,0
5203,0.469406,0.884679,5.62073,11.9741,65913,140418,1,0
5204,0.0167491,0.0170344,0.350785,20.9414,4225,252253,1,0
5205,0.216452,0.276247,2.80892,12.9764,34217,158081,1,0
5206,0.372789,0.59436,3.72176,9.98363,42889,115049,1,0
5207,0.126019,0.144189,4.14921,32.9261,45854,363867,1,0
5208,0.328,0.488094,3.92679,11.9717,48458,147738,1,0
5209,0.160975,0.19186,0.962225,5.97755,10149,63047,1,0
5210,0.252664,0.338087,7.80994,30.9105,78565,310946,1,0
5211,0.258488,0.348597,9.54117,36.9116,97081,375572,1,0
5212,0.295219,0.418881,2.35324,7.97129,30510,103347,1,0
5213,0.416613,0.714127,994.238,2386.79,12184161,29245776,1,0
5214,0.10098,0.112323,2.11486,20.9433,21675,214646,1,0
5215,0.516632,1.06882,89.1839,172.623,965010,1867886,1,0
5216,0.455094,0.835178,87.6394,192.575,1213281,2666003,1,0
5217,0.423821,0.735572,9.29367,21.9283,94677,223389,1,0
5218,0.276074,0.381357,43.5252,157.659,690688,2501820,1,0
5219,0.246984,0.327993,2.46547,9.98235,24935,100958,1,0
5220,0.243975,0.322708,3.4105,13.9788,42661,174858,1,0
5221,0.366515,0.57857,21.2151,57.8834,341375,931407,2,0
5222,0.336536,0.50724,19.4814,57.8931,256723,762840,1,0
5223,0.21812,0.278969,1.52403,6.98706,15374,70484,1,0
5224,0.216959,0.277073,5.41785,24.9724,61782,284763,1,0
5225,0.31924,0.468947,4.45337,13.9499,57551,180275,1,0
5226,0.248998,0.331554,4.96738,19.9507,69328,278428,1,0
5228,0.249819,0.333011,2.24297,8.9784,22762,91114,1,0
5229,0.431137,0.757892,12.4799,28.9464,144990,336297,1,0
5230,0.259901,0.351171,2.33177,8.97169,24084,92666,2,0
5231,0.48321,0.935021,48.7151,100.82,593427,1228094,1,0
5232,0.197837,0.24663,5.13396,25.9514,62566,316250,1,0
5233,0.120956,0.1376,3.01352,24.9151,36504,301795,1,0
5234,0.342309,0.520471,5.46753,15.9723,60103,175581,1,0
5235,0.221915,0.285206,12.1824,54.896,132803,598442,1,0
5236,0.596402,1.47771,139.813,234.433,1846889,3096718,1,0
5237,0.304354,0.437514,7.89795,25.9497,84063,276201,1,0
5238,0.290712,0.409865,18.5675,63.8693,186835,642680,1,0
5239,0.350739,0.540213,520.378,1483.7,5310568,15141067,1,0
5240,0.330392,0.493411,2.30413,6.97403,30255,91573,1,0
5241,0.548611,1.21538,44.9027,81.8506,560815,1022245,1,0
5242,0.0697978,0.0750351,1.53051,21.928,15509,222199,1,0
5243,0.374668,0.599152,147.615,393.989,1567473,4183627,1,0
5244,0.351725,0.542556,41.7368,118.655,867815,2467309,2,0
5245,0.477466,0.913753,8.1042,16.9733,84799,177602,1,0
5246,0.382908,0.620504,6.87838,17.9641,113942,297570,1,0
5247,0.244329,0.323328,1.70592,6.98206,17245,70581,1,0
5248,0.321174,0.473131,5.45329,16.9792,67943,211546,1,0
5249,0.338929,0.512696,116.665,344.232,1752124,5169593,1,0
5250,0.315322,0.46054,7.53973,23.9098,99577,315795,1,0
5251,0.321201,0.47319,7.04726,21.9403,71121,221422,1,0
5252,0.161071,0.191996,1.76606,10.9644,20078,124653,1,0
5253,0.375335,0.600857,7.49147,19.9594,95767,255151,2,0
5254,0.50589,1.02384,11.0989,21.9398,159708,315697,1,0
5255,0.162453,0.193963,1.30034,8.00444,13545,83378,1,0
5256,0.347527,0.532631,4.15803,11.9646,42015,120897,1,0
5257,0.203337,0.255236,3.64755,17.9382,42229,207680,1,0
5258,0.15122,0.178162,0.903307,5.97344,9364,61923,1,0
5259,0.32414,0.479597,4.85536,14.979,59084,182279,1,0
5260,0.0856998,0.0937327,1.28187,14.9571,15545,181389,1,0
5261,0.208462,0.263363,6.85944,32.9052,82937,397852,2,0
5262,0.370271,0.587985,4.80632,12.9806,55955,151119,1,0
5263,0.0428848,0.0448063,0.812511,18.9462,8919,207976,1,0
5264,0.361716,0.5667,5.77628,15.9693,65464,180982,1,0
5265,0.269557,0.369033,3.22887,11.9783,35026,129939,1,0
5266,0.17729,0.215495,2.82864,15.9548,28368,160009,1,0
5267,0.382407,0.61919,9.14656,23.9183,93429,244318,1,0
5268,0.13143,0.151317,0.784753,5.97109,10039,76383,1,0
5269,0.381047,0.615631,20.5312,53.8813,252549,662777,1,0
5270,0.0365838,0.037973,1.31432,35.9258,13304,363658,1,0
5271,0.19704,0.245392,4.12612,20.9408,43831,222447,1,0
5272,0.406395,0.684622,28.7887,70.8391,416974,1026031,1,0
5273,0.3723,0.593118,7.06034,18.9642,77657,208587,1,0
5274,0.329886,0.492283,12.8305,38.8905,222420,674233,1,0
5275,0.25032,0.333902,2.2476,8.97898,22716,90748,1,0
5276,0.151774,0.178931,3.18347,20.9739,39945,263188,1,0
5277,0.371799,0.591847,7.78833,20.9487,123686,332669,1,0
5278,0.470144,0.887305,8.4432,17.9586,111040,236183,1,0
5280,0.221453,0.284445,1.32716,5.99303,15203,68651,1,0
5281,0.385664,0.627773,13.4628,34.9087,177568,460422,1,0
5282,0.360301,0.563234,7.90771,21.9479,127443,353713,1,0
5283,0.242328,0.319832,0.967869,3.99405,10099,41675,1,0
5284,0.323168,0.477471,2.25359,6.97346,22847,70697,1,0
5285,0.124372,0.142037,0.745448,5.99371,7696,61879,1,0
5286,0.390979,0.641979,7.8074,19.9691,92099,235560,1,0
5287,0.328883,0.490053,40.0424,121.753,486553,1479410,1,0
5288,0.292703,0.413834,7.87965,26.9204,88051,300820,1,0
5289,0.356864,0.554881,6.05166,16.9579,68413,191706,1,0
5290,0.159604,0.189915,4.13963,25.9364,45785,286867,2,0
5291,0.40514,0.681067,13.3406,32.9295,163198,402819,1,0
5292,0.263117,0.357068,1.30978,4.97787,14051,53402,1,0
5293,0.105665,0.118149,3.27103,30.9572,32987,312186,1,0
5294,0.270918,0.371588,60.8157,224.491,634187,2340880,2,0
5295,0.134914,0.155954,0.538774,3.99341,6927,51344,1,0
5296,0.483988,0.937938,31.387,64.8529,389838,805471,2,0
5297,0.117805,0.133536,1.40935,11.9632,14261,121056,1,0
5298,0.423915,0.735855,7.19763,16.979,77423,182638,1,0
5299,0.458679,0.847333,7.32492,15.9697,95980,209253,1,0
5300,0.448925,0.814636,12.0923,26.9358,128161,285484,1,0
5301,0.401763,0.671577,11.2416,27.9801,187863,467597,1,0
5302,0.452175,0.825399,4.50061,9.95334,46139,102038,1,0
5303,0.269452,0.368835,24.9978,92.7719,311106,1154588,1,0
5304,0.309708,0.448662,55.6112,179.571,892173,2880691,1,0
5305,0.338232,0.511104,3.37376,9.97469,34106,100836,1,0
5306,0.147424,0.172916,2.79252,18.9424,31873,216199,1,0
5307,0.331565,0.496031,4.2977,12.9618,54301,163772,1,0
5308,0.604705,1.52976,14.4803,23.9461,204420,338049,1,0
5309,0.173418,0.209801,0.866365,4.99582,8999,51892,1,0
5310,0.253611,0.339783,3.03569,11.9699,30712,121099,1,0
5311,0.355133,0.550707,18.4296,51.8946,226541,637905,1,0
5312,0.24756,0.329009,1.47949,5.97624,15318,61876,1,0
5313,0.160923,0.191786,20.5537,127.74,246550,1532095,2,0
5314,0.19545,0.24293,41.9212,214.468,507908,2598665,2,0
5315,0.342182,0.520176,79.2074,231.477,885233,2587027,1,0
5316,0.0903573,0.0993327,1.3492,14.9318,14811,163916,1,0
5317,0.430685,0.756496,8.16123,18.9508,125393,291148,1,0
5318,0.163635,0.195651,4.24309,25.9306,44411,271402,1,0
5319,0.267903,0.365939,2.94355,10.9874,29622,110570,1,0
5320,0.193426,0.239812,2.70002,13.959,27594,142659,1,0
5321,0.174512,0.211405,4.52388,25.9239,59217,339329,1,0
5322,0.550378,1.22409,25.809,46.8932,329379,598460,1,0
5323,0.0800882,0.0870607,3.67679,45.9085,37227,464825,1,0
5324,0.493997,0.976273,17.2361,34.891,184295,373069,2,0
5325,0.317308,0.464789,10.7539,33.893,163463,515156,1,0
5326,0.44589,0.804695,43.6095,97.8028,455441,1021421,1,0
5327,0.389356,0.637616,49.3476,126.739,814864,2092849,1,0
5328,0.292068,0.412566,2.62112,8.9744,26516,90787,1,0
5329,0.372721,0.594186,8.18851,21.9693,101771,273049,1,0
5330,0.397212,0.658958,17.4358,43.8955,266447,670793,1,0
5331,0.23818,0.312645,6.40812,26.9047,64595,271203,1,0
5332,0.24717,0.328321,13.5615,54.868,154062,623304,1,0
5333,0.236451,0.309673,2.12561,8.98961,28288,119636,1,0
5334,0.409376,0.693125,7.75724,18.9491,108926,266078,1,0
5336,0.205382,0.258466,1.8446,8.98137,18882,91936,1,0
5337,0.32819,0.488517,9.16423,27.9233,112801,343706,1,0
5338,0.135199,0.156335,1.35227,10.0021,14088,104202,1,0
5339,0.330125,0.492816,5.5885,16.9287,67846,205516,1,0
5340,0.210891,0.267251,2.94633,13.9711,33520,158945,1,0
5341,0.25048,0.334186,4.00357,15.9834,44400,177260,1,0
5342,0.129244,0.148427,4.51246,34.9137,49029,379352,1,0
5343,0.528636,1.1215,14.2513,26.9585,156360,295780,2,0
5344,0.2763,0.381788,11.8519,42.8953,124433,450355,1,0
5345,0.074486,0.0804806,1.78456,23.9583,17997,241616,1,0
5346,0.284856,0.39832,8.23479,28.9088,84232,295700,1,0
5347,0.255897,0.3439,3.32278,12.9852,44098,172327,1,0
5348,0.456737,0.84073,12.3062,26.9441,153234,335497,1,0
5349,0.142589,0.166302,3.98381,27.9396,40676,285267,1,0
5350,0.302413,0.433512,5.74815,19.0078,60996,201698,1,0
5351,0.417348,0.71629,76.1949,182.556,1001579,2399866,1,0
5352,0.250388,0.334024,5.49844,21.9578,61435,245359,1,0
5353,0.36613,0.577612,18.2652,49.886,307953,841102,1,0
5354,0.336049,0.506135,3.01396,8.96882,30981,92192,1,0
5355,0.374926,0.599811,6.35944,16.9617,78820,210228,1,0
5356,0.422263,0.730892,10.9505,25.9338,165786,392613,1,0
5357,0.362041,0.567498,6.85758,18.9415,68812,190067,1,0
5358,0.168724,0.20297,2.18925,12.9757,25135,148971,1,0
5359,0.29682,0.422112,5.03846,16.9746,64646,217795,1,0
5360,0.272101,0.373818,20.106,73.8872,344405,1265723,1,0
5362,0.353037,0.545684,4.57459,12.9578,47277,133915,1,0
5363,0.308105,0.445306,13.8423,44.9273,170912,554720,1,0
5364,0.285737,0.400045,3.42524,11.9873,35702,124947,1,0
5365,0.0693418,0.0745084,2.2821,32.9104,27728,399874,1,0
5366,0.16052,0.191214,2.87909,17.9358,31773,197938,1,0
5367,0.375298,0.600763,7.11123,18.9485,77925,207635,1,0
5368,0.042015,0.0438577,1.00602,23.9429,11035,262644,2,0
5369,0.551708,1.23069,67.7382,122.776,893978,1620383,2,0
5370,0.130206,0.149698,1.81977,13.9761,19039,146222,1,0
5371,0.298504,0.425525,14.8918,49.8882,152075,509457,1,0
5372,0.0315723,0.0326016,0.819115,25.9441,8237,260893,1,0
5373,0.160519,0.191213,3.84455,23.9471,49762,310006,1,0
5374,0.383224,0.621335,8.79358,22.9463,108047,281942,1,0
5375,0.0937632,0.103464,1.77623,18.9439,18185,193946,1,0
5376,0.443037,0.79545,86.6694,195.633,918139,2072377,1,0
5377,0.494298,0.97745,259.882,525.78,3433262,6945731,2,0
5378,0.300318,0.42922,8.98893,29.9299,103476,344555,1,0
5379,0.340163,0.515525,11.2039,32.9379,179457,527562,1,0
5380,0.210235,0.2662,1.05162,5.00211,10640,50610,1,0
5381,0.329689,0.491844,2.96719,8.99978,36967,112127,1,0
5382,0.35049,0.539623,8.38824,23.9341,132770,378812,1,0
5383,0.381809,0.617624,15.2408,39.9174,154543,404765,1,0
5384,0.245939,0.326153,2.20857,8.98033,25330,102993,1,0
5385,0.268464,0.366987,4.82031,17.955,61281,228265,1,0
5386,0.62888,1.69455,20.6897,32.8994,291272,463160,1,0
5388,0.318668,0.467713,2.23579,7.01608,22490,70575,1,0
5389,0.234659,0.306606,6.32107,26.9364,77649,330902,1,0
5390,0.155772,0.184514,2.33108,14.9646,24311,156068,1,0
5391,0.124141,0.141736,1.73572,13.981,21206,170822,1,0
5392,0.189982,0.23454,21.2264,111.724,259005,1363315,1,0
5393,0.336734,0.507691,3.35587,9.966,36109,107233,1,0
5394,0.113792,0.128403,2.04862,18.0032,22387,196736,1,0
5395,0.256612,0.345192,2.30294,8.97435,25644,99933,1,0
5396,0.2173,0.277629,1.29714,5.96942,13666,62890,1,0
5397,0.171894,0.207575,4.63465,26.9622,47458,276089,1,0
5398,0.235993,0.308888,44.2682,187.586,446125,1890419,4,0
5399,0.0826653,0.0901146,0.494743,5.98473,6290,76090,1,0
5400,0.527367,1.11581,7.90115,14.9821,101292,192071,1,0
5401,0.114665,0.129516,10.9756,95.7158,111151,969353,1,0
5402,0.469377,0.884576,999.297,2129.02,10622376,22630811,1,0
5403,0.48819,0.953851,17.0539,34.9323,252613,517448,1,0
5404,0.444781,0.801092,11.0875,24.9281,117118,263316,1,0
5405,0.407291,0.687169,17.0664,41.9018,290744,713848,2,0
5406,0.397727,0.660375,5.9443,14.9458,60182,151315,1,0
5407,0.374298,0.598205,5.22939,13.9712,65001,173661,1,0
5408,0.319955,0.47049,7.66501,23.9564,114483,357810,1,0
5409,0.416581,0.714033,41.5504,99.7416,416452,999691,1,0
5410,0.313934,0.457586,3.44542,10.975,40376,128613,1,0
5411,0.405869,0.68313,4.05484,9.99048,54315,133824,1,0
5412,0.262927,0.356717,14.4259,54.8707,199658,759368,1,0
5415,0.468666,0.882055,20.5738,43.8987,256416,547119,1,0
5416,0.250465,0.33416,5.24477,20.9403,54291,216761,1,0
5417,0.167417,0.201082,2.50486,14.962,30409,181636,1,0
5418,0.338444,0.511587,5.40527,15.9709,58499,172847,1,0
5419,0.016224,0.0164916,0.534171,32.9257,5884,362672,1,0
5420,0.496698,0.986879,9.41092,18.947,104092,209568,1,0
5421,0.127738,0.146445,1.65478,12.9548,17418,136357,1,0
5422,0.210311,0.266321,2.72619,12.9626,27776,132071,1,0
5423,0.11497,0.129905,6.42086,55.8483,64745,563148,1,0
5424,0.121116,0.137807,1.45189,11.9877,18550,153159,1,0
5425,0.426352,0.743229,10.2067,23.94,126557,296837,1,0
5426,0.0353558,0.0366516,0.281811,7.97075,2853,80694,1,0
5427,0.39059,0.640932,4.28472,10.9699,45037,115305,1,0
5428,0.506968,1.02826,41.48,81.8208,508013,1002062,1,0
5429,0.421899,0.729803,23.5635,55.8515,255085,604611,1,0
5430,0.33637,0.506865,25.1628,74.8047,404662,1203025,1,0
5431,0.264979,0.360506,3.17374,11.9773,32120,121217,2,0
5432,0.248771,0.331153,14.6473,58.8774,183490,737585,1,0
5433,0.267311,0.364836,13.0735,48.9071,214691,803150,1,0
5434,0.500141,1.00057,40.9228,81.8221,417426,834616,1,0
5435,0.256819,0.345567,2.30309,8.9679,26346,102586,1,0
5436,0.359203,0.560557,39.4077,109.717,493287,1373282,1,0
5437,0.574668,1.3511,10.9044,18.975,155751,271028,1,0
5438,0.428108,0.748582,27.7785,64.8869,288847,674706,1,0
5439,0.0822889,0.0896676,2.13377,25.9295,21510,261396,1,0
5440,0.439925,0.785476,10.5098,23.8897,131352,298578,1,0
5441,0.258712,0.349004,3.8738,14.9735,40110,155037,1,0
5442,0.107958,0.121023,5.7116,52.9007,69848,646994,1,0
5443,0.273069,0.375647,6.2659,22.9463,73555,269364,1,0
5444,0.0408268,0.0425646,1.22189,29.9272,13478,330126,1,0
5445,0.330263,0.493123,3.95202,11.9662,48939,148182,1,0
5446,0.107773,0.120791,0.965832,8.96152,10103,93743,1,0
5447,0.104999,0.117317,3.0402,28.9547,30632,291737,1,0
5448,0.226841,0.293394,9.05041,39.8975,94309,415750,1,0
5450,0.375594,0.601522,11.9845,31.9058,145871,388374,1,0
5451,0.17588,0.213415,10.883,61.8795,111195,632221,1,0
5452,0.423219,0.733759,22.7906,53.8495,241337,570242,1,0
5453,0.587775,1.42586,125.479,213.479,1537423,2615665,1,0
5454,0.356097,0.553028,7.4604,20.9506,83755,235203,1,0
5455,0.346538,0.53031,22.4796,64.8708,367962,1061824,1,0
5456,0.246532,0.327196,2.70149,10.958,27315,110797,1,0
5457,0.411784,0.700055,3.28906,7.98744,40732,98916,1,0
5458,0.293259,0.414945,22.2403,75.8403,352874,1203286,1,0
5459,0.202617,0.254102,1.01016,4.98559,10128,49986,1,0
5460,0.179685,0.219044,12.546,69.8227,145820,811531,1,0
5461,0.27735,0.383796,4.15287,14.9731,54864,197815,1,0
5462,0.363687,0.571554,36.6477,100.764,613047,1685643,1,0
5463,0.193455,0.239856,1.35162,6.98679,14323,74038,1,0
5464,0.269663,0.369231,2.96541,10.9968,30161,111847,1,0
5465,0.435409,0.771194,22.5849,51.8717,272974,626937,2,0
5466,0.159194,0.189336,1.58851,9.97848,16465,103427,1,0
5467,0.294627,0.41769,2.64541,8.97896,31980,108544,2,0
5468,0.420138,0.724548,3.76916,8.97124,43604,103785,1,0
5469,0.0873911,0.0957596,0.609945,6.97945,6750,77239,1,0
5470,0.36293,0.569687,4.709,12.975,59714,164533,1,0
5471,0.118727,0.134722,0.946211,7.96973,9967,83949,1,0
5472,0.330383,0.493392,1521.09,4603.56,15338227,46425528,1,0
5473,0.326284,0.484304,23.1155,70.8433,235816,722733,1,0
5474,0.341613,0.518864,2.37939,6.96512,31343,91750,1,0
5475,0.382159,0.618539,11.8203,30.9304,146459,383241,2,0
5476,0.131087,0.150863,4.1928,31.9848,42435,323717,2,0
5477,0.320394,0.47144,4.78593,14.9377,51015,159226,1,0
5478,0.490661,0.963328,35.26,71.864,432599,881666,1,0
5479,0.477723,0.914693,8.58191,17.9644,92555,193742,1,0
5480,0.28561,0.399796,20.8112,72.8603,339036,1187058,2,0
5481,0.248734,0.331086,1.73967,6.99405,17580,70678,1,0
5482,0.360382,0.563433,4.67475,12.971,56181,155893,1,0
5483,0.348906,0.535877,237.051,679.403,3902941,11186219,1,0
5484,0.149334,0.17555,1.63846,10.9717,16557,110872,1,0
5485,0.229618,0.298057,2.29208,9.98236,25981,113149,1,0
5486,0.326165,0.484042,14.9449,45.8215,187132,573735,1,0
5487,0.304401,0.437609,14.2694,46.8762,196921,646914,2,0
5488,0.187568,0.230872,2.62179,13.9775,27764,148021,1,0
5489,0.233016,0.303809,1.85744,7.97128,18800,80681,1,0
5490,0.456576,0.840182,10.4763,22.9456,121976,267154,1,0
5491,0.24584,0.325979,3.92429,15.963,40673,165445,1,0
5492,0.31455,0.458895,19.7832,62.8941,233369,741915,1,0
5493,0.284892,0.398391,1.99393,6.99891,21641,75962,1,0
5494,0.0452266,0.0473689,2.16645,47.9024,23723,524537,1,0
5495,0.567558,1.31245,23.2001,40.8786,305328,537968,2,0
5496,0.139547,0.162179,0.834844,5.98248,8745,62667,1,0
5497,0.114622,0.129461,6.06022,52.8719,61113,533171,1,0
5498,0.34247,0.520843,18.4553,53.8888,188190,549508,1,0
5499,0.260095,0.351525,6.74937,25.948,89208,342982,1,0
5500,0.419445,0.72249,124.714,297.32,1592155,3795860,1,0
5501,0.260005,0.35136,6.48328,24.9354,65496,251903,1,0
5502,0.347388,0.532305,7.6234,21.945,81334,234130,1,0
5503,0.434224,0.767485,20.351,46.8672,269755,621234,1,0
5504,0.514161,1.0583,6.6691,12.9709,71507,139075,1,0
5505,0.397736,0.6604,6.75632,16.987,109532,275389,1,0
5506,0.324117,0.479547,5.49939,16.9673,55543,171367,1,0
5507,0.419516,0.7227,21.3493,50.889,256161,610611,1,0
5508,0.278057,0.385152,5.26909,18.9505,87000,312885,1,0
5509,0.306726,0.442432,3.98254,12.984,40402,131720,1,0
5510,0.19431,0.241173,3.87808,19.9579,43878,225814,1,0
5511,0.312259,0.454035,23.9791,76.7896,319902,1024478,1,0
5512,0.250095,0.333502,24.7045,98.7726,444121,1775809,1,0
5513,0.347157,0.531762,3.11116,8.96176,32337,93148,1,0
5514,0.226877,0.293455,4.75578,20.9619,47896,211110,1,0
5515,0.319649,0.46983,8.61276,26.9436,102158,319594,1,0
5516,0.258736,0.349046,3.09954,11.9799,35135,135795,1,0
5517,0.386497,0.629984,10.0288,25.9475,117039,302820,1,0
5518,0.114072,0.128759,1.70773,14.9711,18825,165028,2,0
5519,0.39783,0.66066,9.92167,24.9406,121056,304291,1,0
5520,0.0813147,0.088512,0.892506,10.976,9342,114887,1,0
5521,0.327421,0.486813,10.1235,30.9189,104732,319870,2,0
5522,0.105057,0.11739,2.19932,20.9344,22165,210980,2,0
5523,0.258751,0.349074,8.77068,33.8956,113354,438082,1,0
5524,0.523912,1.10045,13.5894,25.9377,171667,327664,1,0
5525,0.210771,0.267059,26.7167,126.755,270733,1284490,1,0
5526,0.306693,0.442364,3.0613,9.98168,32619,106357,1,0
5527,0.421472,0.728526,47.0874,111.725,626326,1486043,2,0
5528,0.475534,0.906703,45.0686,94.7759,483192,1016103,1,0
5529,0.26398,0.358658,9.74196,36.9009,156187,591663,1,0
5530,0.519056,1.07925,56.9511,109.72,585893,1128766,1,0
5531,0.382724,0.620022,6.12484,16.0034,75753,197931,1,0
5532,0.32246,0.475927,51.7893,160.611,825511,2560044,1,0
5533,0.287161,0.402842,3.44178,11.9855,34785,121134,1,0
5534,0.241755,0.318835,3.13693,12.9756,36636,151542,1,0
5535,0.349809,0.53801,11.1679,31.9249,140007,400238,1,0
5536,0.617885,1.61701,13.5584,21.9429,191799,310412,1,0
5538,0.0698866,0.0751377,1.04467,14.9483,10534,150730,1,0
5540,0.118979,0.135046,2.60901,21.9278,31899,268107,1,0
5541,0.212284,0.269493,3.17407,14.952,34590,162942,1,0
5542,0.0677346,0.0726559,1.48751,21.9608,16381,241841,2,0
5543,0.561143,1.27864,10.6442,18.969,117175,208815,1,0
5544,0.165715,0.198631,0.823876,4.97164,8968,54117,1,0
5545,0.341147,0.517788,7.83054,22.9535,79961,234389,1,0
5546,0.304873,0.438586,17.6696,57.9571,177213,581268,1,0
5547,0.268279,0.366641,3.74583,13.9625,49314,183816,1,0
5548,0.369291,0.585517,13.6406,36.9364,165884,449196,1,0
5549,0.0512129,0.0539773,1.33015,25.973,13488,263371,1,0
5550,0.315172,0.460221,5.03643,15.9799,53659,170253,1,0
5551,0.410137,0.69531,29.0484,70.8271,387050,943708,2,0
5552,0.434194,0.767391,12.9801,29.8945,141305,325442,1,0
5553,0.318625,0.467622,5.07938,15.9412,81325,255237,1,0
5554,0.484545,0.940032,82.6869,170.648,835405,1724103,1,0
5555,0.371696,0.591586,9.26911,24.9363,114007,306721,1,0
5556,0.348967,0.536019,9.05743,25.9563,146649,420238,1,0
5557,0.360215,0.563026,3.23263,8.97413,32843,91176,1,0
5558,0.262291,0.355547,1.83285,6.98798,21378,81505,1,0
5559,0.237131,0.310842,37.8512,159.606,486346,2050956,1,0
5560,0.236417,0.309615,2.59232,10.9653,43370,183447,1,0
5561,0.437187,0.776788,44.0601,100.781,468801,1072313,1,0
5562,0.319531,0.469575,5.74278,17.9726,58139,181951,1,0
5563,0.495327,0.981482,22.7267,45.8824,283560,572470,1,0
5564,0.233731,0.305025,27.7424,118.692,335386,1434921,4,0
5565,0.341769,0.519224,9.20585,26.9349,101134,295913,1,0
5566,0.0447038,0.0467957,1.02609,22.9543,11286,252462,1,0
5567,0.461069,0.855526,5.52392,11.9806,68028,147544,1,0
5568,0.198138,0.247098,1.38068,6.96828,14494,73151,1,0
5569,0.260837,0.352882,2.60882,10.0017,26644,102148,1,0
5570,0.117431,0.133056,3.98507,33.9356,40240,342670,1,0
5571,0.0231037,0.0236501,0.207122,8.96509,2631,113878,1,0
5572,0.462338,0.859903,11.9894,25.9323,147611,319271,1,0
5573,0.0819638,0.0892817,2.28875,27.9233,23201,283064,1,0
5574,0.359999,0.562498,7.90472,21.9578,85403,237231,2,0
5575,0.500175,1.0007,27.9191,55.8182,360486,720720,1,0
5576,0.379846,0.612502,6.45672,16.9983,64954,171001,1,0
5577,0.260923,0.353039,9.63206,36.9151,155517,596027,1,0
5578,0.256913,0.345738,4.61248,17.9534,46666,181641,1,0
5579,0.312414,0.454364,7.78419,24.9165,97000,310485,1,0
5580,0.266378,0.3631,1.85944,6.98048,18879,70873,1,0
5581,0.212928,0.270531,2.76109,12.9673,31617,148487,1,0
5582,0.379434,0.611431,7.20338,18.9839,96002,253014,1,0
5583,0.334333,0.502253,16.0101,47.886,291774,872704,1,0
5584,0.20945,0.264941,4.59763,21.9506,48763,232815,1,0
5585,0.219117,0.280602,1.52679,6.96791,15384,70209,1,0
5586,0.434436,0.768147,3.91266,9.00638,45651,105081,1,0
5587,0.137125,0.158916,2.32634,16.9651,26357,192212,1,0
5588,0.296136,0.420728,18.9065,63.8421,219271,740441,1,0
5589,0.0354654,0.0367695,4.77743,134.713,52556,1481894,2,0
5590,0.564876,1.29819,9.00972,15.9498,113958,201740,1,0
5591,0.197966,0.24683,2.17434,10.9834,22778,115060,1,0
5592,0.355618,0.551875,17.0254,47.8753,175845,494477,4,0
5593,0.25833,0.348309,5.92537,22.9372,59418,230008,1,0
5594,0.136959,0.158694,0.683718,4.99216,8695,63486,2,0
5595,0.348399,0.534682,8.69033,24.9432,110614,317492,1,0
5596,0.0705701,0.0759283,1.61869,22.9374,16352,231713,1,0
5597,0.331361,0.495575,7.60632,22.9549,81021,244510,1,0
5598,0.491458,0.966405,32.8448,66.8312,387603,788680,1,0
5599,0.381635,0.617168,10.6641,27.9435,122395,320712,1,0
5600,0.30469,0.438207,6.69214,21.9633,107532,352923,1,0
5601,0.440186,0.786307,46.9838,106.738,475093,1079301,1,0
5602,0.355146,0.550738,6.72483,18.9361,83092,233966,1,0
5604,0.143024,0.166894,2.56782,17.9538,29114,203560,1,0
5605,0.165931,0.198942,0.665426,4.01007,8348,50310,1,0
5606,0.577982,1.36957,12.6944,21.963,184744,319636,1,0
5608,0.30014,0.428857,6.29469,20.9724,63485,211518,1,0
5609,0.516546,1.06845,18.0175,34.8806,214437,415136,1,0
5610,0.136179,0.157647,3.39556,24.9337,41457,304431,1,0
5611,0.335506,0.504904,3.01451,8.98496,33051,98511,1,0
5612,0.103714,0.115715,4.65457,44.8804,51165,493329,1,0
5613,0.557759,1.26121,10.5841,18.9764,139625,250332,1,0
5614,0.1741,0.2108,5.38814,30.9488,56432,324136,1,0
5615,0.249148,0.33182,24.6061,98.7612,250720,1006310,1,0
5616,0.168763,0.203026,3.20042,18.964,32120,190326,1,0
5617,0.210376,0.266425,1.46947,6.98511,18913,89901,1,0
5618,0.453608,0.830188,30.7819,67.8582,390282,860395,1,0
5619,0.197478,0.246071,1.77693,8.99814,17929,90790,1,0
5620,0.322495,0.476004,4.82718,14.9684,51178,158694,1,0
5621,0.528454,1.12068,46.3898,87.7854,524297,992134,1,0
5622,0.41032,0.695836,27.846,67.8668,328178,799809,1,0
5623,0.354502,0.549191,6.01668,16.9722,96913,273378,1,0
5624,0.0825083,0.0899281,1.64518,19.9397,16568,200804,1,0
5625,0.411565,0.699424,2.46462,5.98833,30583,74309,1,0
5626,0.330662,0.494014,3.29577,9.96722,33178,100338,1,0
5627,0.15854,0.18841,3.63597,22.9342,41123,259386,1,0
5628,0.389533,0.638091,49.7853,127.797,624816,1604011,1,0
5629,0.21256,0.269938,4.66657,21.9518,83879,394613,1,0
5631,0.242724,0.320522,3.87581,15.9679,40064,165060,1,0
5632,0.535402,1.1524,17.6392,32.946,219826,410581,1,0
5633,0.145574,0.170376,3.05239,20.9681,33874,232693,1,0
5634,0.270857,0.371473,2.16063,7.97709,23200,85654,1,0
5635,0.115145,0.130129,3.67912,31.9526,40066,347960,1,0
5636,0.50212,1.00851,11.0229,21.9529,136569,271985,2,0
5637,0.283027,0.394754,11.856,41.8904,123910,437802,1,0
5638,0.372741,0.594237,7.43553,19.9484,77359,207541,1,0
5639,0.192031,0.237671,12.4593,64.8812,125739,654785,1,0
5640,0.241999,0.31926,3.622,14.9668,46051,190294,1,0
5641,0.437933,0.779147,17.9049,40.8862,229084,523103,1,0
5642,0.147168,0.172564,3.23038,21.9501,32598,221502,1,0
5643,0.413818,0.705955,6.19442,14.969,66167,159894,1,0
5644,0.518604,1.07729,33.6345,64.8557,397520,766519,2,0
5645,0.455983,0.838179,21.8478,47.9134,219986,482443,1,0
5646,0.256672,0.345301,6.66079,25.9523,105598,411412,1,0
5647,0.40383,0.677374,7.25697,17.9704,74205,183753,1,0
5648,0.320042,0.470679,25.5408,79.8047,319949,999709,1,0
5650,0.253704,0.33995,5.5691,21.9503,65421,257864,1,0
5651,0.258108,0.347904,3.86058,14.9577,51422,199227,1,0
5652,0.368043,0.582385,20.9371,56.8861,402742,1094281,1,0
5654,0.169952,0.204749,1.18757,6.98765,11976,70467,1,0
5655,0.259423,0.350298,1.55506,5.99435,18136,69909,1,0
5656,0.215144,0.274119,1.93317,8.98531,21523,100040,1,0
5657,0.361532,0.566249,51.951,143.697,609530,1685964,1,0
5658,0.00363459,0.00364785,0.36636,100.797,3973,1093107,1,0
5659,0.370108,0.587573,11.0777,29.9306,135123,365091,1,0
5660,0.395332,0.6538,3.16204,7.99845,33011,83502,1,0
5661,0.302213,0.433103,9.94669,32.913,101385,335475,1,0
5662,0.170144,0.205029,4.58155,26.9274,46178,271405,1,0
5663,0.365887,0.577005,11.6768,31.915,142552,389607,1,0
5664,0.15154,0.178606,1.81396,11.9701,18398,121407,1,0
5665,0.308889,0.446946,6.47834,20.973,68995,223365,1,0
5666,0.452201,0.825487,76.2439,168.605,851788,1883649,1,0
5667,0.384735,0.625316,6.53292,16.9803,65565,170416,1,0
5668,0.384216,0.623947,8.05189,20.9577,132240,344181,1,0
5669,0.325175,0.481866,9.40918,28.9357,95115,292504,1,0
5670,0.338646,0.512049,3.7181,10.9792,45642,134778,1,0
5672,0.218996,0.280403,2.40391,10.9773,28155,128564,1,0
5673,0.342848,0.521719,3.42208,9.98133,45221,131898,1,0
5674,0.553633,1.24031,13.2581,23.9476,186753,337323,1,0
5676,0.279686,0.388284,6.14174,21.9594,62332,222864,1,0
5677,0.355957,0.55269,5.32464,14.9585,63267,177738,1,0
5678,0.275101,0.379502,39.5307,143.698,438526,1594057,1,0
5679,0.357447,0.556292,3.56118,9.96288,39010,109135,1,0
5680,0.0154736,0.0157168,0.571264,36.918,6266,404948,2,0
5681,0.346262,0.529666,29.0334,83.846,321391,928172,1,0
5682,0.324989,0.481457,3.89833,11.9952,41933,129029,1,0
5683,0.244573,0.323755,6.59644,26.9711,67334,275312,1,0
5684,0.125341,0.143302,2.50186,19.9606,25253,201475,1,0
5685,0.44249,0.79369,97.5872,220.539,1214535,2744774,1,0
5686,0.109432,0.122879,3.05824,27.9466,31103,284221,1,0
5687,0.418225,0.718877,27.5374,65.8442,292818,700145,1,0
5688,0.467313,0.877274,85.798,183.606,1277007,2732660,1,0
5689,0.428252,0.749021,38.4608,89.8086,425638,993897,1,0
5690,0.375176,0.60045,8.97797,23.9305,147781,393898,1,0
5691,0.279987,0.388864,2.5137,8.97795,25674,91697,1,0
5692,0.31845,0.467244,1.90439,5.98012,23615,74156,1,0
5693,0.244194,0.323091,3.41437,13.9822,34815,142571,1,0
5694,0.179469,0.218723,1.96846,10.9688,22929,127760,1,0
5695,0.342521,0.520961,6.15185,17.9611,80874,236114,1,0
5696,0.397813,0.660614,13.0972,32.9236,194354,488556,1,0
5698,0.215696,0.275016,2.15315,9.98234,21723,100711,1,0
5699,0.477109,0.912445,8.56085,17.9432,102140,214081,1,0
5700,0.22001,0.282067,4.59329,20.8776,55677,253066,1,0
5701,0.331377,0.49561,13.569,40.9477,148405,447844,1,0
5702,0.0462264,0.0484668,0.692518,14.9806,7666,165836,1,0
5703,0.422624,0.731974,22.3537,52.892,291685,690176,2,0
5704,0.295049,0.418538,2.35462,7.98041,24546,83193,1,0
5705,0.194067,0.240798,4.64181,23.9186,47641,245487,1,0
5706,0.167235,0.200818,4.83955,28.9388,48879,292278,1,0
5707,0.379839,0.612483,86.7727,228.451,1058726,2787305,1,0
5708,0.194216,0.241027,6.19841,31.9158,62524,321931,1,0
5709,0.455935,0.838015,9.54319,20.9311,104415,229013,1,0
5710,0.421588,0.72887,12.6201,29.9346,141086,334654,1,0
5711,0.522578,1.09458,10.4253,19.9498,109710,209940,1,0
5712,0.424927,0.738909,15.6919,36.9281,264898,623397,1,0
5713,0.397041,0.658486,4.76973,12.0132,49210,123942,1,0
5714,0.320182,0.470981,7.98125,24.9272,99232,309924,1,0
5715,0.287323,0.40316,3.15946,10.9962,31896,111011,1,0
5716,0.175528,0.212897,9.45578,53.8694,110020,626796,1,0
5717,0.219828,0.281769,1.97082,8.96536,24883,113193,1,0
5718,0.497073,0.98836,21.3364,42.9235,302365,608291,1,0
5719,0.0714808,0.0769837,1.56719,21.925,15822,221346,1,0
5720,0.402982,0.674991,131.861,327.218,1569963,3895865,1,0
5721,0.239563,0.315033,2.39375,9.99189,29006,121079,1,0
5722,0.29578,0.420011,8.55146,28.9123,96361,325786,1,0
5723,0.0335324,0.0346959,2.61071,77.8559,28676,855172,2,0
5724,0.188626,0.232477,7.34326,38.9292,95500,506294,1,0
5725,0.128978,0.148077,1.28682,9.97688,13455,104320,1,0
5726,0.25811,0.347909,2.83381,10.9791,28953,112173,1,0
5727,0.186994,0.230003,4.84931,25.933,48929,261661,1,0
5728,0.566201,1.30521,35.5785,62.8376,448838,792719,1,0
5729,0.119822,0.136134,2.03743,17.0038,20616,172055,1,0
5730,0.400615,0.668377,11.9968,29.9457,127819,319057,1,0
5731,0.455709,0.837251,32.7426,71.8496,364894,800718,1,0
5732,0.330052,0.492654,4.93727,14.9591,49494,149958,1,0
5733,0.383012,0.620778,14.5326,37.9434,234055,611090,1,0
5734,0.268358,0.366788,3.21887,11.9947,32562,121338,1,0
5735,0.45258,0.826752,13.9877,30.9061,172004,380052,1,0
5736,0.471736,0.892994,24.4546,51.8396,245418,520244,1,0
5737,0.272218,0.374038,1.62497,5.96954,18899,69426,1,0
5738,0.392245,0.645399,5.47591,13.9605,68744,175258,1,0
5739,0.197466,0.246054,3.93912,19.9478,75659,383149,2,0
5740,0.0275604,0.0283415,0.632895,22.9639,6382,231564,1,0
5741,0.524097,1.10127,24.5697,46.8811,306571,584951,1,0
5742,0.226835,0.293385,4.29806,18.9479,48789,215086,2,0
5743,0.288379,0.405243,4.60952,15.9838,53304,184840,1,0
5744,0.0407101,0.0424377,0.853702,20.9713,9345,229550,1,0
5745,0.514506,1.05976,16.9494,32.9417,190453,370167,1,0
5746,0.188668,0.232541,1.31583,6.9743,13669,72450,1,0
5747,0.243739,0.322295,2.91666,11.9663,29744,122032,1,0
5748,0.291154,0.410743,287.047,985.88,2898104,9953862,1,0
5749,0.43814,0.779803,60.3011,137.628,750451,1712811,1,0
5750,0.180607,0.220415,3.24522,17.9684,32770,181444,1,0
5751,0.488396,0.954636,7.80053,15.9717,82639,169205,1,0
5752,0.536409,1.15707,63.1668,117.757,759637,1416152,1,0
5753,0.331957,0.49691,15.8979,47.8903,165547,498700,1,0
5754,0.263874,0.358462,20.0187,75.8646,321260,1217477,1,0
5755,0.30465,0.438124,2.73653,8.98262,28181,92503,1,0
5756,0.290531,0.409505,3.18572,10.9651,39439,135748,1,0
5757,0.242282,0.319752,1.21243,5.00423,12180,50272,1,0
5758,0.221461,0.284458,19.8875,89.8066,227997,1029511,1,0
5759,0.0660663,0.0707398,0.659582,9.98391,8253,124920,1,0
5760,0.509066,1.03694,6.61226,12.9889,94330,185300,1,0
5761,0.158188,0.187914,3.47067,21.9402,35027,221426,1,0
5762,0.346961,0.531302,6.58111,18.9679,75846,218601,1,0
5763,0.143881,0.168062,1.29291,8.98633,14393,100034,1,0
5764,0.251593,0.336172,2.75855,10.9641,30478,121140,1,0
5765,0.106814,0.119587,0.959559,8.98355,10461,97937,1,0
5766,0.375786,0.602015,7.1276,18.9661,87064,231685,1,0
5767,0.355676,0.552014,5.32766,14.9789,55744,156727,1,0
5768,0.24384,0.322471,4.13639,16.9637,42273,173364,1,0
5769,0.214673,0.273354,22.2728,103.753,224686,1046645,1,0
5770,0.439424,0.783879,69.2783,157.664,854389,1944339,1,0
5771,0.158015,0.18767,7.25593,45.918,73619,465899,1,0
5772,0.415342,0.710402,11.6091,27.9511,123855,298200,1,0
5773,0.363276,0.570539,30.4408,83.7983,350202,964011,1,0
5774,0.287572,0.403651,4.87874,16.9653,50854,176839,1,0
5775,0.312732,0.455037,6.86073,21.9375,109850,351259,1,0
5776,0.361592,0.566395,3.60253,9.96304,36541,101056,1,0
5777,0.441531,0.790609,6.16717,13.9676,75228,170380,1,0
5778,0.366965,0.57969,9.51821,25.9377,97057,264486,1,0
5779,0.22839,0.295991,5.0124,21.9471,56859,248956,1,0
5780,0.187104,0.23017,2.98603,15.9581,39732,212352,1,0
5781,0.375001,0.600003,33.3019,88.8042,472315,1259503,2,0
5782,0.205644,0.258882,2.05038,9.9705,20687,100596,1,0
5783,0.392119,0.645059,7.44846,18.9956,86516,220637,1,0
5784,0.124743,0.142521,1.37053,10.9871,16669,133627,1,0
5785,0.313878,0.457467,7.20292,22.9484,78596,250403,1,0
5786,0.0209172,0.0213641,0.542877,25.9526,5956,284742,2,0
5787,0.544613,1.19593,7.60856,13.9706,100614,184744,1,0
5788,0.35523,0.550939,6.02503,16.9606,64450,181432,1,0
5789,0.248496,0.330665,3.95718,15.9245,40391,162542,1,0
5790,0.119706,0.135984,2.98348,24.9234,30077,251257,1,0
5791,0.467712,0.878684,13.5289,28.9259,168108,359426,1,0
5792,0.222467,0.286118,4.66631,20.9757,47045,211470,1,0
5793,0.422767,0.732402,31.2227,73.8547,333224,788198,1,0
5794,0.403819,0.677344,257.853,638.512,2968434,7350895,1,0
5795,0.445445,0.803247,38.6579,86.7847,443704,996092,1,0
5796,0.339017,0.512898,13.8546,40.8675,231888,684001,1,0
5797,0.484219,0.938807,13.0219,26.8926,132690,274029,1,0
5798,0.317758,0.465756,3.48717,10.9743,35574,111953,1,0
5799,0.148068,0.173802,7.09531,47.919,80170,541441,1,0
5800,0.0440225,0.0460497,0.395439,8.98274,4952,112488,1,0
5801,0.325646,0.4829,4.88014,14.9861,87134,267573,1,0
5802,0.226121,0.292192,2.0318,8.98544,20511,90708,1,0
5803,0.245617,0.325586,7.35651,29.9511,87711,357105,1,0
5804,0.165167,0.197845,2.14615,12.9939,26050,157719,1,0
5805,0.196019,0.243811,3.91461,19.9701,43107,219912,1,0
5806,0.0149914,0.0152196,1.27153,84.8139,13779,919126,1,0
5807,0.40593,0.683304,8.91757,21.9668,140281,345579,1,0
5808,0.13849,0.160753,1.24127,8.96278,12898,93133,1,0
5809,0.254841,0.341995,2.28767,8.97681,23599,92603,1,0
5810,0.128869,0.147933,2.57163,19.9553,25949,201359,1,0
5811,0.44183,0.791569,59.9512,135.685,745548,1687409,1,0
5812,0.260832,0.352872,26.802,102.757,270155,1035745,1,0
5813,0.317239,0.464641,17.718,55.8514,188124,593004,1,0
5814,0.464403,0.867076,64.8781,139.697,734665,1581955,1,0
5815,0.268099,0.366304,15.2388,56.8387,180210,672178,1,0
5816,0.396154,0.656052,651.732,1645.31,10494956,26492106,2,0
5817,0.269109,0.368193,4.03027,14.9764,40738,151381,1,0
5819,0.181051,0.221077,2.34703,12.9634,27362,151129,1,0
5820,0.310991,0.45136,4.96889,15.9778,62661,201488,1,0
5821,0.50077,1.00309,13.4952,26.9493,191734,382878,2,0
5822,0.387619,0.632971,22.8215,58.8756,230468,594573,1,0
5823,0.196413,0.24442,4.89855,24.9404,61152,311344,1,0
5824,0.116914,0.132392,1.39842,11.961,17026,145629,1,0
5825,0.32344,0.478065,5.49365,16.9851,60131,185911,1,0
5826,0.0544027,0.0575327,2.82234,51.8824,31149,572563,1,0
5827,0.365724,0.5766,17.4759,47.7829,212718,581636,1,0
5828,0.310586,0.450508,6.20215,19.969,64087,206342,1,0
5829,0.251503,0.33601,3.51243,13.9657,36072,143426,1,0
5830,0.141495,0.164815,43.765,309.302,442131,3124717,2,0
5831,0.438319,0.780369,111.08,253.426,1354805,3090913,1,0
5832,0.200752,0.251176,5.01917,25.0017,50655,252326,1,0
5833,0.421619,0.728965,5.05819,11.9971,53872,127774,1,0
5834,0.40051,0.668085,24.7905,61.8969,285676,713280,1,0
5835,0.257252,0.346352,2.30967,8.97824,24042,93457,1,0
5836,0.300888,0.430386,6.00573,19.9608,95266,316616,1,0
5837,0.14898,0.175061,1.48795,9.98756,14995,100651,2,0
5838,0.174104,0.210807,2.08328,11.9656,21095,121163,1,0
5839,0.155788,0.184536,2.79899,17.9672,32111,206120,1,0
5840,0.326422,0.484608,12.0575,36.9383,157170,481494,1,0
5841,0.468451,0.881294,10.2817,21.948,171676,366476,1,0
5842,0.247731,0.329312,1.97552,7.97445,20119,81213,1,0
5843,0.423367,0.734205,5.48868,12.9642,65215,154039,1,0
5844,0.167369,0.201013,11.8633,70.8837,143736,858795,1,0
5845,0.31631,0.462651,5.04879,15.9613,58908,186235,1,0
5846,0.00982646,0.00992398,0.774704,78.8355,8407,855547,1,0
5847,0.582325,1.39421,183.071,314.366,2424259,4163068,1,0
5848,0.10064,0.111902,0.703448,6.98973,7235,71890,1,0
5849,0.305732,0.440366,21.9575,71.8195,225564,737783,2,0
5850,0.11027,0.123937,4.51104,40.9089,45585,413393,1,0
5851,0.467791,0.878961,21.4545,45.8644,266385,569453,1,0
5852,0.0880373,0.0965361,1.40452,15.954,14241,161761,1,0
5853,0.48193,0.930241,180.272,374.064,1911407,3966150,1,0
5854,0.514654,1.06039,22.5963,43.9048,288403,560382,1,0
5855,0.3316,0.496109,93.6505,282.416,975597,2942093,2,0
5856,0.410142,0.695325,24.5589,59.8774,398866,972506,1,0
5857,0.221442,0.284425,2.6542,11.986,26827,121147,1,0
5858,0.282883,0.394472,3.38424,11.9634,34538,122093,1,0
5859,0.147083,0.172447,3.22716,21.9415,36633,249063,2,0
5860,0.18682,0.22974,3.16555,16.9437,42058,225126,1,0
5861,0.356794,0.554712,12.1027,33.9201,170432,477676,1,0
5862,0.492053,0.968711,228.284,463.944,2316435,4707691,1,0
5863,0.500867,1.00347,6.47276,12.9231,80903,161526,1,0
5864,0.193466,0.239873,2.31517,11.9668,26387,136391,1,0
5865,0.308489,0.446109,3.38572,10.9749,36477,118244,1,0
5866,0.0723659,0.0780113,0.722352,9.9818,7985,110342,1,0
5867,0.339997,0.515146,2.71295,7.97923,32567,95786,1,0
5868,0.199702,0.249534,7.57078,37.9098,77703,389095,1,0
5869,0.231284,0.300871,19.8495,85.8232,206072,890991,1,0
5870,0.205769,0.25908,9.03265,43.8971,91125,442850,1,0
5871,0.50532,1.02151,52.9426,104.771,660543,1307178,1,0
5872,0.204029,0.256328,46.2176,226.525,466780,2287807,1,0
5873,0.443538,0.797067,66.8179,150.649,741498,1671781,1,0
5874,0.521882,1.09153,52.5865,100.763,644847,1235618,1,0
5875,0.253321,0.339263,6.56584,25.9186,68427,270120,1,0
5876,0.398756,0.663217,11.54,28.9396,188428,472540,1,0
5877,0.179208,0.218336,1.24881,6.96848,12627,70460,1,0
5878,0.324724,0.480875,2.26427,6.97291,22768,70115,1,0
5879,0.247847,0.329517,6.91662,27.9069,78318,315993,1,0
5880,0.314501,0.458791,9.09256,28.9117,114210,363147,1,0
5881,0.324987,0.481452,47.6603,146.655,768134,2363586,2,0
5882,0.259295,0.350065,2.8399,10.9524,28971,111730,1,0
5884,0.296451,0.421364,3.24981,10.9623,36215,122162,1,0
5885,0.352399,0.54416,3.1581,8.96178,36647,103993,1,0
5886,0.0463622,0.0486161,2.22003,47.886,24477,527952,1,0
5887,0.468293,0.880734,12.6023,26.9112,155225,331470,1,0
5888,0.10991,0.123482,1.75595,15.9761,17870,162587,2,0
5889,0.292828,0.414083,2.63238,8.9895,27057,92399,1,0
5890,0.123214,0.140529,11.4352,92.8077,115493,937335,2,0
5891,0.452023,0.824895,11.7279,25.9459,145561,322021,1,0
5892,0.146383,0.171486,1.89665,12.9569,19174,130985,1,0
5893,0.417735,0.71743,7.91442,18.9462,83313,199440,1,0
5894,0.523315,1.09782,25.6099,48.9382,304116,581134,1,0
5895,0.310107,0.4495,8.04542,25.9436,93229,300635,1,0
5896,0.340408,0.51609,8.49606,24.9582,137557,404094,1,0
5897,0.252531,0.337848,5.04784,19.989,51063,202205,1,0
5898,0.176816,0.214795,2.29169,12.9608,23203,131227,1,0
5899,0.191483,0.236833,3.44002,17.9645,40352,210734,1,0
5900,0.153263,0.181005,3.365,21.956,41733,272296,2,0
5901,0.306548,0.442061,75.844,247.427,1352246,4411203,1,0
5902,0.0287076,0.0295561,1.14624,39.928,11573,403133,1,0
5903,0.23641,0.309604,8.2638,34.9537,94666,400431,1,0
5904,0.115281,0.130302,2.41371,20.9382,29342,254526,1,0
5905,0.348543,0.53502,13.5686,38.929,151020,433290,1,0
5906,0.231252,0.300817,29.0749,125.712,316184,1367268,1,0
5907,0.411028,0.697875,14.7549,35.8972,179559,436853,1,0
5908,0.244024,0.322794,8.28332,33.9447,84733,347232,1,0
5909,0.211195,0.267741,2.73756,12.9621,27603,130699,1,0
5910,0.552299,1.23363,12.6819,22.9619,157736,285599,1,0
5911,0.11377,0.128375,6.35626,55.868,64227,564534,1,0
5912,0.347007,0.531411,18.3626,52.9166,194863,561553,1,0
5913,0.456628,0.840359,104.344,228.51,1343262,2941701,1,0
5914,0.453627,0.830251,13.5697,29.9134,145812,321436,1,0
5915,0.304094,0.436977,32.4658,106.764,515178,1694138,1,0
5916,0.309722,0.448692,3.39519,10.962,34381,111006,1,0
5917,0.429568,0.753056,27.8569,64.8473,284403,662068,1,0
5918,0.222633,0.286393,30.2134,135.698,351793,1580149,1,0
5919,0.193967,0.240644,13.5476,69.8413,169082,871706,1,0
5920,0.528832,1.12238,19.0031,35.934,265749,502521,1,0
5922,0.252331,0.33749,7.80722,30.9404,89386,354241,1,0
5923,0.163746,0.195808,1.79763,10.978,21797,133115,1,0
5924,0.300977,0.430569,4.8007,15.9505,53152,176598,1,0
5925,0.0189952,0.019363,1.42131,74.8221,15391,810258,1,0
5926,0.310377,0.450069,2.47876,7.98629,27199,87632,2,0
5927,0.199559,0.249312,3.98139,19.9509,40941,205157,1,0
5928,0.178798,0.217727,10.8783,60.8418,109806,614134,2,0
5929,0.414534,0.708041,2136.21,5153.42,26359230,63587644,4,0
5930,0.215869,0.275296,10.5565,48.9019,106701,494287,1,0
5931,0.381471,0.61674,23.586,61.8291,250495,656655,1,0
5932,0.462039,0.858872,550.397,1191.29,7172352,15523251,1,0
5933,0.389746,0.638663,61.0564,156.659,704549,1807712,1,0
5934,0.428197,0.748854,42.7221,99.7721,724282,1691469,1,0
5935,0.546836,1.20671,210.597,385.12,2123666,3883551,1,0
5936,0.208394,0.263255,3.11751,14.9596,31255,149980,1,0
5937,0.255019,0.342316,5.84313,22.9124,68456,268435,1,0
5938,0.261336,0.353796,3.13004,11.9769,39196,149983,1,0
5939,0.315347,0.460594,16.3707,51.9074,263455,835445,1,0
5940,0.356877,0.554912,4.2751,11.9791,43479,121832,1,0
5941,0.457901,0.844681,9.59389,20.9519,113395,247641,2,0
5942,0.347483,0.532527,4.51053,12.9805,53184,153055,1,0
5943,0.2769,0.382934,11.3281,40.9095,133196,481026,1,0
5944,0.136553,0.158148,3.81892,27.9664,41769,305882,1,0
5945,0.384917,0.625796,4.61233,11.9827,51299,133273,1,0
5946,0.289602,0.407662,5.48603,18.9433,56656,195634,1,0
5947,0.0973426,0.10784,5.15169,52.9233,52024,534442,2,0
5948,0.4024,0.67336,13.2595,32.9504,164351,408427,1,0
5949,0.126349,0.144622,1.13449,8.97902,11473,90804,1,0
5950,0.368619,0.583831,7.72224,20.9492,85777,232698,1,0
5951,0.372293,0.593101,233.254,626.524,2709433,7277682,1,0
5952,0.334166,0.501877,36.6826,109.774,382556,1144807,4,0
5953,0.314468,0.458721,8.47457,26.9506,137186,436248,1,0
5954,0.361368,0.565847,17.6607,48.8717,178410,493707,1,0
5955,0.204728,0.257431,2.65675,12.9771,27108,132410,1,0
5956,0.206038,0.259506,2.46963,11.9865,28814,139848,1,0
5957,0.264923,0.360401,5.81892,21.9644,72788,274752,1,0
5958,0.372454,0.593508,57.2322,153.647,869798,2335319,1,0
5960,0.252729,0.338202,2.01859,7.98737,24915,98584,1,0
5961,0.289146,0.406759,3.17148,10.9683,37600,130038,1,0
5962,0.35416,0.548371,3.54087,9.99787,40648,114773,1,0
5963,0.203113,0.254883,12.5627,61.8521,138645,682600,1,0
5964,0.578975,1.37516,8.09088,13.9746,106286,183576,1,0
5965,0.212772,0.27028,3.60885,16.9613,37077,174257,1,0
5966,0.180462,0.2202,5.22537,28.9554,52704,292050,1,0
5967,0.513495,1.05548,10.7646,20.9633,134016,260988,1,0
5968,0.0970211,0.107446,1.45157,14.9611,14656,151060,1,0
5969,0.340458,0.516203,10.8629,31.9059,115436,339061,1,0
5970,0.366443,0.578391,10.6002,28.9266,123365,336655,1,0
5971,0.396156,0.656058,236.817,597.736,2740497,6917714,2,0
5972,0.34577,0.528514,21.7412,62.8834,358533,1036913,1,0
5973,0.386921,0.63111,18.5429,47.9245,186827,482856,1,0
5974,0.142458,0.166123,0.85092,5.97314,8613,60460,1,0
5975,0.288939,0.406349,7.20861,24.9484,84189,291373,1,0
5976,0.262807,0.356497,20.1986,76.8599,250932,954815,1,0
5977,0.345517,0.527923,7.92735,22.944,120131,347685,1,0
5978,0.459452,0.849976,18.7981,40.914,189899,413316,1,0
5979,0.407264,0.687091,15.4411,37.9145,179930,441802,1,0
5980,0.269529,0.368979,9.15397,33.9625,108882,403972,1,0
5981,0.304115,0.43702,4.55892,14.9906,48972,161031,1,0
5982,0.0312742,0.0322838,2.43513,77.8715,26685,853260,2,0
5983,0.299072,0.426681,4.77296,15.9589,61797,206629,1,0
5984,0.293891,0.416212,15.5406,52.8788,158636,539778,1,0
5985,0.140027,0.162828,76.2715,544.703,770671,5503720,1,0
5986,0.404015,0.677894,51.1777,126.677,624993,1546956,1,0
5987,0.363234,0.570436,10.8743,29.9377,116042,319469,1,0
5988,0.477207,0.912804,19.5244,40.9136,255503,535413,2,0
5989,0.459084,0.848715,41.2229,89.7953,446615,972840,1,0
5990,0.34271,0.521398,10.2575,29.9303,163770,477868,1,0
5991,0.365558,0.576189,8.38479,22.9369,84490,231126,1,0
5992,0.226063,0.292095,2.70561,11.9684,27119,119962,1,0
5993,0.140419,0.163357,8.27347,58.9218,96475,687052,1,0
5994,0.157096,0.186374,1.57118,10.0014,19781,125917,1,0
5995,0.346925,0.531217,9.6938,27.9421,151442,436527,1,0
5996,0.190676,0.235599,2.66746,13.9895,26937,141271,1,0
5997,0.473009,0.897565,10.391,21.9677,128052,270718,1,0
5998,0.343694,0.523678,7.88233,22.9343,92778,269944,1,0
5999,0.308303,0.445719,8.30716,26.9447,97354,315774,1,0
6000,0.166999,0.200479,98.6367,590.636,1081627,6476847,2,0
6001,0.395844,0.655202,18.5654,46.899,206329,521238,1,0
6002,0.357452,0.556303,15.6934,43.9039,160771,449770,1,0
6003,0.156185,0.185094,2.96156,18.9618,29863,191203,1,0
6004,0.51748,1.07245,52.6515,101.748,645643,1247668,1,0
6005,0.466331,0.873821,30.717,65.8709,345238,740328,1,0
6006,0.504423,1.01785,20.6346,40.9082,270657,536567,1,0
6007,0.367897,0.58202,15.0407,40.8834,156922,426538,1,0
6008,0.343132,0.522376,9.24223,26.935,150134,437540,1,0
6009,0.38531,0.626835,79.6035,206.597,801564,2080312,1,0
6010,0.107421,0.120349,0.749602,6.97812,7585,70610,1,0
6011,0.166566,0.199855,2.49373,14.9717,29026,174261,1,0
6012,0.290493,0.409429,4.34744,14.9658,54201,186583,1,0
6013,0.279339,0.387616,7.25666,25.9777,109784,393013,1,0
6014,0.368728,0.584102,6.62027,17.9543,67208,182270,1,0
6015,0.437625,0.778174,6.11289,13.9685,76612,175063,1,0
6016,0.209141,0.264448,1.4593,6.97765,16885,80735,1,0
6017,0.252162,0.337188,3.01594,11.9602,32537,129032,1,0
6018,0.0459187,0.0481287,3.25283,70.8405,35849,780706,1,0
6019,0.369762,0.586701,3.32451,8.99116,40781,110290,1,0
6020,0.200399,0.250623,6.59838,32.9257,67546,337058,1,0
6022,0.4765,0.91022,18.0601,37.9029,224584,471320,1,0
6023,0.422162,0.730589,13.4729,31.9138,145632,344967,2,0
6024,0.450973,0.821405,35.5574,78.8448,416165,922815,1,0
6025,0.309313,0.447834,4.62725,14.9598,46384,149958,1,0
6026,0.265898,0.362209,5.30476,19.9515,84918,319363,1,0
6027,0.262963,0.356785,5.76732,21.9321,58335,221837,1,0
6028,0.401209,0.670031,5.60023,13.9584,56296,140316,1,0
6029,0.161241,0.192238,4.50627,27.9469,52365,324762,1,0
6030,0.187274,0.230427,2.05279,10.9613,26197,139886,1,0
6031,0.273218,0.375929,27.5346,100.771,472928,1730953,1,0
6034,0.361961,0.567303,3.24567,8.96696,37834,104525,1,0
6035,0.39851,0.662537,6.36263,15.9661,72520,181978,1,0
6036,0.0292116,0.0300906,1.25317,42.9007,13830,473442,1,0
6037,0.240901,0.317352,3.6086,14.9795,41555,172498,1,0
6038,0.225662,0.291426,16.6538,73.7998,171857,761568,1,0
6039,0.265548,0.36156,7.67743,28.9116,77034,290094,1,0
6040,0.480252,0.924008,66.6142,138.706,814941,1696904,1,0
6041,0.367325,0.58059,5.12848,13.962,54464,148272,1,0
6042,0.435826,0.772502,15.6562,35.9226,206105,472907,1,0
6043,0.235757,0.308485,10.5852,44.8985,110226,467540,1,0
6044,0.357437,0.556268,16.0385,44.871,270614,757095,1,0
6045,0.289323,0.407109,13.8561,47.8914,140081,484168,1,0
6046,0.279277,0.387495,4.73903,16.969,47968,171758,1,0
6047,0.239791,0.315427,7.6576,31.9342,86576,361048,1,0
6048,0.343796,0.523916,8.22161,23.9132,109140,317456,1,0
6049,0.307794,0.444657,15.3591,49.899,233643,759089,1,0
6050,0.340848,0.517102,6.4615,18.9571,65297,191572,1,0
6051,0.56076,1.27666,9.52792,16.9912,109466,195210,1,0
6052,0.182118,0.222671,1.81997,9.99332,20742,113893,1,0
6053,0.153904,0.181899,1.84365,11.9794,20279,131764,1,0
6054,0.0385028,0.0400446,8.5665,222.502,93680,2433070,1,0
6055,0.493115,0.972835,14.7593,29.9308,186687,378587,1,0
6056,0.219891,0.281872,6.5778,29.9141,67523,307075,1,0
6057,0.208918,0.264091,11.8828,56.8777,119924,574025,1,0
6058,0.432664,0.762622,8.62773,19.941,108345,250414,1,0
6059,0.264965,0.36048,3.96977,14.9823,42387,159972,1,0
6060,0.423088,0.733366,32.0784,75.821,423125,1000088,1,0
6061,0.3885,0.635323,8.53083,21.9588,98369,253202,1,0
6062,0.355064,0.550542,8.50218,23.9449,137690,387789,1,0
6063,0.25542,0.34304,7.13527,27.9356,72122,282366,1,0
6064,0.396961,0.658267,3.56197,8.9731,35736,90024,1,0
6065,0.255749,0.343634,2.04243,7.98605,23053,90139,1,0
6066,0.331544,0.495984,20.5043,61.8464,259306,782117,1,0
6067,0.313572,0.456818,10.0156,31.9405,172286,549430,1,0
6068,0.154018,0.182058,1.07621,6.98765,10853,70466,1,0
6069,0.365313,0.57558,6.92832,18.9653,79875,218648,1,0
6070,0.0894511,0.0982387,1.15894,12.9561,14089,157505,1,0
6071,0.407669,0.688246,6.50899,15.9665,70996,174151,1,0
6072,0.16059,0.191313,2.24456,13.9774,24701,153814,1,0
6073,0.285239,0.39907,3.69892,12.9679,42718,149762,1,0
6074,0.236185,0.309217,8.00684,33.9013,82389,348833,1,0
6075,0.233749,0.305055,4.42543,18.9324,44671,191107,1,0
6076,0.44903,0.814982,49.2834,109.758,603848,1344782,1,0
6077,0.304288,0.437377,3.63176,11.9353,39025,128250,1,0
6078,0.48808,0.953428,22.4131,45.9218,295006,604422,1,0
6079,0.443037,0.795451,12.3844,27.9535,129287,291820,1,0
6080,0.353479,0.54674,11.9881,33.9145,196063,554667,1,0
6081,0.32152,0.473883,2.56793,7.98679,26038,80984,1,0
6082,0.245479,0.325345,1.46956,5.98644,15001,61109,1,0
6083,0.242105,0.319443,2.65681,10.9738,30058,124153,1,0
6084,0.331986,0.496974,3.97706,11.9803,49433,148901,1,0
6085,0.422962,0.732988,8.85397,20.9335,123186,291246,1,0
6086,0.455147,0.835358,9.09131,19.9744,91993,202117,1,0
6087,0.466556,0.87461,19.5431,41.889,244736,524559,1,0
6088,0.27067,0.371121,4.05508,14.9815,45128,166727,1,0
6089,0.168295,0.20235,4.53684,26.9577,53735,319290,1,0
6090,0.0787694,0.0855045,518.731,6596.32,5676571,72065711,2,0
6091,0.347105,0.531639,24.243,69.8447,283455,816627,1,0
6092,0.307613,0.444279,30.4026,98.8341,311812,1013651,1,0
6093,0.185991,0.228487,3.89484,20.9412,39329,211457,1,0
6094,0.326211,0.484143,24.419,74.8589,306223,938728,1,0
6095,0.485027,0.941848,26.1377,53.8896,276179,569410,1,0
6096,0.447301,0.809303,13.8352,30.9301,162703,363744,1,0
6097,0.296225,0.420908,11.5258,38.9092,119963,404973,1,0
6098,0.258909,0.349361,4.65072,17.9633,74291,286939,1,0
6099,0.0836427,0.0912774,1.74882,20.9081,17596,210371,1,0
6100,0.169254,0.203737,0.844683,4.99063,8549,50510,2,0
6101,0.223748,0.288242,6.25058,27.9346,70597,315520,1,0
6102,0.253431,0.339461,4.80381,18.955,61267,241750,1,0
6103,0.481168,0.927408,15.3654,31.9332,214221,445210,1,0
6104,0.220144,0.282288,1.75625,7.97776,17997,81751,1,0
6105,0.528377,1.12034,16.3472,30.9384,205825,389542,1,0
6106,0.190913,0.235962,20.0026,104.777,242041,1267805,1,0
6107,0.297431,0.423349,2.96915,9.98242,32354,108778,1,0
6108,0.0383018,0.0398273,0.496639,12.9666,5423,141586,2,0
6109,0.211054,0.267514,8.42811,39.9337,97534,462128,2,0
6110,0.23095,0.300305,4.1452,17.9485,42586,184395,1,0
6111,0.194498,0.241461,20.5689,105.753,207425,1066465,1,0
6112,0.385922,0.628458,23.4843,60.8507,293047,759342,1,0
6113,0.366098,0.577531,6.57663,17.9642,73209,199971,1,0
6114,0.428541,0.749907,47.8825,111.733,552822,1290009,1,0
6115,0.49172,0.967419,65.2814,132.76,691632,1406557,1,0
6116,0.34657,0.530386,26.2841,75.8371,422847,1220091,1,0
6117,0.463577,0.864199,3.24211,6.99367,32665,70463,1,0
6118,0.188214,0.231852,1.31903,7.00814,13475,71594,1,0
6119,0.203942,0.25619,1.42637,6.99415,16596,81376,1,0
6120,0.203532,0.255544,4.26044,20.9322,56502,277607,1,0
6121,0.465737,0.871738,19.5212,41.9141,272141,584323,1,0
6123,0.493118,0.972844,12.7976,25.9529,159382,323213,1,0
6124,0.315983,0.461952,2.52386,7.98721,30311,95926,1,0
6125,0.356366,0.553678,12.7823,35.8681,147245,413185,1,0
6126,0.135778,0.15711,2.03378,14.9784,22145,163097,1,0
6127,0.322894,0.476874,3.22328,9.98242,35529,110033,1,0
6128,0.238097,0.312504,10.7,44.9403,109461,459732,1,0
6129,0.145439,0.170192,5.95261,40.9285,60078,413079,1,0
6130,0.477583,0.914179,33.3561,69.8445,415146,869265,1,0
6131,0.474916,0.904458,324.571,683.425,3610428,7602240,1,0
6132,0.429432,0.752638,29.5725,68.8644,344423,802044,1,0
6133,0.474073,0.901406,14.2017,29.9567,152014,320655,1,0
6134,0.227091,0.293813,8.38595,36.9279,132953,585462,1,0
6135,0.220098,0.282213,2.63684,11.9803,26622,120955,1,0
6136,0.236624,0.309971,1.65349,6.98783,16744,70762,1,0
6137,0.195969,0.243734,1.95569,9.97968,22744,116059,1,0
6138,0.368085,0.582491,4.77874,12.9826,59749,162324,1,0
6139,0.445051,0.801968,11.1172,24.9799,155447,349279,1,0
6141,0.45311,0.828522,72.3678,159.714,834207,1841069,1,0
6142,0.188534,0.232337,3.5684,18.9271,40514,214890,1,0
6143,0.503984,1.01606,183.535,364.164,1998768,3965939,1,0
6144,0.0240212,0.0246124,0.957695,39.8696,10553,439320,1,0
6145,0.347141,0.531725,5.19257,14.9586,57815,166546,1,0
6146,0.230925,0.300263,5.29677,22.9372,54256,234951,1,0
6147,0.249957,0.333257,4.73624,18.9482,47773,191125,1,0
6148,0.374703,0.599239,10.8426,28.9366,134456,358834,1,0
6149,0.437118,0.77657,9.58168,21.9198,104128,238215,1,0
6150,0.340983,0.517411,8.16648,23.9494,94103,275976,1,0
6151,0.43972,0.78482,18.4296,41.9129,208836,474930,1,0
6152,0.423999,0.736107,11.8517,27.9526,191125,450768,1,0
6153,0.381259,0.616186,3.80474,9.97943,38458,100871,1,0
6154,0.209434,0.264916,0.832465,3.97486,8423,40218,1,0
6155,0.208429,0.26331,6.6448,31.8814,76394,366523,1,0
6156,0.468805,0.882548,8.88018,18.9427,111682,238227,1,0
6157,0.528066,1.11894,16.8594,31.9266,244617,463232,1,0
6158,0.353079,0.545784,5.63621,15.963,57065,161621,1,0
6159,0.402261,0.672971,2.00315,4.97973,25229,62718,1,0
6160,0.124811,0.14261,1.61778,12.9619,19602,157054,1,0
6161,0.367552,0.581159,7.70151,20.9539,83799,227992,1,0
6162,0.0178922,0.0182181,0.571875,31.9628,6311,352724,1,0
6163,0.273736,0.37691,3.82282,13.9657,48595,177525,1,0
6164,0.181755,0.222127,3.80705,20.9461,38418,211373,1,0
6165,0.473607,0.899722,19.3774,40.9143,241309,509513,1,0
6166,0.232383,0.302734,3.01314,12.9666,32193,138534,1,0
6167,0.395942,0.655471,734.467,1854.96,8481844,21421916,2,0
6168,0.465894,0.872289,4.64567,9.97154,48378,103839,1,0
6169,0.367738,0.581623,11.382,30.9513,184204,500911,1,0
6170,0.269263,0.368481,5.10631,18.964,51716,192065,1,0
6171,0.210019,0.265854,2.93792,13.9888,29610,140987,1,0
6172,0.393583,0.64903,2.3613,5.99957,27097,68847,1,0
6173,0.350714,0.540153,46.8617,133.631,588549,1678145,1,0
6174,0.349387,0.537012,13.2617,37.9579,221702,634546,1,0
6175,0.18288,0.223811,2.18847,11.9667,22102,120855,1,0
6177,0.103576,0.115543,0.82803,7.99429,10121,97716,1,0
6178,0.371339,0.590683,24.0885,64.8705,259945,700020,1,0
6179,0.14226,0.165854,3.69285,25.9589,40797,286778,1,0
6180,0.349471,0.53721,8.01712,22.9406,104678,299533,1,0
6181,0.272497,0.374566,72.5923,266.396,732576,2688378,1,0
6182,0.405058,0.680835,27.0818,66.8611,335822,829072,1,0
6183,0.437159,0.7767,54.0793,123.707,566970,1296943,1,0
6184,0.361457,0.566064,14.0543,38.8823,167456,463281,1,0
6185,0.438476,0.780867,6.56635,14.9753,70859,161603,1,0
6186,0.328059,0.488225,23.5655,71.8327,378346,1153288,1,0
6187,0.239682,0.315238,1.67813,7.0015,16893,70481,1,0
6188,0.190592,0.23547,2.66277,13.971,26874,141003,1,0
6189,0.198676,0.247935,1.98159,9.97407,22448,112988,1,0
6190,0.399822,0.666171,4.78457,11.967,60050,150192,1,0
6191,0.282458,0.393647,5.63881,19.9629,107061,379033,1,0
6192,0.234859,0.306949,1.64047,6.98489,16698,71098,1,0
6193,0.467347,0.877394,8.85464,18.9465,102348,218998,1,0
6194,0.170236,0.205162,2.88442,16.9434,31930,187563,1,0
6195,0.160565,0.191278,2.40213,14.9609,26237,163404,1,0
6196,0.0668181,0.0716024,1.13306,16.9576,12475,186701,1,0
6197,0.447524,0.810032,12.9574,28.954,150841,337057,1,0
6198,0.208431,0.263314,9.56167,45.8745,96476,462868,1,0
6199,0.396672,0.657473,7.52912,18.98,93254,235091,2,0
6200,0.321101,0.472974,24.0358,74.8538,254537,792700,1,0
6201,0.430229,0.75509,51.9463,120.741,618483,1437568,1,0
6202,0.317518,0.46524,4.115,12.9598,42884,135060,1,0
6203,0.344721,0.526067,9.97955,28.9497,159857,463729,1,0
6204,0.3171,0.464343,1.90244,5.99949,19501,61498,1,0
6205,0.230807,0.300064,3.4585,14.9843,34989,151594,1,0
6206,0.203255,0.255106,4.86883,23.9542,56141,276210,1,0
6207,0.338539,0.511806,16.565,48.9307,211687,625295,1,0
6208,0.283801,0.39626,9.90905,34.9145,161389,568670,2,0
6209,0.338894,0.512617,21.6409,63.8575,219456,647565,1,0
6211,0.0484919,0.0509632,0.48501,10.002,5942,122536,1,0
6212,0.240605,0.316837,4.08486,16.9776,44387,184481,1,0
6213,0.135356,0.156545,2.02654,14.9719,22009,162601,1,0
6214,0.297421,0.423327,27.8953,93.8203,356083,1197236,1,0
6215,0.152788,0.180342,27.2856,178.586,275489,1803082,1,0
6216,0.423519,0.734663,7.18843,16.973,88798,209667,1,0
6217,0.496708,0.986918,34.1835,68.8212,374271,753503,1,0
6218,0.404752,0.679972,24.2288,59.8617,288857,713664,1,0
6219,0.496856,0.987502,14.8874,29.9634,157475,316943,1,0
6220,0.206562,0.260337,5.15139,24.9389,81806,396037,1,0
6222,0.147671,0.173255,1.76658,11.9629,17732,120078,1,0
6223,0.195557,0.243096,8.77977,44.8941,101041,516684,1,0
6224,0.194792,0.241915,2.33098,11.9666,29262,150222,1,0
6225,0.47231,0.895054,16.9565,35.9013,236833,501435,1,0
6227,0.421276,0.727941,5.88626,13.9724,67352,159876,1,0
6228,0.268877,0.367759,6.71081,24.9584,78439,291728,1,0
6229,0.414331,0.70745,93.4091,225.456,1090983,2633117,2,0
6230,0.0534236,0.0564388,1.49275,27.9436,16280,304734,1,0
6231,0.302285,0.43325,4.83503,15.995,53619,177379,1,0
6232,0.207272,0.261466,4.96195,23.9395,50145,241929,1,0
6233,0.336282,0.506663,28.5229,84.8183,350493,1042260,1,0
6234,0.324505,0.480396,5.50809,16.9737,61005,187994,1,0
6235,0.383151,0.621142,20.2585,52.8738,241352,629914,1,0
6236,0.340397,0.516064,11.2075,32.9255,116635,342644,1,0
6237,0.348953,0.535987,27.5074,78.8307,443414,1270699,1,0
6238,0.416494,0.713777,2.49252,5.98454,25474,61163,1,0
6239,0.245265,0.324968,1.71134,6.97753,17325,70638,1,0
6240,0.188873,0.232852,2.63547,13.9535,30261,160219,1,0
6241,0.332702,0.498582,11.6189,34.9239,147298,442732,1,0
6242,0.396514,0.657039,10.6755,26.9226,182996,461512,1,0
6243,0.0824726,0.0898857,1.72953,20.9708,17447,211549,1,0
6244,0.0522241,0.0551017,1.14783,21.978,13187,252508,1,0
6245,0.246161,0.326544,3.93041,15.9671,44634,181320,1,0
6246,0.304775,0.438382,7.90615,25.9411,91842,301344,1,0
6247,0.0316041,0.0326355,2.33272,73.8094,25476,806098,1,0
6248,0.370188,0.587774,8.1283,21.9572,90241,243771,1,0
6249,0.203221,0.255053,4.05073,19.9326,40858,201052,1,0
6250,0.36677,0.579204,24.5131,66.8336,303312,826982,1,0
6251,0.329349,0.491089,7.56544,22.9713,84068,255255,2,0
6252,0.459638,0.85061,122.919,267.432,1466487,3190529,1,0
6253,0.465393,0.870533,8.82344,18.9592,91749,197143,1,0
6254,0.342527,0.520974,13.6828,39.9475,222186,648668,1,0
6255,0.391167,0.642488,4.29182,10.9718,43224,110500,1,0
6256,0.376415,0.60363,6.00424,15.9511,61467,163296,1,0
6257,0.105554,0.11801,13.059,123.717,151850,1438604,1,0
6258,0.177566,0.215903,3.36994,18.9773,44762,252087,1,0
6259,0.313955,0.457631,6.89604,21.9621,121599,387313,1,0
6260,0.333099,0.499472,4.98596,14.9684,51565,154804,1,0
6261,0.134807,0.155811,3.4969,25.9394,40151,297841,1,0
6262,0.217963,0.278711,3.91472,17.9603,43455,199369,1,0
6263,0.262408,0.355762,2.61611,9.96973,28604,109006,1,0
6264,0.10955,0.123027,1.31791,12.0302,14470,132086,1,0
6265,0.406272,0.684272,9.31993,22.9404,108308,266590,1,0
6266,0.10089,0.11221,2.41457,23.9329,24419,242037,1,0
6267,0.434893,0.769577,9.55145,21.9628,117479,270133,1,0
6268,0.23472,0.306712,3.74728,15.9651,41753,177884,1,0
6269,0.400086,0.666905,144.093,360.152,1716091,4289309,1,0
6270,0.367766,0.581694,9.53355,25.9222,105827,287756,1,0
6271,0.318808,0.468015,7.95453,24.9514,127073,398588,1,0
6272,0.212709,0.270179,1.69409,7.96437,17048,80147,1,0
6273,0.280192,0.389259,8.66441,30.9233,87222,311294,1,0
6274,0.172099,0.207873,2.92076,16.9712,33657,195568,1,0
6275,0.286563,0.401665,14.8755,51.9087,197512,689245,1,0
6276,0.282421,0.393576,16.6159,58.8377,280240,992276,1,0
6277,0.30257,0.433836,20.2269,66.847,208489,689060,1,0
6279,0.318173,0.466647,12.3754,38.8942,149216,468978,1,0
6280,0.274366,0.378105,14.7853,53.8893,161251,587723,1,0
6281,0.0142962,0.0145035,0.37072,25.9321,4036,282313,2,0
6282,0.375286,0.600733,6.36333,16.9562,83720,223083,1,0
6283,0.109367,0.122797,2.17933,19.9268,22030,201432,1,0
6284,0.298694,0.425911,8.04283,26.9269,85681,286852,1,0
6285,0.290394,0.409234,37.6674,129.712,436653,1503655,1,0
6286,0.372973,0.594827,9.30253,24.9415,99828,267655,1,0
6287,0.227917,0.295197,3.40754,14.9506,54600,239561,1,0
6288,0.503223,1.01297,21.1005,41.9308,214162,425581,2,0
6289,0.292167,0.412762,2.33478,7.9912,23818,81522,1,0
6290,0.241636,0.318629,2.41291,9.98568,27324,113079,1,0
6291,0.401596,0.671112,3.61073,8.991,45790,114020,1,0
6292,0.49486,0.979649,7.90928,15.9829,109612,221501,1,0
6293,0.232174,0.302379,1.62331,6.99176,16411,70684,1,0
6296,0.191081,0.236218,1.52505,7.98115,16411,85885,1,0
6297,0.0268126,0.0275513,15.8859,592.632,174796,6519175,1,0
6298,0.512643,1.05189,19.4322,37.9058,226330,441496,1,0
6299,0.186238,0.228861,7.24183,38.8847,73100,392508,1,0
6300,0.291024,0.410485,6.10262,20.9689,67411,231634,1,0
6301,0.355965,0.552711,14.1998,39.8919,163630,459680,1,0
6302,0.47359,0.89966,10.3967,21.9531,109665,231561,1,0
6303,0.394191,0.650684,19.2885,48.9327,314382,797538,1,0
6304,0.30614,0.441213,2.74799,8.97623,27811,90844,4,0
6305,0.225789,0.291637,1.57555,6.97796,15947,70628,1,0
6306,0.161108,0.192049,2.41181,14.9702,28183,174932,1,0
6307,0.340205,0.515623,2.72143,7.99941,34142,100357,1,0
6308,0.502408,1.00968,9.02157,17.9559,127388,253555,1,0
6309,0.271652,0.37297,2.43988,8.98161,24578,90476,1,0
6311,0.223703,0.288166,16.2901,72.8225,196702,879301,1,0
6312,0.382068,0.618302,5.33153,13.9545,61696,161479,2,0
6313,0.0296435,0.0305491,2.51427,84.8174,27713,934876,1,0
6314,0.272654,0.374861,5.451,19.9932,66602,244273,1,0
6315,0.163995,0.196166,4.90814,29.9282,49594,302411,1,0
6316,0.364479,0.573513,17.8281,48.9131,188855,518150,1,0
6317,0.361484,0.566133,28.4867,78.8062,328953,910006,1,0
6318,0.391516,0.643429,9.3679,23.9274,102073,260712,1,0
6319,0.221303,0.284196,3.31598,14.9847,52908,239075,1,0
6320,0.386928,0.631131,18.9028,48.8533,190327,491892,2,0
6321,0.467781,0.878925,165.235,353.238,1690935,3614802,1,0
6322,0.248858,0.331306,3.97121,15.9583,45640,183398,1,0
6323,0.273368,0.376213,4.91453,17.9775,64065,234354,1,0
6324,0.288365,0.405216,9.49468,32.9237,160078,555122,1,0
6327,0.273881,0.377185,2.73909,10.001,30555,111563,1,0
6328,0.405867,0.683124,4.46271,10.9955,50489,124398,1,0
6329,0.0557243,0.0590128,0.667099,11.9715,7282,130679,1,0
6330,0.490753,0.963683,15.1886,30.9499,177549,361789,1,0
6331,0.231224,0.300769,9.91971,42.9008,100143,433099,1,0
6332,0.413786,0.705862,6.19579,14.9736,70234,169735,1,0
6333,0.399055,0.664045,12.3413,30.9264,146896,368110,1,0
6334,0.442695,0.794349,6.18127,13.9628,67105,151583,1,0
6335,0.375317,0.600813,20.59,54.8612,340066,906076,1,0
6336,0.41744,0.716561,4.9866,11.9457,51204,122662,1,0
6337,0.261117,0.353394,2.08427,7.98215,20946,80217,1,0
6338,0.255144,0.342541,1.52756,5.98688,17546,68769,1,0
6339,0.318,0.466276,13.9416,43.8413,178971,562802,1,0
6340,0.469814,0.88613,23.4431,49.8984,323876,689371,1,0
6341,0.220574,0.282995,2.63721,11.9561,26571,120463,1,0
6344,0.339655,0.514359,5.08194,14.962,57726,169955,1,0
6345,0.0365453,0.0379316,1.27533,34.8953,13943,381526,1,0
6346,0.417515,0.716782,7.49945,17.9617,88005,210783,1,0
6347,0.190431,0.235225,7.97871,41.8986,80540,422935,1,0
6348,0.424862,0.738713,20.3602,47.9223,217901,512875,1,0
6349,0.452905,0.827836,12.2032,26.9439,141214,311796,2,0
6350,0.446372,0.806266,252.061,564.703,2797884,6268060,1,0
6351,0.193859,0.240478,9.87095,50.9156,158447,817331,1,0
6352,0.213857,0.272033,2.56176,11.9789,25866,120950,1,0
6353,0.199609,0.249389,1.39612,6.99435,14280,71540,1,0
6354,0.188714,0.232612,4.51286,23.9134,52881,280217,1,0
6355,0.40235,0.673221,4.01862,9.98763,50501,125515,1,0
6356,0.198907,0.248294,4.95958,24.9369,83519,419890,1,0
6357,0.385511,0.627369,5.76821,14.9626,58467,151661,1,0
6359,0.201105,0.25173,5.22641,25.989,63234,314432,1,0
6360,0.451779,0.824082,7.66204,16.9598,86733,191981,1,0
6361,0.0212093,0.0216689,1.01556,47.886,11151,525759,1,0
6362,0.359192,0.560529,4.29755,11.9644,47312,131718,1,0
6363,0.157497,0.18694,8.64168,54.8693,87246,553953,1,0
6364,0.319385,0.46926,3.82099,11.9635,40614,127163,1,0
6365,0.485822,0.944853,34.4092,70.8265,410409,844772,1,0
6366,0.345587,0.528087,16.5588,47.9149,183992,532404,1,0
6367,0.304304,0.437409,8.20514,26.9638,135364,444832,1,0
6368,0.387709,0.633209,7.74183,19.9681,78321,202010,1,0
6369,0.189171,0.233306,1.32064,6.98121,13238,69979,1,0
6370,0.173652,0.210144,3.98203,22.9313,44943,258811,1,0
6371,0.358779,0.559524,24.3399,67.8405,306103,853181,1,0
6372,0.600523,1.50327,10.7708,17.9359,149451,248868,2,0
6373,0.202836,0.254447,2.22623,10.9755,22944,113116,1,0
6375,0.223934,0.288551,14.3004,63.8665,165567,739355,2,0
6376,0.284013,0.396674,3.40152,11.9767,38143,134300,1,0
6377,0.0909685,0.100072,2.36072,25.9506,25736,282911,1,0
6378,0.437772,0.778636,378.69,865.048,4412814,10080176,2,0
6379,0.234972,0.307141,23.2115,98.7857,234748,999048,1,0
6380,0.390923,0.641829,4.67795,11.9663,50037,127997,1,0
6381,0.386398,0.629721,11.5593,29.9154,133858,346425,1,0
6382,0.404767,0.680014,13.3387,32.9533,144482,356951,1,0
6383,0.316396,0.462836,8.52815,26.9537,140316,443482,1,0
6384,0.275162,0.379619,2.19769,7.98684,22213,80727,1,0
6385,0.145908,0.170834,1.30893,8.97097,13269,90941,1,0
6386,0.158827,0.188817,5.22859,32.919,60738,382415,1,0
6387,0.244019,0.322785,3.16798,12.9822,39609,162319,1,0
6388,0.275757,0.380752,5.22899,18.9611,87016,315553,1,0
6389,0.366473,0.578465,2.55822,6.98066,26400,72038,1,0
6391,0.169611,0.204254,1.86453,10.9933,20626,121608,1,0
6392,0.200678,0.251061,3.40717,16.9785,37332,186029,1,0
6393,0.0191056,0.0194778,0.705239,36.9122,7698,402918,1,0
6394,0.443145,0.795799,28.3028,63.8664,329857,744355,1,0
6395,0.247705,0.329266,2.71295,10.9523,27387,110563,1,0
6396,0.409672,0.693974,33.1141,80.8308,352166,859629,1,0
6397,0.449009,0.814911,554.12,1234.16,6614618,14731605,1,0
6398,0.519312,1.08035,9.31674,17.9406,100193,192934,1,0
6399,0.447948,0.811424,15.6363,34.9065,157805,352284,1,0
6401,0.324486,0.480354,7.77456,23.9599,89599,276126,1,0
6402,0.374567,0.598893,5.22563,13.9508,66240,176844,1,0
6403,0.294855,0.418149,9.40812,31.9081,167012,566420,1,0
6404,0.407669,0.688245,9.75879,23.9381,98757,242248,1,0
6406,0.0191168,0.0194894,0.552923,28.9198,6752,353197,1,0
6407,0.29534,0.419124,8.55081,28.9518,93520,316652,1,0
6408,0.0169842,0.0172777,1.65984,97.7272,18075,1064223,1,0
6409,0.538068,1.16482,15.569,28.9355,192212,357226,1,0
6410,0.148525,0.174433,4.14844,27.9305,41914,282201,1,0
6411,0.305469,0.439822,9.7454,31.9027,104590,342391,1,0
6412,0.415123,0.709762,65.4415,157.652,782131,1884094,1,0
6413,0.434819,0.769343,10.4136,23.9494,108332,249143,1,0
6414,0.225894,0.291812,4.28501,18.9691,43295,191661,1,0
6416,0.35736,0.556081,7.13087,19.9539,82087,229704,1,0
6417,0.126016,0.144186,2.51062,19.9215,33356,264696,1,0
6418,0.376306,0.603352,54.8024,145.628,917285,2437601,1,0
6419,0.236992,0.310603,2.13046,8.98953,21895,92387,1,0
6420,0.516149,1.06675,9.78562,18.9592,116037,224813,2,0
6421,0.246706,0.327503,2.46084,9.97478,29790,120751,1,0
6422,0.300411,0.429411,3.90241,12.9904,45688,152085,1,0
6423,0.0870783,0.0953842,1.04272,11.9745,11318,129975,1,0
6424,0.339887,0.514892,9.15916,26.9471,117850,346733,1,0
6425,0.169165,0.203609,4.89762,28.9516,49449,292312,1,0
6426,0.384261,0.624065,8.05783,20.9698,85978,223749,1,0
6427,0.372079,0.592557,23.7652,63.87,284621,764948,1,0
6428,0.449426,0.816286,10.3072,22.9339,114600,254992,1,0
6429,0.426409,0.743403,6.39294,14.9925,64401,151031,1,0
6430,0.289186,0.406837,6.92308,23.9399,69952,241893,1,0
6431,0.164905,0.197468,7.8976,47.8927,92636,561754,1,0
6432,0.301251,0.431129,3.30496,10.971,42186,140036,1,0
6433,0.339228,0.513381,36.5481,107.73,669738,1974301,1,0
6434,0.181106,0.22116,1.08386,5.98465,11127,61439,1,0
6436,0.0906027,0.0996293,2.5319,27.9457,30857,340575,1,0
6437,0.317672,0.46557,2.54163,8.00084,29154,91774,1,0
6438,0.0132893,0.0134683,0.609583,45.8702,6625,498522,1,0
6439,0.373564,0.596332,4.1047,10.9879,47601,127424,1,0
6440,0.20249,0.253903,3.84037,18.9656,38824,191733,1,0
6441,0.379463,0.611508,49.5864,130.682,537032,1415241,1,0
6442,0.504041,1.0163,15.5947,30.9396,186711,370428,1,0
6443,0.426881,0.744838,9.79569,22.947,105595,247364,1,0
6444,0.137302,0.159154,1.77729,12.9443,17880,130224,1,0
6445,0.319864,0.470293,2.55136,7.97639,25599,80031,1,0
6446,0.149738,0.176107,2.54153,16.9733,29666,198120,1,0
6447,0.279825,0.388551,2.51225,8.97783,31984,114300,1,0
6448,0.28153,0.391846,30.0571,106.759,534774,1899528,1,0
6449,0.468195,0.88039,28.9692,61.8746,293596,627080,1,0
6450,0.41697,0.715178,9.56883,22.9487,113390,271938,2,0
6451,0.161928,0.193216,1.77637,10.9701,21479,132645,2,0
6452,0.38107,0.615693,5.69757,14.9515,66291,173960,1,0
6453,0.0737656,0.0796403,0.589206,7.98764,6509,88239,1,0
6454,0.506445,1.02612,27.2676,53.8423,379554,749448,2,0
6455,0.197568,0.246211,3.7426,18.9433,37784,191246,1,0
6456,0.24204,0.319331,12.311,50.8636,133445,551334,1,0
6457,0.497291,0.989222,25.8107,51.9025,370900,745841,1,0
6458,0.398664,0.662964,7.15887,17.9571,77657,194793,1,0
6459,0.27453,0.378416,1.91099,6.96096,19622,71475,1,0
6460,0.306554,0.442072,1.53095,4.99411,15469,50461,1,0
6461,0.353346,0.546422,2.82364,7.99116,33058,93557,1,0
6462,0.388392,0.635033,5.81917,14.9829,73253,188606,1,0
6463,0.446038,0.80518,29.8175,66.8461,408937,916820,1,0
6464,0.302071,0.43281,3.01886,9.99382,30981,102562,1,0
6466,0.318146,0.466591,3.8114,11.9799,43720,137421,1,0
6467,0.18998,0.234538,1.70694,8.98486,19916,104832,1,0
6468,0.027578,0.0283601,1.12733,40.8786,12401,449670,1,0
6469,0.342267,0.520374,3.07272,8.9778,38069,111226,2,0
6470,0.166919,0.200363,2.83041,16.957,28606,171377,1,0
6471,0.495754,0.983158,5.92834,11.9582,62635,126343,1,0
6472,0.473209,0.898288,30.6713,64.8157,367291,776170,1,0
6473,0.417123,0.715627,6.24796,14.9785,68537,164309,1,0
6474,0.311817,0.453101,33.6001,107.756,339716,1089473,1,0
6475,0.293777,0.415984,1.4626,4.9786,14725,50123,1,0
6476,0.18477,0.226647,4.42961,23.9741,51681,279705,1,0
6477,0.280571,0.389992,20.9908,74.8083,266731,950671,2,0
6478,0.409659,0.693938,19.6209,47.894,269898,658835,1,0
6479,0.368288,0.583,2.57363,6.98807,26056,70749,1,0
6481,0.343824,0.523981,2.40315,6.98935,28798,83758,1,0
6482,0.307099,0.443208,4.29134,13.9737,46493,151394,1,0
6483,0.0408869,0.0426299,0.693558,16.963,7642,186906,1,0
6484,0.458569,0.846957,7.78875,16.9848,91191,198860,1,0
6485,0.21164,0.268457,77.9209,368.171,786685,3717082,1,0
6486,0.327106,0.486117,8.1634,24.9563,86070,263126,1,0
6487,0.459823,0.851244,23.8496,51.8667,285348,620561,1,0
6488,0.436051,0.77321,34.7662,79.7299,370227,849045,2,0
6489,0.471559,0.89236,20.6943,43.8851,208648,442464,1,0
6490,0.448083,0.811866,17.8925,39.9315,183498,409518,1,0
6491,0.176626,0.214514,1.93669,10.9652,22577,127824,1,0
6492,0.207664,0.26209,2.69351,12.9707,34684,167020,1,0
6493,0.345438,0.527739,6.89117,19.9488,126993,367629,2,0
6494,0.345343,0.527516,3.7859,10.9627,38227,110693,1,0
6496,0.235088,0.30734,5.39646,22.9553,62228,264701,1,0
6497,0.31795,0.466167,3.49428,10.9901,40592,127668,1,0
6498,0.0193849,0.0197681,2.39884,123.73,26167,1349864,1,0
6499,0.374512,0.598753,4.12699,11.0197,47717,127411,1,0
6500,0.0803536,0.0873745,8.65826,107.749,87557,1089646,1,0
6501,0.410764,0.697112,60.295,146.789,639788,1557557,1,0
6502,0.433545,0.765365,17.7232,40.8799,217425,501505,1,0
6503,0.434609,0.768688,14.3073,32.9191,155644,358124,1,0
6504,0.433775,0.766084,6.92376,15.9616,69755,160809,1,0
6505,0.287887,0.404272,2.5881,8.98996,26004,90327,1,0
6506,0.231762,0.30168,3.23452,13.9562,37717,162740,1,0
6507,0.375321,0.600823,3.37089,8.98141,42221,112493,1,0
6508,0.342429,0.520748,8.20132,23.9503,112969,329905,1,0
6509,0.346955,0.531288,3.80716,10.9731,38452,110827,1,0
6511,0.201496,0.252343,5.22722,25.9437,60780,301643,1,0
6512,0.326039,0.483765,4.55776,13.9795,52488,160987,1,0
6513,0.0113686,0.0114993,0.340175,29.9212,3698,325282,1,0
6514,0.44359,0.797235,10.606,23.9094,123762,279001,2,0
6515,0.175136,0.212322,57.3073,327.223,579184,3307044,1,0
6516,0.457914,0.844724,5.94473,12.9822,62083,135578,1,0
6517,0.438161,0.779869,136.838,312.3,1683653,3842545,1,0
6518,0.447428,0.80972,29.0324,64.8876,313348,700331,1,0
6519,0.290594,0.40963,2.61156,8.98695,26356,90697,1,0
6520,0.410778,0.697152,8.62325,20.9925,86527,210642,1,0
6521,0.286746,0.402026,2.57357,8.97501,29013,101180,1,0
6522,0.364813,0.57434,9.83328,26.9549,128469,352150,1,0
6523,0.401117,0.669774,10.0285,25.0022,174803,435791,1,0
6524,0.22283,0.28672,1.3354,5.99294,13725,61594,1,0
6525,0.144427,0.168807,2.3096,15.9914,26536,183733,1,0
6526,0.0888793,0.0975494,3.63696,40.9203,44233,497675,1,0
6527,0.324579,0.480559,6.48112,19.9678,75193,231663,1,0
6528,0.0318764,0.032926,1.49516,46.9033,16436,515616,1,0
6529,0.3775,0.606426,7.9035,20.937,91862,243343,1,0
6530,0.0998344,0.110907,6.77015,67.8139,68431,685445,1,0
6531,0.455821,0.83763,10.4545,22.9358,109108,239366,1,0
6532,0.419134,0.721566,25.5236,60.8963,314771,751004,1,0
6533,0.485301,0.942882,11.1291,22.9326,119581,246406,2,0
6534,0.310897,0.451162,5.58193,17.9542,56199,180764,1,0
6536,0.23578,0.308524,5.64954,23.9617,66315,281258,1,0
6537,0.350923,0.54065,3.15402,8.98787,40033,114079,1,0
6538,0.283313,0.395309,7.06579,24.9401,128186,452454,1,0
6539,0.306312,0.44157,3.36315,10.9795,34000,110998,1,0
6540,0.106587,0.119303,2.55234,23.9443,29392,275756,1,0
6541,0.339567,0.514159,3.38952,9.98188,39618,116672,1,0
6542,0.328445,0.489081,4.26121,12.9739,48105,146463,1,0
6543,0.0706612,0.0760339,0.422651,5.98133,4578,64788,1,0
6544,0.347236,0.531947,16.9799,48.8987,192541,554496,1,0
6545,0.228139,0.29557,12.287,53.8576,124044,543721,1,0
6546,0.468306,0.880779,18.2064,38.8778,209282,446892,1,0
6547,0.434645,0.7688,65.0436,149.645,823707,1895126,1,0
6548,0.382882,0.620436,18.3332,47.8832,212130,554035,2,0
6549,0.190072,0.234677,1.14057,6.00075,11479,60393,1,0
6550,0.478267,0.916688,4.2847,8.95879,43176,90276,2,0
6551,0.152661,0.180166,7.16076,46.9085,83418,546425,1,0
6552,0.420413,0.725367,6.72374,15.9932,84593,201214,1,0
6553,0.292389,0.413207,6.70717,22.9405,132098,451788,1,0
6554,0.323914,0.479101,3.22852,9.96719,32702,100959,1,0
6556,0.276414,0.382006,7.99482,28.9231,88793,321232,1,0
6557,0.312026,0.453543,2.49098,7.98329,28736,92095,1,0
6558,0.0453971,0.047556,0.453492,9.98923,4919,108355,1,0
6559,0.456586,0.840217,11.3967,24.9602,124926,273609,1,0
6560,0.150861,0.177663,5.11865,33.9295,51757,343078,1,0
6561,0.485035,0.941878,15.98,32.9461,182583,376433,1,0
6562,0.348366,0.534604,31.9678,91.7645,370702,1064116,2,0
6563,0.391429,0.643195,17.5735,44.896,196779,502719,1,0
6564,0.17061,0.205705,1.18949,6.97197,11970,70160,1,0
6565,0.174355,0.211175,1.56491,8.97541,15689,89983,1,0
6566,0.23244,0.302829,9.50607,40.8979,110466,475246,1,0
6567,0.262884,0.356638,4.19598,15.9615,52882,201161,1,0
6568,0.20319,0.255004,2.83094,13.9347,71246,350638,1,0
6569,0.279242,0.387429,4.73604,16.9605,48496,173670,1,0
6571,0.269441,0.368815,37.6362,139.676,453802,1684236,1,0
6572,0.429955,0.754247,6.87261,15.9848,78229,181947,1,0
6573,0.0318511,0.032899,1.36687,42.9148,15034,472009,1,0
6574,0.345218,0.527225,5.16293,14.9556,66946,193924,1,0
6575,0.165261,0.197979,1.48327,8.97531,14869,89973,1,0
6576,0.512691,1.05209,7.66649,14.9535,80110,156254,1,0
6577,0.396396,0.656716,109.557,276.384,1358956,3428276,4,0
6578,0.354204,0.548476,16.2519,45.8816,187677,529856,2,0
6579,0.413444,0.704867,6.19067,14.9734,62337,150775,1,0
6580,0.310355,0.450022,4.02452,12.9675,40871,131691,1,0
6581,0.189876,0.234379,2.46235,12.9677,28744,151383,1,0
6582,0.200254,0.250397,1.39804,6.98138,17816,88967,1,0
6583,0.349554,0.537406,4.88237,13.9674,84462,241628,1,0
6584,0.326507,0.484797,3.58003,10.9646,36703,112411,1,0
6585,0.444679,0.80076,52.3572,117.742,617949,1389652,1,0
6586,0.269001,0.367991,12.8795,47.8793,146608,545009,1,0
6587,0.275692,0.380628,3.58205,12.9927,41509,150563,1,0
6588,0.0154151,0.0156565,0.707424,45.8908,7822,507424,1,0
6589,0.424108,0.736437,19.0445,44.9046,224516,529384,1,0
6590,0.210961,0.267364,7.36418,34.9078,73816,349904,1,0
6591,0.508187,1.03329,39.5495,77.8234,446796,879196,1,0
6592,0.349428,0.537108,47.7737,136.717,555364,1589353,1,0
6593,0.457179,0.842228,57.0228,124.727,612863,1340532,1,0
6594,0.336634,0.507464,2.35086,6.98343,24237,71998,1,0
6595,0.334621,0.502904,3.00842,8.99053,30914,92385,1,0
6596,0.282124,0.392998,3.37147,11.9504,38030,134799,1,0
6597,0.357139,0.555547,14.6065,40.898,185491,519380,1,0
6598,0.558427,1.26463,30.0911,53.8855,414482,742231,1,0
6599,0.221549,0.284602,1.76589,7.97063,17879,80700,1,0
6600,0.463308,0.863265,7.86201,16.9693,90042,194346,1,0
6601,0.185736,0.228103,2.03512,10.957,23592,127019,1,0
6602,0.299019,0.426572,9.84623,32.9284,106965,357720,1,0
6603,0.013038,0.0132102,0.572603,43.9184,6242,478756,1,0
6604,0.419918,0.723893,38.1454,90.8384,446587,1063511,1,0
6605,0.214989,0.273867,3.86408,17.9733,39008,181442,1,0
6606,0.313952,0.457624,5.00591,15.9446,52889,168462,1,0
6607,0.450446,0.819656,187.455,416.15,2168530,4814188,4,0
6608,0.442388,0.793361,8.39005,18.9653,84819,191730,1,0
6609,0.430504,0.755939,18.0472,41.9211,182263,423371,1,0
6610,0.337431,0.509277,4.03648,11.9624,40513,120063,1,0
6611,0.121011,0.137671,2.17221,17.9507,25258,208724,1,0
6612,0.300151,0.42888,2.99404,9.97489,38474,128182,1,0
6613,0.326051,0.483792,7.48021,22.9418,129218,396312,1,0
6614,0.300123,0.428822,2.69569,8.982,27587,91919,1,0
6615,0.405885,0.683176,12.9533,31.9126,147734,363980,1,0
6616,0.338058,0.510706,3.03408,8.97494,36494,107952,1,0
6617,0.199346,0.248979,2.58504,12.9678,28039,140655,1,0
6618,0.00914264,0.009227,1.11299,121.738,12141,1327954,1,0
6619,0.52084,1.08699,15.592,29.9356,182255,349925,1,0
6620,0.166396,0.199611,11.7835,70.8158,119167,716164,1,0
6621,0.480272,0.924084,74.2757,154.657,828574,1725218,2,0
6622,0.33627,0.506637,20.13,59.862,245540,730187,1,0
6623,0.293922,0.416273,23.4765,79.8717,263859,897719,1,0
6624,0.0981207,0.108796,1.27114,12.9549,12776,130207,1,0
6625,0.289159,0.406785,3.75157,12.9739,38226,132197,1,0
6626,0.127168,0.145696,2.66195,20.932,30033,236167,1,0
6627,0.335541,0.504983,4.68306,13.9565,58832,175335,1,0
6628,0.140396,0.163326,3.36228,23.9502,63441,451872,2,0
6629,0.224225,0.289033,2.01134,8.9702,20391,90940,1,0
6630,0.435327,0.770935,13.4622,30.9243,170009,390532,1,0
6631,0.229779,0.298329,3.89658,16.958,42971,187010,1,0
6632,0.428775,0.750624,5.56507,12.9788,63168,147322,2,0
6633,0.114402,0.129181,1.25293,10.9517,13606,118931,1,0
6634,0.438119,0.779735,23.5964,53.8576,275549,628937,1,0
6635,0.201083,0.251694,61.5713,306.198,621605,3091290,1,0
6636,0.354711,0.549693,6.01318,16.952,63351,178599,1,0
6637,0.361067,0.565109,13.6846,37.9003,176366,488458,1,0
6638,0.414158,0.706946,24.7836,59.8411,267931,646929,2,0
6639,0.338879,0.512582,30.089,88.7896,302691,893213,1,0
6640,0.183223,0.224324,1.27782,6.9741,12952,70690,1,0
6641,0.23828,0.312819,29.2398,122.711,343462,1441419,1,0
6642,0.372498,0.59362,3.72219,9.99256,46972,126100,1,0
6643,0.287217,0.402951,8.31237,28.9417,149348,519984,1,0
6644,0.367478,0.580972,10.2685,27.9433,104891,285435,1,0
6646,0.307377,0.443788,20.2448,65.8633,230708,750569,1,0
6647,0.330636,0.493956,7.59025,22.9562,88474,267587,1,0
6648,0.0206674,0.0211035,3.81497,184.608,41912,2027932,1,0
6649,0.189502,0.233809,3.21407,16.9597,36026,190109,1,0
6650,0.149384,0.175619,5.96577,39.9358,60293,403610,1,0
6651,0.480442,0.924713,11.9829,24.9411,133610,278098,2,0
6652,0.351563,0.54217,48.4268,137.748,641243,1823978,1,0
6653,0.469354,0.884497,6.09288,12.9813,63644,135599,1,0
6654,0.3935,0.648805,3.13811,7.97491,31844,80925,1,0
6655,0.320833,0.472393,1.59281,4.96457,16153,50347,1,0
6656,0.246223,0.326652,6.13866,24.9312,71897,292000,1,0
6657,0.26004,0.351424,3.89031,14.9602,49433,190098,1,0
6658,0.232418,0.302792,1.62575,6.99475,30737,132249,2,0
6659,0.387167,0.631766,6.9599,17.9765,70761,182766,1,0
6661,0.264165,0.359,16.0764,60.8569,194353,735727,2,0
6662,0.265107,0.360743,19.3155,72.8591,209614,790676,1,0
6663,0.0477907,0.0501893,26.5579,555.743,291369,6096770,2,0
6664,0.415809,0.711769,44.4037,106.787,521778,1254850,1,0
6665,0.0532298,0.0562225,1.06334,19.9764,10757,202086,1,0
6666,0.491671,0.967231,19.142,38.9327,201715,410264,2,0
6667,0.344249,0.524968,30.5712,88.8046,393630,1143447,1,0
6668,0.380892,0.615228,56.6525,148.735,633376,1662874,1,0
6669,0.32638,0.484517,3.90763,11.9726,39399,120715,1,0
6670,0.288244,0.404976,4.8902,16.9655,49109,170373,1,0
6671,0.142891,0.166713,4.98941,34.9167,58065,406358,1,0
6672,0.100054,0.111178,1.29738,12.9668,16616,166070,1,0
6673,0.0938581,0.10358,1.49806,15.9598,28242,300901,1,0
6674,0.303432,0.43561,2.11938,6.98467,21662,71390,1,0
6676,0.310106,0.449497,6.19291,19.9691,73949,238464,1,0
6677,0.282161,0.393071,2.53583,8.98715,27614,97866,1,0
6678,0.0176354,0.017952,0.545314,30.9222,5928,336142,1,0
6679,0.564708,1.29731,8.45667,14.9753,113268,200578,1,0
6680,0.140537,0.163517,2.66487,18.9619,26953,191786,1,0
6681,0.380495,0.614193,28.8367,75.7874,304119,799271,1,0
6682,0.393166,0.647896,34.5265,87.8175,434407,1104896,1,0
6683,0.445454,0.803275,6.66157,14.9544,71465,160432,1,0
6684,0.39379,0.649594,14.1291,35.8796,142584,362081,1,0
6685,0.17863,0.217478,1.24687,6.98019,12505,70005,1,0
6686,0.2616,0.35428,7.31338,27.9551,85268,325948,1,0
6687,0.372544,0.593738,5.57991,14.978,73652,197700,1,0
6688,0.33414,0.501817,8.33085,24.9332,143730,430149,1,0
6689,0.346875,0.5311,2.4226,6.9841,24463,70524,1,0
6690,0.380672,0.614652,4.17448,10.9661,52436,137746,1,0
6691,0.120841,0.137451,5.1851,42.9077,63021,521518,1,0
6692,0.343961,0.5243,39.8094,115.737,438759,1275606,1,0
6693,0.0168382,0.0171265,1.74846,103.846,19103,1134506,1,0
6694,0.571494,1.33369,6.25641,10.9476,82498,144355,1,0
6695,0.286349,0.401246,45.1295,157.603,452306,1579561,2,0
6696,0.515493,1.06395,50.9225,98.7851,567103,1100118,1,0
6697,0.342032,0.519831,83.266,243.459,1074335,3141036,1,0
6698,0.40863,0.690989,24.04,58.8311,274644,672109,1,0
6699,0.38741,0.632413,2.70692,6.98723,27866,71929,1,0
6700,0.501697,1.00681,3.4982,6.97273,35182,70126,1,0
6701,0.291388,0.411209,2.33255,8.00482,27185,93295,1,0
6702,0.155032,0.183477,3.09558,19.9676,40334,260165,1,0
6703,0.0726799,0.0783763,1.30389,17.9394,24684,339626,1,0
6704,0.306062,0.441052,9.15313,29.906,93480,305428,1,0
6705,0.172073,0.207836,3.77357,21.9294,47177,274168,1,0
6706,0.191295,0.236545,16.0366,83.8268,194655,1017565,1,0
6707,0.199717,0.249558,2.59021,12.9694,28081,140604,1,0
6708,0.00677486,0.00682107,0.27727,40.9261,3022,446061,1,0
6709,0.452116,0.825205,5.85956,12.9601,90865,200977,1,0
6710,0.162001,0.193319,1.45403,8.97547,14577,89981,1,0
6711,0.454191,0.832144,4.99104,10.9889,52222,114978,1,0
6712,0.357071,0.555381,26.0229,72.8776,346718,971007,1,0
6713,0.51467,1.06045,7.18536,13.9611,75396,146494,1,0
6714,0.334403,0.502411,4.34067,12.9803,43857,131150,1,0
6715,0.135908,0.157284,1.08384,7.97477,10874,80010,1,0
6716,0.297759,0.424014,2.66968,8.96595,30088,101048,1,0
6717,0.113906,0.128549,1.70621,14.9792,22078,193826,1,0
6718,0.44165,0.790991,68.7272,155.616,997898,2259477,2,0
6720,0.419005,0.721186,6.2641,14.9499,79029,188611,1,0
6721,0.192183,0.237905,1.15024,5.98515,12736,66270,1,0
6722,0.235208,0.307544,1.40537,5.97495,15197,64611,1,0
6723,0.236936,0.310506,10.8771,45.9099,118168,498734,1,0
6724,0.583137,1.39887,5.23071,8.96974,70429,120776,2,0
6725,0.139031,0.161482,9.01258,64.8241,91078,655091,2,0
6726,0.556335,1.25395,53.8304,96.7594,563434,1012761,1,0
6727,0.388975,0.636594,74.1348,190.587,988211,2540552,2,0
6728,0.386035,0.628757,16.5618,42.9033,183956,476527,1,0
6729,0.233253,0.304212,3.02159,12.9541,30489,130712,1,0
6730,0.331433,0.495737,3.96498,11.9632,40176,121219,1,0
6731,0.130452,0.150023,5.99342,45.9428,67580,518043,1,0
6732,0.216178,0.275799,2.58936,11.9778,32637,150973,1,0
6733,0.474074,0.901406,9.44529,19.9232,131261,276879,1,0
6734,0.349686,0.537718,2.09718,5.99733,21206,60643,1,0
6735,0.264493,0.359606,2.37572,8.9822,27740,104880,1,0
6736,0.185207,0.227305,2.03443,10.9847,23429,126502,1,0
6737,0.291163,0.410762,8.71133,29.9199,101496,348588,1,0
6738,0.148021,0.173738,1.6249,10.9775,17584,118794,1,0
6739,0.311392,0.452206,9.64477,30.9725,124442,399631,1,0
6740,0.194496,0.241459,5.62142,28.9022,56855,292319,2,0
6741,0.350976,0.540776,9.81418,27.9622,103418,294658,2,0
6742,0.268901,0.367803,19.5821,72.8239,228196,848626,1,0
6743,0.410835,0.697318,35.2508,85.8036,377260,918276,1,0
6744,0.192542,0.238454,1.53453,7.96988,15428,80128,1,0
6745,0.420811,0.726552,27.2901,64.8513,273775,650589,1,0
6746,0.130488,0.150071,2.73383,20.9518,31853,244106,1,0
6747,0.108093,0.121193,0.972046,8.99273,12283,113634,1,0
6748,0.317353,0.464885,5.38399,16.9651,93157,293544,1,0
6749,0.228398,0.296004,2.04793,8.96649,20720,90719,1,0
6750,0.449654,0.81704,7.18042,15.9687,82088,182558,1,0
6751,0.144209,0.168509,7.19751,49.9093,87056,603681,2,0
6752,0.336975,0.508238,4.70258,13.9551,54631,162122,1,0
6753,0.082553,0.0899812,1.97598,23.9367,21863,264836,1,0
6754,0.470719,0.889355,6.57548,13.969,75902,161247,1,0
6755,0.173425,0.209812,4.49685,25.9293,45498,262349,1,0
6756,0.366103,0.577544,19.7358,53.9079,204680,559077,1,0
6757,0.334147,0.501834,91.3599,273.399,1119042,3348948,2,0
6758,0.395602,0.654538,12.2429,30.9475,133889,338444,1,0
6759,0.345272,0.527352,3.78434,10.9604,38937,112772,1,0
6760,0.250213,0.333711,0.998267,3.98967,10008,39998,1,0
6761,0.194163,0.240945,18.2032,93.7558,211903,1091368,1,0
6762,0.260534,0.352328,2.86249,10.9871,36041,138335,1,0
6763,0.457022,0.841695,10.4828,22.9383,173672,380008,1,0
6765,0.521822,1.09127,12.4895,23.9348,155142,297308,1,0
6766,0.349945,0.53833,192.078,548.848,2311731,6605992,1,0
6767,0.23343,0.304513,2.32788,9.97247,25728,110217,1,0
6768,0.0100728,0.0101753,0.321469,31.9155,3524,349854,1,0
6769,0.232984,0.303753,14.653,62.897,168891,724905,1,0
6770,0.128039,0.14684,5.50113,42.9647,55583,434111,1,0
6771,0.309609,0.448455,4.63209,14.961,48887,157899,1,0
6772,0.395422,0.654046,16.9707,42.9178,234637,593384,1,0
6773,0.306554,0.442073,8.56395,27.9368,96409,314493,1,0
6774,0.444961,0.801676,7.09676,15.9492,71479,160641,1,0
6775,0.170035,0.20487,1.0247,6.02638,10281,60464,1,0
6776,0.221664,0.284792,32.0692,144.675,361318,1630027,1,0
6777,0.184938,0.226901,3.32831,17.9967,42941,232191,1,0
6778,0.580869,1.38589,23.7694,40.92,327048,563032,1,0
6779,0.266693,0.363685,2.65993,9.97376,27132,101735,1,0
6781,0.154824,0.183186,1.69916,10.9746,20674,133532,1,0
6782,0.17299,0.209175,6.72939,38.8999,74441,430320,1,0
6783,0.0752241,0.0813431,0.828037,11.0077,9104,121025,1,0
6784,0.251522,0.336045,9.53118,37.8941,106811,424658,1,0
6785,0.263144,0.357117,158.322,601.664,1598723,6075466,1,0
6786,0.450003,0.818192,16.1525,35.8943,169045,375653,1,0
6787,0.350047,0.538572,17.4547,49.8656,202884,579591,1,0
6788,0.429699,0.753461,7.71988,17.9657,81804,190375,1,0
6789,0.106895,0.119689,1.70696,15.9685,17175,160672,1,0
6790,0.200332,0.250519,1.9978,9.97242,20030,99984,1,0
6791,0.198679,0.24794,12.8874,64.8689,150248,756234,1,0
6792,0.300465,0.429522,19.1989,63.8939,245885,818347,1,0
6793,0.496448,0.985892,8.42161,16.9638,115798,233253,1,0
6794,0.32163,0.474121,4.16709,12.9562,41946,130417,1,0
6795,0.446552,0.806854,7.58477,16.985,95312,213440,1,0
6796,0.0789787,0.0857513,3.30944,41.9023,40214,509175,1,0
6797,0.322046,0.475026,4.49947,13.9714,49160,152649,1,0
6798,0.0805333,0.087587,3.53614,43.9086,38567,478895,1,0
6799,0.540911,1.17822,25.8851,47.8564,343846,635680,1,0
6800,0.167361,0.201001,5.67264,33.8947,57320,342493,1,0
6801,0.369789,0.586771,35.4273,95.8035,373327,1009567,2,0
6802,0.417651,0.717184,32.94,78.87,381849,914277,1,0
6803,0.420874,0.726739,9.23703,21.9472,100835,239585,1,0
6804,0.544969,1.19765,48.3859,88.786,491850,902528,1,0
6805,0.153987,0.182016,1.07823,7.00209,10811,70207,1,0
6806,0.224625,0.289699,6.50027,28.9379,76156,339036,1,0
6807,0.143335,0.167318,2.14347,14.954,28013,195437,1,0
6808,0.312046,0.453585,6.22734,19.9558,115950,371580,1,0
6810,0.496999,0.988066,16.3586,32.9145,190095,382486,2,0
6811,0.226875,0.293452,24.2321,106.79,293597,1294092,1,0
6812,0.379441,0.611451,11.0007,28.9919,123779,326214,1,0
6813,0.0520978,0.0549611,0.467747,8.97837,5106,98008,1,0
6814,0.485574,0.943913,4.84605,9.98022,56194,115727,1,0
6815,0.234557,0.306433,15.2149,64.866,153801,655708,1,0
6816,0.555928,1.25189,12.2104,21.9641,127466,229285,1,0
6817,0.318246,0.466804,45.4097,142.692,608635,1912469,1,0
6818,0.404139,0.678243,37.1,91.7999,403128,997499,1,0
6819,0.419425,0.722429,3.34771,7.98166,34142,81402,1,0
6820,0.426255,0.742935,19.1462,44.9159,222261,521427,1,0
6821,0.286685,0.401906,1.7152,5.98285,17210,60031,1,0
6822,0.0762718,0.0825695,1.29457,16.9725,16827,220619,1,0
6823,0.335107,0.504002,7.00893,20.9151,119823,357566,1,0
6825,0.438548,0.781097,17.0558,38.8911,196292,447595,1,0
6826,0.158713,0.188655,9.82346,61.8957,113767,716810,1,0
6827,0.321889,0.474685,11.2442,34.9322,125493,389864,1,0
6828,0.0232317,0.0237842,0.440408,18.9561,4862,209283,1,0
6829,0.426699,0.744284,35.754,83.7922,416119,975205,1,0
6830,0.179307,0.218482,13.774,76.8183,139267,776698,1,0
6831,0.357651,0.556785,4.63386,12.9564,48540,135719,1,0
6832,0.311826,0.453121,23.6456,75.831,280575,899781,1,0
6833,0.441344,0.79001,23.8044,53.9359,267522,606153,1,0
6834,0.294203,0.416838,2.35068,7.99001,23741,80696,1,0
6835,0.2045,0.257071,5.30245,25.9294,59784,292342,1,0
6836,0.172213,0.20804,1.88943,10.9715,18945,110009,1,0
6837,0.136588,0.158196,1.22794,8.99001,15528,113685,1,0
6838,0.277823,0.384702,5.26393,18.9479,99851,359405,1,0
6839,0.204025,0.25632,3.25479,15.9527,33124,162353,2,0
6840,0.0979855,0.10863,1.36682,13.9491,16995,173444,1,0
6841,0.268327,0.366731,13.6475,50.8603,161806,603018,1,0
6842,0.389476,0.637938,4.66956,11.9895,53324,136912,1,0
6843,0.142862,0.166673,2.70619,18.9431,29327,205282,1,0
6844,0.249045,0.331638,27.5889,110.787,319445,1282679,2,0
6845,0.272807,0.375151,174.466,639.53,1764769,6468930,1,0
6846,0.338033,0.510649,15.5305,45.944,164279,485985,1,0
6847,0.346641,0.530553,19.0172,54.8613,244485,705297,1,0
6848,0.458959,0.848289,19.6898,42.9009,213449,465072,1,0
6849,0.408733,0.691284,6.12609,14.9879,62911,153917,1,0
6850,0.233437,0.304525,12.5731,53.8607,147271,630880,2,0
6851,0.426087,0.742423,2.12379,4.98442,21312,50018,1,0
6852,0.107198,0.120069,1.39016,12.9684,17578,163977,1,0
6853,0.452806,0.827505,6.78008,14.9735,92645,204602,1,0
6854,0.350106,0.538713,1.74479,4.98363,17826,50916,1,0
6855,0.464506,0.867435,16.6938,35.9389,207369,446429,1,0
6856,0.22324,0.287398,4.45353,19.9498,51225,229462,1,0
6857,0.370551,0.588692,3.33071,8.98864,37744,101859,1,0
6858,0.0277769,0.0285705,2.71569,97.763,29747,1070925,1,0
6859,0.248718,0.331059,5.96044,23.9643,66761,268420,1,0
6860,0.147357,0.172823,4.11252,27.9087,41588,282227,1,0
6861,0.423369,0.734212,21.969,51.8898,234072,552879,1,0
6862,0.349389,0.537017,31.7215,90.7927,381263,1091228,1,0
6863,0.478013,0.915758,6.19354,12.9569,62201,130124,1,0
6864,0.405246,0.681368,7.68387,18.9609,77462,191148,1,0
6865,0.195505,0.243016,3.5085,17.9455,40893,209166,1,0
6866,0.364731,0.574136,4.00151,10.9711,40116,109988,1,0
6867,0.44684,0.807794,56.6267,126.73,775523,1735573,1,0
6868,0.223268,0.287446,1.78515,7.9955,18187,81458,1,0
6869,0.497867,0.991505,6.95174,13.9631,81122,162939,1,0
6870,0.287754,0.404009,8.03782,27.9321,91797,319012,1,0
6871,0.329414,0.491234,3.61539,10.9751,41721,126652,1,0
6872,0.0225451,0.0230651,1.2143,53.8646,13262,588243,1,0
6873,0.149116,0.175248,1.33813,8.97373,16052,107648,1,0
6874,0.197026,0.245371,4.33186,21.9863,43766,222133,1,0
6875,0.536254,1.15635,97.3864,181.609,1045321,1949301,1,0
6876,0.359713,0.5618,157.574,437.995,2022481,5622485,1,0
6877,0.320452,0.471567,13.757,42.9304,154755,482927,1,0
6879,0.37321,0.595431,11.9269,31.959,138386,370799,1,0
6880,0.303594,0.435944,6.66521,21.9542,66974,220604,1,0
6881,0.398218,0.661732,13.5221,33.9549,184948,464439,1,0
6882,0.325934,0.483535,1.62582,4.9882,16475,50547,1,0
6883,0.501338,1.00537,7.99993,15.9572,98173,195822,1,0
6884,0.276447,0.382068,6.61192,23.9175,81823,295981,1,0
6885,0.206449,0.260158,1.23354,5.97505,13401,64912,1,0
6886,0.0478821,0.0502901,2.67494,55.8657,29318,612295,1,0
6887,0.324001,0.479292,2.5844,7.97674,33538,103512,1,0
6888,0.256193,0.344435,13.2886,51.8691,134283,524147,1,0
6889,0.250618,0.334433,6.50213,25.9441,69937,279058,1,0
6890,0.281879,0.392523,9.56289,33.9246,111173,394400,1,0
6891,0.465812,0.872001,7.89941,16.9583,85389,183312,2,0
6892,0.436497,0.774614,3.04752,6.98178,30928,70855,1,0
6893,0.292674,0.413776,4.08264,13.9494,47667,162867,1,0
6894,0.271547,0.372772,2.70782,9.9718,27149,99979,1,0
6895,0.216001,0.275513,4.52487,20.9485,89635,414974,1,0
6896,0.192008,0.237636,1.34163,6.98734,13531,70471,1,0
6897,0.313011,0.455628,148.039,472.869,1841719,5883876,1,0
6898,0.285076,0.39875,7.39604,25.9442,89800,315004,1,0
6899,0.267609,0.36539,4.27371,15.9701,49951,186657,1,0
6900,0.0913357,0.100516,1.64128,17.97,18080,197951,1,0
6901,0.217031,0.277189,13.4173,61.8319,156618,721640,1,0
6902,0.187219,0.230344,4.29819,22.958,43498,232337,2,0
6903,0.411652,0.699673,16.8305,40.8856,177894,432147,1,0
6904,0.379877,0.612584,267.215,703.444,3029917,7976038,2,0
6905,0.455951,0.83807,10.4776,22.9797,119471,262026,1,0
6906,0.43415,0.767251,28.5717,65.811,292945,674756,1,0
6907,0.30852,0.446172,2.4611,7.97713,24672,79969,1,0
6908,0.216778,0.276778,5.4032,24.9251,63042,290813,2,0
6909,0.19673,0.244911,0.784928,3.98992,10672,54247,1,0
6910,0.356304,0.553529,3.91387,10.9846,39522,110922,1,0
6911,0.486516,0.947481,52.4168,107.74,608337,1250394,1,0
6912,0.359138,0.560398,96.0333,267.42,1113510,3100507,1,0
6913,0.283486,0.395646,83.7255,295.363,899946,3174572,1,0
6914,0.09724,0.107714,1.06754,10.9784,11732,120650,1,0
6915,0.359459,0.56118,3.58317,9.96822,39864,110900,1,0
6916,0.195244,0.242613,6.43399,32.9536,64517,330443,1,0
6917,0.37666,0.604262,5.64009,14.974,60425,160423,1,0
6918,0.377552,0.60656,54.6161,144.658,616037,1631662,1,0
6919,0.466541,0.874559,11.6391,24.9478,123820,265400,1,0
6920,0.348318,0.53449,33.3658,95.7912,337527,969021,1,0
6921,0.382516,0.619476,20.2267,52.8772,203805,532801,2,0
6922,0.152036,0.179295,6.36831,41.8853,71661,471343,1,0
6923,0.338101,0.510804,5.05684,14.9567,87700,259390,1,0
6924,0.417389,0.716412,8.32367,19.9423,84071,201421,2,0
6925,0.26805,0.366213,1.60363,5.9826,18281,68200,1,0
6926,0.152521,0.17997,5.78281,37.9145,66843,438254,1,0
6928,0.0663816,0.0711015,1.25955,18.9746,13834,208401,1,0
6929,0.26664,0.363587,5.58955,20.9625,64433,241648,1,0
6930,0.14637,0.171468,1.75832,12.0128,17623,120400,1,0
6931,0.298435,0.425385,11.9084,39.9023,127544,427376,1,0
6932,0.38028,0.613632,58.4514,153.698,660266,1736263,1,0
6933,0.274286,0.377953,8.20543,29.9163,92403,336886,1,0
6934,0.569879,1.32493,39.7878,69.8178,401121,703870,1,0
6935,0.371376,0.590777,11.4835,30.9215,115293,310448,1,0
6936,0.183135,0.224193,3.65203,19.9421,41063,224222,1,0
6937,0.353541,0.546889,43.3875,122.719,753668,2131769,2,0
6939,0.396781,0.657772,11.4807,28.9351,140952,355239,1,0
6940,0.341813,0.519325,8.18679,23.9512,98665,288652,1,0
6941,0.380997,0.615501,1.89896,4.98421,21966,57654,1,0
6942,0.0784805,0.0851643,1.56601,19.9539,17187,218997,1,0
6943,0.439482,0.784065,67.9349,154.576,824773,1876692,1,0
6944,0.148184,0.173962,2.81054,18.9666,28408,191708,1,0
6945,0.235557,0.308142,4.70268,19.964,50318,213613,1,0
6946,0.337629,0.509729,24.6162,72.9073,277118,820776,1,0
6947,0.439878,0.785327,11.4132,25.9464,123535,280839,1,0
6948,0.188119,0.231708,3.37467,17.9389,33964,180545,1,0
6949,0.493449,0.974135,41.3828,83.8646,414927,840871,1,0
6950,0.21532,0.274405,2.57533,11.9601,28986,134618,1,0
6951,0.257084,0.346048,3.8502,14.9765,80389,312695,1,0
6953,0.262256,0.355483,2.09678,7.99519,24095,91876,1,0
6954,0.217545,0.278028,2.16994,9.97461,24923,114565,1,0
6955,0.321164,0.47311,23.3819,72.804,268299,835395,1,0
6956,0.0602698,0.0641353,1.62334,26.9355,17850,296168,1,0
6957,0.331021,0.494814,11.8813,35.8921,138983,419862,1,0
6958,0.276598,0.382358,103.759,375.125,1049033,3792624,1,0
6959,0.397108,0.658671,33.2784,83.8011,357649,900635,1,0
6960,0.343371,0.52293,22.6132,65.8561,275768,803120,1,0
6961,0.319671,0.469877,58.034,181.546,656298,2053043,1,0
6962,0.225768,0.291603,4.73166,20.9581,47610,210880,1,0
6963,0.274212,0.377813,3.00814,10.9701,30151,109955,1,0
6964,0.254841,0.341996,3.30419,12.9658,37124,145675,1,0
6965,0.132655,0.152944,1.19154,8.98208,12078,91048,1,0
6966,0.116306,0.131614,6.03401,51.8867,113866,979020,2,0
6967,0.345495,0.527872,24.1376,69.8655,271985,787233,1,0
6968,0.280678,0.390198,9.24257,32.9296,110368,393219,1,0
6969,0.270576,0.370944,3.24023,11.9754,37557,138804,1,0
6970,0.0568606,0.0602886,1.70363,29.9617,18665,328259,1,0
6971,0.29961,0.427775,26.0076,86.8074,299754,1000482,1,0
6972,0.225215,0.290681,3.38006,15.008,34123,151513,1,0
6973,0.399076,0.664104,107.489,269.348,1204691,3018701,2,0
6974,0.458429,0.84648,27.8886,60.8351,302702,660303,1,0
6975,0.459285,0.849404,8.7002,18.9429,87577,190681,1,0
6976,0.363234,0.570436,4.70953,12.9656,47203,129952,1,0
6977,0.142486,0.166161,11.0864,77.8061,124681,875043,1,0
6978,0.270501,0.370803,1.62037,5.99026,16434,60754,1,0
6979,0.339995,0.515141,17.6384,51.8776,298058,876653,1,0
6980,0.296263,0.420986,4.13936,13.9718,46617,157350,1,0
6981,0.232353,0.302682,2.08986,8.99437,24691,106265,1,0
6982,0.330295,0.493194,4.2785,12.9536,48190,145900,1,0
6983,0.0638971,0.0682587,1.27542,19.9601,13966,218570,1,0
6984,0.291168,0.410771,2.90486,9.97651,34476,118406,1,0
6985,0.172479,0.208428,3.95645,22.9387,40013,231988,1,0
6986,0.386796,0.630779,59.8097,154.629,667921,1726804,1,0
6987,0.426774,0.744514,11.0727,25.9451,119997,281172,1,0
6988,0.160282,0.190876,2.08114,12.9843,20933,130601,1,0
6989,0.229239,0.297419,2.05717,8.97391,20618,89941,1,0
6990,0.368269,0.582953,20.9471,56.8816,245567,666814,1,0
6992,0.154519,0.182758,2.62074,16.9622,49459,320084,1,0
6993,0.336678,0.507563,4.03225,11.9766,45538,135257,1,0
6994,0.244153,0.32302,2.92175,11.9667,33460,137045,1,0
6995,0.114009,0.12868,1.5931,13.9734,18733,164311,1,0
6996,0.016025,0.016286,2.23759,139.656,24302,1516504,1,0
6997,0.469616,0.885426,3.74625,7.97712,40657,86575,1,0
6998,0.182923,0.223876,30.8512,168.658,311318,1701903,1,0
6999,0.458397,0.84637,32.9319,71.8424,374772,817571,1,0
7000,0.364587,0.57378,5.45682,14.9671,54944,150702,1,0
7001,0.308598,0.446336,2.76794,8.96942,28158,91245,1,0
7002,0.337739,0.50998,2.36554,7.00404,23711,70205,1,0
7003,0.183538,0.224797,6.97465,38.0012,78387,427089,1,0
7004,0.243703,0.322232,2.43017,9.97188,24653,101160,1,0
7005,0.328557,0.48933,6.22672,18.9521,104562,318246,1,0
7006,0.444952,0.801645,15.0811,33.8931,179958,404444,1,0
7007,0.327648,0.487317,2.29045,6.99033,26377,80504,1,0
7008,0.304926,0.438696,27.6818,90.7804,309882,1016252,1,0
7009,0.057167,0.0606332,1.36978,23.9608,15152,265048,1,0
7010,0.24685,0.327757,8.13323,32.9481,94809,384075,1,0
7011,0.28541,0.399404,5.13147,17.9794,51895,181826,1,0
7012,0.371172,0.590259,159.589,429.966,1811427,4880294,2,0
7013,0.408447,0.690467,41.5709,101.778,451764,1106052,1,0
7014,0.173385,0.209753,1.385,7.98801,14001,80751,1,0
7015,0.519527,1.08128,40.4557,77.8704,405464,780449,1,0
7016,0.189025,0.233084,13.7659,72.82,154584,817795,1,0
7017,0.314884,0.459607,2.51548,7.98859,25408,80690,1,0
7018,0.401554,0.670995,34.051,84.7896,551802,1374166,1,0
7019,0.39571,0.654835,13.0213,32.9063,148751,375909,1,0
7020,0.247974,0.329742,1.48944,6.00646,16495,66519,1,0
7021,0.352825,0.545176,75.3317,213.505,816091,2313021,1,0
7022,0.0919916,0.101311,7.1614,77.8456,78706,855578,1,0
7023,0.356275,0.553459,4.26039,11.9582,47189,132451,1,0
7024,0.20156,0.252442,5.22941,25.9446,52877,262339,1,0
7025,0.414917,0.709159,29.8196,71.8689,437119,1053510,1,0
7026,0.331201,0.495217,3.63253,10.9678,36442,110030,1,0
7027,0.312186,0.45388,2.49397,7.98876,25189,80686,1,0
7028,0.244708,0.323991,1.70936,6.9853,17132,70010,1,0
7029,0.136389,0.157928,10.2082,74.8441,114517,839637,1,0
7030,0.296326,0.421113,3.5523,11.9878,36054,121670,1,0
7031,0.161032,0.19194,2.57066,15.9646,47635,295811,1,0
7033,0.0724985,0.0781653,1.15714,15.9613,13993,193011,2,0
7034,0.290245,0.408936,1.45215,5.00327,15724,54175,1,0
7035,0.0358602,0.037194,1.3587,37.8892,15041,419434,1,0
7036,0.539016,1.16927,5.38337,9.98749,65485,121490,1,0
7037,0.247942,0.329684,4.94472,19.943,50022,201749,1,0
7038,0.353321,0.546363,8.82352,24.973,118351,334967,1,0
7039,0.465657,0.871455,7.44152,15.9808,79841,171459,1,0
7040,0.278604,0.386201,1.66994,5.99391,17162,61600,1,0
7041,0.1139,0.128541,2.0526,18.021,20572,180614,1,0
7042,0.340855,0.517116,24.1406,70.8267,281068,824598,1,0
7043,0.147928,0.173609,0.883876,5.97505,8894,60124,1,0
7044,0.315469,0.460855,6.61799,20.9784,121486,385096,2,0
7045,0.0437705,0.045774,0.786685,17.9723,8812,201323,1,0
7046,0.20609,0.259589,3.49388,16.9528,38752,188034,1,0
7047,0.330061,0.492672,30.3018,91.8069,351909,1066195,1,0
7048,0.137639,0.159607,3.02201,21.956,33253,241596,1,0
7049,0.284555,0.397732,16.4822,57.9159,195723,687821,1,0
7050,0.23504,0.307258,37.2827,158.625,376309,1601043,1,0
7051,0.377897,0.60745,12.8109,33.9004,172723,457064,2,0
7052,0.434148,0.767246,63.6921,146.706,696051,1603258,1,0
7053,0.0527465,0.0556836,0.105709,2.0041,1063,20153,1,0
7054,0.345742,0.528448,24.1409,69.8236,241959,699826,1,0
7055,0.184137,0.225696,4.22644,22.9531,47411,257477,1,0
7056,0.216854,0.276901,1.2961,5.97685,13160,60686,1,0
7057,0.365196,0.57529,75.4004,206.468,1381364,3782524,1,0
7058,0.356431,0.553836,6.04686,16.965,68602,192469,1,0
7059,0.217729,0.27833,3.69629,16.976,44474,204263,1,0
7060,0.276167,0.381534,1.64887,5.97045,17947,64986,1,0
7061,0.0685816,0.0736313,1.98252,28.9076,21754,317199,2,0
7062,0.301596,0.431837,4.20762,13.9512,52900,175400,1,0
7063,0.209848,0.265579,6.90778,32.918,69766,332460,1,0
7064,0.311379,0.452178,11.8084,37.9231,133932,430125,1,0
7065,0.472929,0.897277,15.5641,32.9101,164574,347989,1,0
7066,0.355867,0.552475,3.54328,9.95673,35675,100248,1,0
7067,0.293982,0.416395,6.15674,20.9426,61718,209938,1,0
7068,0.113548,0.128093,1.8133,15.9697,20332,179061,1,0
7070,0.364388,0.573286,6.90992,18.9629,117718,323057,1,0
7071,0.434389,0.768,6.93644,15.9683,85119,195951,1,0
7072,0.279489,0.387903,6.13664,21.9564,70418,251953,1,0
7073,0.196949,0.245251,2.75036,13.9651,32171,163347,1,0
7074,0.0117854,0.0119259,0.987872,83.8182,10777,914437,1,0
7075,0.473289,0.898575,7.0853,14.9702,81995,173245,2,0
7076,0.221583,0.284658,5.95829,26.8897,60333,272282,1,0
7077,0.395069,0.653081,23.6552,59.8762,269725,682729,1,0
7078,0.375574,0.601471,162.628,433.011,1769296,4710913,1,0
7079,0.411208,0.698392,11.0778,26.9395,111888,272096,1,0
7080,0.321381,0.473581,9.29014,28.907,93249,290151,1,0
7081,0.152027,0.179283,2.4277,15.9686,27227,179093,1,0
7082,0.173995,0.210647,1.0436,5.9979,10601,60927,1,0
7083,0.248754,0.331122,4.96333,19.9518,87101,350149,1,0
7084,0.326128,0.483961,9.7676,29.9506,112033,343525,1,0
7085,0.312135,0.453773,25.5351,81.81,302018,967588,1,0
7086,0.45268,0.827084,17.1565,37.8998,194057,428685,1,0
7087,0.0864587,0.0946412,1.37898,15.9499,15139,175101,1,0
7088,0.276126,0.381456,5.51699,19.9799,63467,229848,1,0
7089,0.310074,0.449431,8.66261,27.9371,87555,282368,1,0
7090,0.363572,0.571269,58.0325,159.63,720057,1980509,1,0
7091,0.402097,0.672513,5.20791,12.952,56553,140645,1,0
7092,0.296902,0.422277,322.902,1087.59,3254469,10961427,2,0
7093,0.180055,0.219594,31.2624,173.618,350353,1945811,1,0
7094,0.270779,0.371326,1.89034,6.98114,18948,69976,1,0
7096,0.315076,0.460016,5.03328,15.974,89653,284544,1,0
7097,0.235636,0.308278,1.88009,7.97889,21347,90593,2,0
7098,0.223522,0.287867,2.23521,9.99981,26366,117957,1,0
7099,0.317645,0.465512,13.6294,42.907,147032,462882,1,0
7100,0.0677672,0.0726934,4.26189,62.8903,46713,689316,1,0
7101,0.191136,0.236301,8.39412,43.9141,97542,510329,1,0
7102,0.280473,0.389802,10.0781,35.9323,101711,362641,1,0
7103,0.324051,0.479402,28.7856,88.8274,326809,1008510,4,0
7104,0.385533,0.627427,10.7736,27.9446,117475,304708,1,0
7105,0.288726,0.405929,1.43994,4.98722,14488,50179,1,0
7106,0.336289,0.506681,5.03132,14.9613,50813,151099,1,0
7107,0.155704,0.184419,11.8095,75.8445,132184,848944,1,0
7108,0.218288,0.279243,1.30687,5.98693,13273,60805,1,0
7109,0.399051,0.664035,9.96311,24.9655,174359,436934,1,0
7110,0.0689791,0.0740898,2.95999,42.9141,33900,491453,1,0
7111,0.276328,0.381842,4.13617,14.9684,48064,173938,1,0
7112,0.379853,0.612521,11.3769,29.951,129283,340350,1,0
7113,0.068009,0.0729717,1.76486,25.951,19324,284139,1,0
7114,0.364238,0.572916,4.72601,12.9753,53001,145512,1,0
7115,0.130776,0.150451,1.57487,12.0425,15784,120695,1,0
7116,0.370211,0.587834,22.5303,60.8575,301580,814616,1,0
7117,0.426132,0.74256,11.9058,27.9387,129893,304819,1,0
7118,0.0962603,0.106513,3.07568,31.9515,30932,321337,1,0
7119,0.273907,0.377235,2.73932,10.0009,27663,100994,1,0
7120,0.159513,0.189786,5.24837,32.9014,58719,368115,1,0
7121,0.182386,0.223071,1.27289,6.9791,12931,70899,1,0
7122,0.271448,0.372586,34.9502,128.746,587569,2164572,1,0
7123,0.125217,0.143141,1.00111,7.99483,11466,91569,1,0
7124,0.240713,0.317025,2.64356,10.9823,30856,128186,1,0
7125,0.387893,0.6337,4.63916,11.9599,52587,135571,1,0
7126,0.0466549,0.0489381,4.37594,93.7919,48131,1031639,1,0
7127,0.305393,0.439664,4.86169,15.9195,62230,203770,1,0
7128,0.216007,0.275522,4.30991,19.9527,43489,201331,1,0
7129,0.454314,0.832555,19.488,42.8965,247765,545361,2,0
7130,0.451397,0.822812,18.4516,40.8774,201050,445395,1,0
7131,0.237109,0.310803,270.652,1141.44,2725988,11496765,1,0
7132,0.341905,0.519539,25.5633,74.7714,295765,865049,2,0
7133,0.155313,0.183871,3.56218,22.9355,35722,230000,1,0
7134,0.157741,0.187284,1.25987,7.98691,12778,81006,1,0
7135,0.370071,0.587481,7.74789,20.9359,140405,379400,1,0
7136,0.0984621,0.109216,1.57186,15.9639,17952,182324,1,0
7137,0.302099,0.432868,4.82317,15.9657,57806,191348,1,0
7138,0.252556,0.337892,3.27606,12.9719,35899,142143,1,0
7139,0.00429818,0.00431674,0.454555,105.755,4941,1149556,1,0
7140,0.309715,0.448677,7.72983,24.9582,90469,292104,1,0
7141,0.25157,0.33613,5.77525,22.9566,58282,231673,1,0
7142,0.468672,0.882077,30.8751,65.8788,342797,731422,1,0
7143,0.520007,1.08336,11.9374,22.9563,127916,245989,1,0
7144,0.0312634,0.0322724,0.0941805,3.01248,947,30291,1,0
7145,0.181132,0.221199,8.498,46.916,95032,524655,1,0
7146,0.427248,0.745957,26.8442,62.8304,269142,629943,1,0
7147,0.453403,0.8295,16.2876,35.9229,165560,365150,1,0
7148,0.419654,0.72311,5.43362,12.9481,98361,234386,1,0
7149,0.0465521,0.048825,0.603784,12.9704,6821,146524,1,0
7150,0.256558,0.345094,2.30268,8.97537,27357,106631,1,0
7151,0.274126,0.37765,94.0939,343.258,1096746,4000882,1,0
7152,0.0183168,0.0186586,0.511953,27.9493,5653,308623,1,0
7153,0.371035,0.589913,3.33393,8.9855,36436,98201,1,0
7154,0.245061,0.32461,17.5977,71.809,178048,726546,1,0
7155,0.366185,0.577748,10.9625,29.9376,156918,428521,1,0
7156,0.448518,0.813296,15.2071,33.9056,164799,367430,1,0
7157,0.371203,0.590338,2.96993,8.00083,30426,81966,1,0
7158,0.21101,0.267443,6.10823,28.9472,68279,323582,2,0
7159,0.20618,0.259731,1.43942,6.98138,14433,70002,1,0
7160,0.343945,0.524262,3.08676,8.97462,31354,91160,1,0
7161,0.347613,0.532833,16.2908,46.8629,286427,823982,1,0
7162,0.39886,0.663507,26.2809,65.8909,302611,758689,1,0
7163,0.313664,0.457012,17.5245,55.8719,205496,655147,1,0
7164,0.346329,0.529821,16.5881,47.8966,178838,516382,1,0
7165,0.0140573,0.0142577,0.533117,37.9255,5813,413523,1,0
7166,0.505484,1.02218,10.1042,19.9894,133045,263203,1,0
7167,0.279859,0.388616,27.9314,99.8067,282434,1009202,1,0
7168,0.444818,0.801212,1235.83,2777.75,13792679,31007446,2,0
7169,0.412354,0.701704,9.88124,23.9629,107139,259823,1,0
7170,0.17798,0.216515,1.24702,7.00654,12541,70463,1,0
7171,0.16155,0.192677,13.7068,84.846,153104,947719,2,0
7172,0.44015,0.786192,6.14244,13.9553,61654,140075,1,0
7173,0.43423,0.767503,11.2566,25.9231,114325,263282,1,0
7174,0.352214,0.54372,80.1257,227.502,1405434,3990281,1,0
7175,0.451995,0.824799,9.90938,21.9238,115900,256419,1,0
7176,0.492192,0.969248,4.41492,8.96977,52541,106749,1,0
7177,0.212822,0.270361,2.33298,10.962,27012,126923,1,0
7178,0.213294,0.271123,18.5153,86.8091,204580,959146,1,0
7179,0.420627,0.726004,3.35286,7.97106,41041,97571,1,0
7180,0.182583,0.223365,4.37058,23.9374,44227,242230,1,0
7181,0.371988,0.592326,226.775,609.586,3212561,8636194,1,0
7182,0.375886,0.60227,6.36672,16.9379,63984,170222,1,0
7183,0.253776,0.34008,7.60389,29.963,76586,301786,1,0
7184,0.208327,0.263147,1.8691,8.97195,20896,100304,2,0
7185,0.364117,0.572617,5.4448,14.9534,54638,150056,1,0
7186,0.170344,0.205319,1.35892,7.97753,13679,80302,1,0
7187,0.208333,0.263158,3.32028,15.9376,82080,393984,1,0
7189,0.228679,0.296477,10.4943,45.8913,121816,532695,1,0
7190,0.238878,0.313849,1.4269,5.97332,15367,64330,1,0
7191,0.0459003,0.0481085,1.69485,36.9242,18625,405771,1,0
7192,0.337609,0.509683,23.5766,69.8333,260810,772520,1,0
7193,0.220451,0.282793,4.84157,21.9621,48859,221632,1,0
7194,0.350172,0.538868,12.929,36.9218,180253,514756,2,0
7195,0.292179,0.412787,5.82648,19.941,63693,217993,1,0
7196,0.355001,0.550389,3.55344,10.0097,36007,101428,1,0
7197,0.22904,0.297084,12.8055,55.9085,142845,623668,2,0
7198,0.279126,0.387206,3.06427,10.9781,30736,110115,1,0
7200,0.460106,0.852216,7.80667,16.9668,136819,297364,1,0
7201,0.406887,0.686018,6.89149,16.9373,77660,190864,1,0
7202,0.191576,0.236974,2.67293,13.9517,30946,161534,1,0
7203,0.381978,0.618066,3.43181,8.98423,39555,103553,1,0
7204,0.0141792,0.0143831,0.48097,33.9208,5307,374281,1,0
7205,0.426494,0.743661,10.6299,24.9205,159226,373337,2,0
7206,0.266534,0.363389,4.7875,17.9621,48386,181538,1,0
7207,0.215482,0.274668,6.66767,30.9432,80517,373660,1,0
7208,0.40629,0.684323,10.1319,24.9377,109504,269522,2,0
7209,0.532771,1.14028,164.799,309.326,1657600,3111283,1,0
7210,0.275217,0.379724,3.29905,11.9871,36826,133807,1,0
7212,0.321964,0.474849,7.06808,21.9523,113070,351188,1,0
7213,0.342788,0.52158,4.45276,12.9899,50647,147750,1,0
7214,0.236949,0.310529,4.95521,20.9124,58735,247880,1,0
7215,0.15746,0.186888,5.18774,32.946,55794,354337,1,0
7216,0.0224757,0.0229925,0.44824,19.943,4857,216100,1,0
7217,0.259749,0.350893,4.40057,16.9418,55593,214026,1,0
7218,0.200759,0.251187,11.0167,54.8754,111431,555048,1,0
7219,0.272809,0.375154,79.4819,291.347,958489,3513413,1,0
7220,0.262763,0.356415,10.4906,39.924,114359,435218,1,0
7221,0.179617,0.218944,1.79103,9.97138,18067,100586,1,0
7222,0.137217,0.159041,44.3596,323.268,493313,3595120,1,0
7223,0.316285,0.462597,2.2114,6.99182,22454,70993,1,0
7224,0.362565,0.568788,10.8557,29.9411,173780,479307,1,0
7225,0.112525,0.126792,3.03367,26.9599,33629,298858,1,0
7226,0.236087,0.309049,2.35496,9.9748,27200,115212,1,0
7227,0.339984,0.515115,5.08501,14.9567,57918,170355,1,0
7228,0.00430225,0.00432084,0.180376,41.9257,1959,455343,1,0
7229,0.497411,0.989697,5.46142,10.9795,71467,143678,2,0
7230,0.263876,0.358467,5.7942,21.958,58504,221710,1,0
7231,0.277733,0.38453,9.41999,33.9178,113747,409555,1,0
7232,0.378991,0.610281,7.56847,19.97,82424,217483,1,0
7233,0.264884,0.36033,3.17332,11.98,32185,121506,1,0
7234,0.291455,0.411344,4.65519,15.9721,51601,177046,1,0
7235,0.337537,0.509519,2.35424,6.97475,23658,70090,1,0
7236,0.228946,0.296926,5.93808,25.9391,122742,536118,1,0
7237,0.151216,0.178155,1.20958,7.99904,13641,90209,2,0
7238,0.237102,0.310791,5.67218,23.9226,65338,275569,1,0
7239,0.353981,0.547942,13.4088,37.8827,150279,424540,1,0
7240,0.00376612,0.00378036,0.191692,50.899,2078,551761,1,0
7241,0.46509,0.869474,3.71725,7.99243,45177,97136,1,0
7242,0.154139,0.182227,7.53534,48.8865,76276,494852,1,0
7243,0.358073,0.557809,267.948,748.301,3056409,8535724,1,0
7244,0.422357,0.731172,6.74061,15.9597,73088,173048,1,0
7245,0.226457,0.292752,1.80851,7.98608,18290,80766,1,0
7246,0.322579,0.476188,11.2591,34.9035,125724,389746,1,0
7247,0.198167,0.247142,1.77858,8.97512,18007,90868,1,0
7248,0.261275,0.353684,39.609,151.635,732231,2802529,1,0
7249,0.0800574,0.0870244,1.91718,23.9479,23137,289005,1,0
7250,0.337706,0.509903,8.42346,24.9433,97958,290069,1,0
7251,0.0217545,0.0222383,0.369005,16.9626,3994,183594,1,0
7252,0.24515,0.324767,9.54182,38.9221,119104,485841,1,0
7253,0.138572,0.160863,3.73282,26.9376,37788,272696,1,0
7254,0.249548,0.33253,12.9429,51.8634,156341,626497,2,0
7255,0.34516,0.52709,39.9592,115.77,435712,1262349,1,0
7256,0.539185,1.17007,5.9266,10.9918,59622,110578,1,0
7257,0.264501,0.359621,7.39251,27.9487,82378,311447,1,0
7259,0.335038,0.503846,4.34808,12.9789,82728,246921,1,0
7260,0.287171,0.402862,23.7867,82.8334,273618,952804,1,0
7261,0.344791,0.52623,5.51307,15.9895,63236,183404,1,0
7262,0.0926457,0.102105,2.40583,25.9684,26495,285982,1,0
7263,0.405941,0.683336,8.10754,19.9719,98386,242365,1,0
7264,0.222436,0.286068,5.99939,26.9713,60599,272433,1,0
7265,0.388315,0.634829,18.2038,46.8781,239907,617815,1,0
7266,0.364932,0.574635,5.83543,15.9905,63400,173731,1,0
7267,0.453888,0.831127,16.7481,36.899,169919,374363,1,0
7268,0.319566,0.46965,8.94287,27.9836,104709,327660,1,0
7269,0.48715,0.949889,19.4435,39.9127,197498,405415,1,0
7270,0.338196,0.511022,5.40139,15.9705,120060,355001,1,0
7271,0.27031,0.370445,2.16236,7.99947,25507,94362,1,0
7272,0.254905,0.34211,1.78122,6.98782,19412,76154,1,0
7273,0.019811,0.0202115,2.96513,149.666,32744,1652815,2,0
7274,0.292439,0.413307,9.33914,31.9355,111799,382298,1,0
7275,0.211962,0.268975,49.6962,234.456,503076,2373420,2,0
7276,0.272292,0.374178,24.9996,91.8134,301937,1108872,1,0
7277,0.493914,0.97595,1040.45,2106.45,11377038,23034433,1,0
7278,0.413857,0.706069,29.3201,70.8457,295597,714249,1,0
7279,0.177533,0.215854,4.42951,24.9503,49405,278287,1,0
7281,0.532099,1.13721,27.6243,51.9172,488259,917609,1,0
7282,0.235927,0.308775,2.35207,9.96972,27967,118541,1,0
7283,0.280551,0.389953,9.79282,34.9059,105090,374584,1,0
7284,0.089258,0.0980058,3.11755,34.9226,34288,384145,1,0
7285,0.356439,0.553854,4.625,12.9753,53103,148982,1,0
7286,0.175453,0.212788,24.6822,140.676,249586,1422521,1,0
7287,0.251891,0.336703,18.0949,71.8381,218613,867889,2,0
7288,0.342707,0.521393,7.52873,21.9685,81977,239204,1,0
7289,0.365498,0.576039,4.36551,11.9439,44643,122143,1,0
7290,0.225154,0.29058,4.72173,20.9717,52592,233582,1,0
7292,0.304728,0.438285,5.17014,16.9673,107212,351829,1,0
7293,0.18665,0.229483,6.14755,32.9367,71858,384988,1,0
7294,0.159465,0.189719,1.59226,9.98506,17287,108406,1,0
7295,0.0264379,0.0271559,1.58247,59.8565,17454,660188,2,0
7296,0.36661,0.578806,4.75787,12.978,61813,168607,1,0
7297,0.202022,0.253167,15.9223,78.8135,160837,796137,1,0
7298,0.333456,0.500277,14.6505,43.9348,167187,501376,1,0
7299,0.455741,0.837361,12.741,27.9564,137524,301759,1,0
7300,0.248878,0.331341,1.24285,4.99377,12697,51017,1,0
7301,0.361354,0.565813,5.41299,14.9797,60284,166828,1,0
7302,0.225709,0.291504,1.8048,7.99614,18319,81162,1,0
7303,0.229263,0.29746,5.49107,23.9508,114468,499286,1,0
7304,0.250561,0.334331,4.00145,15.9698,46135,184127,1,0
7305,0.281062,0.390941,5.3277,18.9552,57805,205666,1,0
7306,0.00994227,0.0100421,0.317233,31.9094,3510,353038,1,0
7307,0.23468,0.306643,3.98013,16.9601,49735,211927,1,0
7308,0.262509,0.355948,29.8725,113.796,302200,1151200,2,0
7309,0.256288,0.344607,12.2704,47.8768,148285,578587,4,0
7310,0.296677,0.421821,7.69373,25.9328,84028,283231,1,0
7311,0.500513,1.00205,33.4386,66.8081,336360,672031,1,0
7312,0.33055,0.493763,5.6045,16.9551,61828,187046,1,0
7313,0.290114,0.408678,2.31841,7.99145,23566,81230,1,0
7314,0.419885,0.723795,7.9602,18.9579,143095,340796,1,0
7315,0.276836,0.382813,4.97287,17.9628,58614,211728,1,0
7316,0.36277,0.569291,5.06434,13.9604,57614,158817,1,0
7317,0.0166061,0.0168865,0.596444,35.9161,6592,396963,1,0
7318,0.26948,0.368887,15.3342,56.9032,177669,659304,1,0
7319,0.130064,0.149509,3.11469,23.9475,31523,242366,4,0
7320,0.380241,0.613529,15.9363,41.9111,208846,549247,1,0
7321,0.414639,0.708346,12.004,28.9508,123061,296791,1,0
7322,0.25328,0.33919,6.06815,23.9583,61027,240947,1,0
7323,0.254973,0.342233,3.31013,12.9825,36430,142878,1,0
7324,0.257656,0.347084,1.54574,5.99924,15692,60903,1,0
7325,0.286887,0.402303,13.7337,47.8784,283353,987680,1,0
7326,0.222858,0.286767,3.5578,15.9642,41498,186208,1,0
7327,0.340675,0.516704,9.85477,28.927,113819,334098,1,0
7328,0.0504076,0.0530834,2.21319,43.9047,24439,484828,1,0
7329,0.278617,0.386226,2.22264,7.97728,26049,93494,1,0
7330,0.133977,0.154704,4.14434,30.9333,41908,312800,2,0
7331,0.424783,0.738473,45.783,107.78,516282,1215403,1,0
7332,0.270173,0.370188,3.23362,11.9685,35323,130742,1,0
7333,0.299914,0.428397,1.79586,5.98785,18236,60804,1,0
7334,0.253362,0.339337,6.31711,24.9333,69559,274544,1,0
7335,0.303282,0.435301,3.02308,9.96789,30613,100939,1,0
7336,0.414753,0.70868,93.1099,224.489,1626405,3921383,1,0
7337,0.175031,0.212167,6.28867,35.9263,75194,429604,1,0
7338,0.230515,0.299571,8.50925,36.9137,91113,395258,1,0
7339,0.0125318,0.0126909,0.287661,22.9541,3180,253754,1,0
7341,0.165971,0.198999,6.62237,39.9008,67028,403854,2,0
7342,0.353906,0.547763,46.9507,132.662,533320,1506953,2,0
7343,0.323545,0.478295,22.5974,69.8406,246599,762178,1,0
7344,0.41588,0.711976,11.2091,26.9529,112735,271076,1,0
7345,0.347766,0.533193,20.816,59.8574,228511,657082,1,0
7347,0.239835,0.315504,5.26558,21.9557,95866,399716,1,0
7348,0.265672,0.361789,6.89292,25.9451,80722,303841,1,0
7349,0.213145,0.270881,3.82947,17.967,40957,192156,1,0
7350,0.044405,0.0464684,2.87956,64.8515,31714,714199,2,0
7351,0.26193,0.354885,2.87548,10.9781,36551,139545,1,0
7352,0.207193,0.261341,31.0082,149.658,313905,1515035,1,0
7353,0.321669,0.474206,93.4087,290.383,1084319,3370916,1,0
7354,0.40774,0.688447,3.6602,8.97678,39974,98038,1,0
7355,0.478983,0.919324,2.86932,5.99041,29525,61641,1,0
7356,0.328374,0.488923,15.7186,47.8689,177157,539498,1,0
7357,0.330855,0.494445,4.2882,12.961,43211,130604,1,0
7358,0.409061,0.692223,114.685,280.371,2004721,4900784,1,0
7359,0.315677,0.461299,5.36296,16.9881,62345,197496,1,0
7360,0.312594,0.454744,3.43222,10.9798,36646,117232,1,0
7361,0.137765,0.159777,5.91537,42.9379,64413,467557,1,0
7362,0.356082,0.552994,5.32701,14.9606,64682,181649,1,0
7363,0.199063,0.248538,3.96871,19.9369,39776,199816,1,0
7364,0.386288,0.629429,20.0328,51.8589,225213,583018,1,0
7365,0.358574,0.559027,86.5935,241.494,868731,2422736,1,0
7366,0.467625,0.878375,42.9272,91.7987,435783,931907,1,0
7368,0.35462,0.549475,27.5964,77.8196,501043,1412900,1,0
7369,0.169398,0.203946,3.3795,19.9507,40622,239802,1,0
7370,0.0516345,0.0544458,1.13373,21.9569,12091,234165,2,0
7371,0.0311531,0.0321548,0.715233,22.9589,7896,253458,1,0
7372,0.311888,0.453251,3.42497,10.9813,40580,130111,1,0
7373,0.199272,0.248864,3.38042,16.9638,34180,171524,1,0
7374,0.358105,0.557888,11.7934,32.9329,133175,371888,1,0
7375,0.4023,0.673079,15.2551,37.9206,166025,412690,1,0
7376,0.483735,0.93699,11.5845,23.9482,117106,242087,1,0
7378,0.300268,0.429118,17.9789,59.8807,313239,1043199,1,0
7379,0.388936,0.636489,8.15033,20.9556,96029,246902,1,0
7380,0.208079,0.262752,4.98332,23.9486,58160,279509,1,0
7381,0.0114383,0.0115707,0.365271,31.9345,3956,345855,1,0
7382,0.239336,0.314641,4.065,16.9841,47905,200158,2,0
7383,0.226498,0.292822,18.082,79.8329,182904,807529,1,0
7384,0.342705,0.521387,19.141,55.8536,220530,643498,1,0
7385,0.388787,0.63609,11.6428,29.9461,126886,326364,1,0
7386,0.141298,0.164548,7.33005,51.877,73684,521480,1,0
7387,0.191504,0.236864,2.67339,13.9599,26980,140885,1,0
7388,0.465565,0.871136,9.7438,20.9284,169213,363457,1,0
7389,0.358884,0.55978,7.16378,19.9616,85751,238938,1,0
7390,0.270275,0.37038,8.10202,29.9765,88069,325849,1,0
7391,0.0397763,0.0414239,1.38915,34.9246,15324,385255,1,0
7392,0.400176,0.667155,2.40031,5.99821,27306,68235,1,0
7393,0.222243,0.285749,9.97681,44.8914,100721,453202,1,0
7394,0.334408,0.502422,39.284,117.475,451199,1349246,1,0
7395,0.317034,0.464201,43.029,135.724,472297,1489738,2,0
7396,0.321522,0.473887,2.24102,6.96999,23029,71625,1,0
7398,0.300428,0.429446,30.5807,101.781,539105,1794454,2,0
7399,0.289368,0.407199,9.82881,33.9663,116904,403997,1,0
7400,0.257648,0.347069,2.83032,10.9853,30338,117750,1,0
7401,0.0486423,0.0511293,5.24212,107.763,57041,1172663,1,0
7402,0.451836,0.824273,5.85824,12.9652,67428,149231,1,0
7403,0.299421,0.427391,6.87362,22.9563,68966,230331,1,0
7404,0.379356,0.611229,24.2175,63.8392,281133,741080,1,0
7405,0.470054,0.886986,8.43961,17.9546,90862,193301,1,0
7406,0.22897,0.296966,5.93841,25.9357,59719,260816,1,0
7407,0.381392,0.616533,4.18776,10.9802,42222,110705,1,0
7408,0.480735,0.9258,15.8241,32.9155,254856,530138,1,0
7409,0.270094,0.37004,4.58019,16.9573,52902,195865,1,0
7410,0.246853,0.327763,2.21326,8.96583,23947,97009,1,0
7411,0.103938,0.115994,1.03784,9.98549,11303,108748,1,0
7412,0.511914,1.04882,20.4294,39.9089,264683,517046,1,0
7413,0.199989,0.249983,25.94,129.706,262259,1311365,1,0
7414,0.361717,0.566703,14.0756,38.9125,163397,451726,1,0
7415,0.337972,0.51051,4.71957,13.9646,51537,152489,1,0
7416,0.623162,1.65366,7.46607,11.9809,75736,121535,1,0
7418,0.495919,0.983809,53.9241,108.737,905280,1825459,1,0
7419,0.241114,0.31772,12.5131,51.8954,149450,619832,1,0
7420,0.27521,0.37971,4.11639,14.9573,44229,160710,1,0
7421,0.0610278,0.0649942,2.13103,34.9185,23164,379565,1,0
7422,0.397284,0.659157,8.31634,20.9317,97109,244432,1,0
7423,0.198983,0.248412,1.38937,6.98235,13925,69981,1,0
7424,0.386467,0.629905,135.747,351.259,1731428,4480141,1,0
7425,0.349788,0.53796,55.149,157.664,604824,1729116,2,0
7426,0.205938,0.259347,74.9967,364.173,755169,3666980,1,0
7427,0.413176,0.704089,6.17751,14.9514,106402,257522,1,0
7428,0.296798,0.422067,96.5356,325.268,1133799,3820100,1,0
7429,0.223964,0.288599,24.5781,109.725,262791,1173365,1,0
7430,0.0176668,0.0179845,2.25663,127.729,24477,1385481,1,0
7431,0.101812,0.113353,1.83001,17.9754,23174,227615,1,0
7432,0.194881,0.242052,4.47083,22.9413,45202,231947,1,0
7433,0.348367,0.534606,8.69135,24.9486,112347,322496,1,0
7434,0.376716,0.604404,6.39702,16.9811,64308,170707,1,0
7435,0.179061,0.218118,4.64351,25.9326,46699,260799,1,0
7436,0.30255,0.433795,4.83352,15.9758,82163,271568,1,0
7437,0.272016,0.373657,4.88924,17.9745,57004,209561,1,0
7438,0.235224,0.307572,6.33933,26.9498,67526,287071,1,0
7439,0.185131,0.227192,95.9017,517.874,1039419,5614491,1,0
7440,0.545577,1.20059,121.379,222.475,1589526,2913478,2,0
7441,0.179577,0.218884,3.05091,16.9894,30890,172015,1,0
7442,0.393861,0.649787,39.3109,99.8077,532487,1351966,1,0
7443,0.428408,0.749499,9.40424,21.9514,101824,237680,1,0
7444,0.293819,0.416067,7.03884,23.9563,70932,241414,2,0
7445,0.337427,0.509267,17.8398,52.8703,293892,870980,1,0
7446,0.257777,0.347303,7.70636,29.8963,89226,346137,1,0
7447,0.295045,0.41853,28.2638,95.794,328290,1112679,1,0
7448,0.024827,0.0254591,0.594944,23.9615,6480,261006,1,0
7449,0.469033,0.883358,25.2694,53.8725,302240,644389,1,0
7450,0.144933,0.169499,4.04131,27.8841,40797,281488,1,0
7451,0.283195,0.395079,11.0224,38.9223,151166,533788,1,0
7452,0.352948,0.545471,8.80682,24.952,92472,261999,1,0
7453,0.466692,0.875089,11.6347,24.9302,119006,254999,1,0
7454,0.122744,0.139918,2.57166,20.9489,46412,378120,1,0
7455,0.226228,0.29237,3.83075,16.9338,45727,202128,1,0
7456,0.320075,0.47075,2.23377,6.97869,25847,80753,2,0
7457,0.0684585,0.0734895,8.53944,124.743,92736,1354631,1,0
7458,0.233363,0.304399,3.4923,14.966,41737,178850,1,0
7459,0.285838,0.400242,371.939,1301.1,3758928,13150569,1,0
7460,0.354402,0.548951,73.2072,206.568,983548,2775233,1,0
7461,0.434333,0.767825,6.49798,14.9607,69512,160043,1,0
7462,0.0908501,0.0999286,0.361883,3.98329,3639,40055,1,0
7463,0.247762,0.329367,2.7203,10.9794,46199,186465,1,0
7464,0.201681,0.252633,2.00767,9.95451,23701,117517,1,0
7465,0.340101,0.515384,16.9753,49.9125,188249,553509,1,0
7466,0.163442,0.195375,1.79484,10.9813,19558,119663,2,0
7467,0.405409,0.681828,5.66346,13.9697,65733,162140,1,0
7468,0.268098,0.366303,87.2081,325.286,882506,3291733,2,0
7469,0.452153,0.825327,22.123,48.9286,296185,655055,1,0
7470,0.351832,0.54281,67.4102,191.6,735262,2089809,2,0
7471,0.44089,0.788557,140.34,318.313,1424340,3230601,1,0
7472,0.26025,0.351809,15.5833,59.8775,264163,1015034,1,0
7473,0.203777,0.255929,3.25419,15.9693,38641,189624,1,0
7474,0.0737761,0.0796526,1.32425,17.9482,15500,210095,1,0
7475,0.0423764,0.0442517,1.60699,37.9217,17436,411455,1,0
7476,0.293959,0.416348,2.05198,6.98058,23064,78460,1,0
7477,0.216403,0.276166,3.668,16.9497,37048,171199,1,0
7478,0.255231,0.342698,19.6056,76.815,269032,1054073,1,0
7479,0.426702,0.744294,12.7731,29.9345,137649,322588,1,0
7480,0.16957,0.204196,2.86982,16.9241,28945,170696,1,0
7481,0.232189,0.302403,3.4775,14.9776,58998,254095,1,0
7482,0.144269,0.168592,1.43791,9.96718,16782,116324,1,0
7483,0.254578,0.341521,9.39942,36.9205,108043,424401,1,0
7484,0.0588331,0.0625108,5.28266,89.7882,57296,973874,2,0
7485,0.288858,0.406189,5.19193,17.9741,60447,209262,1,0
7486,0.17585,0.213372,5.08793,28.9333,51511,292925,1,0
7487,0.395168,0.653352,72.9383,184.572,979384,2478398,2,0
7488,0.408217,0.689808,5.69642,13.9544,62071,152054,1,0
7489,0.26132,0.353766,7.30038,27.9366,73410,280920,1,0
7490,0.277797,0.384652,3.60275,12.9684,60975,219495,1,0
7491,0.219237,0.280799,5.68605,25.9361,66157,301760,1,0
7492,0.117373,0.132981,2.92763,24.9425,31165,265521,1,0
7493,0.0460764,0.048302,6.43551,139.674,69659,1511816,2,0
7494,0.139703,0.16239,1.3909,9.95585,15877,113648,1,0
7495,0.148655,0.174612,9.34404,62.8577,94610,636440,1,0
7496,0.392735,0.646726,16.078,40.938,216987,552503,1,0
7497,0.398476,0.662445,7.16067,17.9702,76311,191507,1,0
7498,0.320975,0.472699,2.24541,6.9956,22578,70342,1,0
7499,0.363907,0.572098,38.108,104.712,683685,1878733,2,0
7500,0.16357,0.195557,5.05868,30.9276,59186,361839,1,0
7501,0.204597,0.257225,2.03916,9.9668,22314,109063,2,0
7502,0.0359821,0.0373251,2.58626,71.878,27971,777359,1,0
7503,0.552335,1.23381,8.80617,15.9435,132223,239389,1,0
7504,0.175836,0.213351,1.75174,9.96237,17716,100753,1,0
7505,0.415958,0.712206,46.0492,110.711,620085,1490739,1,0
7506,0.444961,0.801675,33.7529,75.8557,367555,826039,1,0
7507,0.146418,0.171534,1.90054,12.9803,19113,130537,1,0
7508,0.363713,0.571618,23.616,64.9304,423237,1163656,2,0
7509,0.240027,0.315837,3.10968,12.9554,37012,154199,1,0
7510,0.130751,0.150418,1.30328,9.96769,15224,116435,1,0
7511,0.0766466,0.0830089,2.3717,30.9444,25757,336049,1,0
7512,0.284845,0.398298,4.5472,15.9631,53501,187825,2,0
7513,0.301247,0.43112,21.042,69.85,212549,705565,1,0
7514,0.421415,0.728353,19.7566,46.8824,260044,617074,1,0
7515,0.329364,0.491122,4.92375,14.9493,49453,150147,1,0
7516,0.5198,1.08247,157.676,303.337,1607235,3092025,1,0
7517,0.458941,0.848226,7.32327,15.9572,124344,270937,1,0
7518,0.158561,0.188441,1.42193,8.96791,16726,105486,1,0
7519,0.124906,0.142734,1.99531,15.9744,21317,170665,1,0
7520,0.0446924,0.0467832,2.72085,60.8805,29405,657942,2,0
7521,0.497985,0.991973,15.9009,31.9307,207486,416651,1,0
7522,0.23357,0.30475,4.42907,18.9627,44726,191489,1,0
7523,0.343182,0.522491,14.3795,41.9016,194536,566860,1,0
7524,0.315318,0.460532,5.66663,17.9707,61441,194854,1,0
7525,0.547792,1.21137,15.8605,28.9536,160933,293785,1,0
7526,0.432618,0.762481,19.8522,45.889,336174,777069,1,0
7527,0.123952,0.141489,7.54415,60.8647,89952,725703,1,0
7528,0.318261,0.466836,1.905,5.98574,21995,69110,1,0
7529,0.0248782,0.0255129,10.6734,429.066,115205,4630769,2,0
7530,0.381193,0.616013,3.80275,9.9758,42102,110448,1,0
7531,0.256625,0.345216,11.7738,45.8786,119063,463957,1,0
7532,0.475741,0.907454,971.152,2041.28,13070108,27473167,4,0
7533,0.359474,0.561216,9.68311,26.937,97399,270949,1,0
7534,0.237388,0.311283,3.79158,15.9721,38262,161179,1,0
7535,0.520023,1.08343,9.85931,18.96,166908,320963,1,0
7536,0.152198,0.179521,2.43303,15.9869,28664,188333,1,0
7537,0.375882,0.60226,11.9986,31.921,137225,365075,1,0
7538,0.0577962,0.0613415,11.8243,204.581,127851,2212102,4,0
7539,0.237906,0.312174,3.32595,13.98,36230,152287,1,0
7540,0.142325,0.165942,5.96016,41.8771,60280,423539,1,0
7541,0.398896,0.663607,17.4994,43.8704,234165,587032,1,0
7542,0.333648,0.500709,5.99329,17.9625,64648,193761,1,0
7543,0.487726,0.952082,90.9903,186.563,915581,1877243,1,0
7544,0.173498,0.209919,12.6397,72.8494,148606,856527,1,0
7545,0.332057,0.497134,8.29929,24.9933,134237,404259,1,0
7546,0.165033,0.197652,9.55265,57.8835,102053,618380,1,0
7547,0.025172,0.025822,1.28046,50.8684,13798,548148,1,0
7548,0.457326,0.842725,6.85079,14.9802,83343,182240,1,0
7549,0.118276,0.134142,3.42101,28.924,34601,292544,1,0
7550,0.343525,0.523288,22.6094,65.8183,267316,778155,2,0
7551,0.389502,0.638008,8.94769,22.9721,97374,249996,1,0
7552,0.489241,0.957869,6.83514,13.9709,69411,141875,1,0
7553,0.158401,0.188214,6.63502,41.8863,79031,498931,1,0
7554,0.215951,0.275431,1.72118,7.97034,18588,86075,1,0
7555,0.287394,0.4033,5.73282,19.9473,103167,358974,1,0
7556,0.023534,0.0241012,0.704253,29.9261,7595,322724,1,0
7557,0.474056,0.901343,8.98571,18.9551,116751,246281,1,0
7558,0.163929,0.19607,4.74128,28.9228,48007,292853,1,0
7559,0.362329,0.568206,91.8291,253.433,1197873,3306039,1,0
7560,0.393599,0.649073,21.6096,54.9029,230694,586115,1,0
7561,0.275467,0.380199,5.2248,18.9671,52637,191083,1,0
7562,0.262164,0.355315,10.4621,39.9078,121271,462577,1,0
7563,0.19724,0.245703,25.1819,127.673,267607,1356757,1,0
7564,0.292042,0.412513,5.53866,18.9651,91710,314030,1,0
7565,0.0768992,0.0833053,7.51955,97.778,80968,1052911,2,0
7566,0.48432,0.939187,9.17089,18.9354,111226,229654,1,0
7567,0.167613,0.201364,2.34413,13.9854,23738,141624,1,0
7568,0.328986,0.490282,14.7706,44.8969,192750,585891,2,0
7569,0.41386,0.706077,8.67053,20.9504,93236,225284,1,0
7570,0.371254,0.590467,2.59038,6.97735,26535,71474,1,0
7571,0.137246,0.159079,2.18678,15.9336,25577,186359,1,0
7572,0.2342,0.305823,7.94422,33.9204,87774,374783,1,0
7573,0.30462,0.438063,10.9385,35.9068,180187,591514,1,0
7574,0.0582699,0.0618754,2.20913,37.9113,23807,408564,1,0
7575,0.466014,0.87271,6.50082,13.9497,74875,160671,1,0
7576,0.1886,0.232437,21.6383,114.731,218882,1160565,1,0
7577,0.408005,0.689204,67.5724,165.615,859662,2106987,2,0
7578,0.348239,0.534306,8.68754,24.9467,95084,273042,1,0
7579,0.306319,0.441585,2.44188,7.97175,24980,81549,1,0
7580,0.23699,0.310599,6.14861,25.9444,70942,299346,1,0
7581,0.299849,0.428262,4.78964,15.9737,54236,180878,1,0
7582,0.336971,0.50823,11.4367,33.9403,187610,556754,1,0
7583,0.396588,0.657241,9.10361,22.9553,97858,246750,1,0
7584,0.429246,0.752067,13.2707,30.9163,144260,336078,1,0
7585,0.306628,0.442228,5.19964,16.9576,52641,171677,1,0
7586,0.319157,0.468768,23.8688,74.7891,323738,1014352,1,0
7587,0.29003,0.40851,7.52017,25.9291,82265,283643,1,0
7588,0.256494,0.344978,49.6393,193.528,501107,1953682,1,0
7589,0.277115,0.383345,8.29286,29.9251,98082,353940,1,0
7590,0.295001,0.418443,13.5273,45.8554,156498,530499,1,0
7591,0.35113,0.54114,35.0306,99.7723,573790,1634126,1,0
7592,0.0732499,0.0790395,1.60812,21.9545,17248,235468,1,0
7593,0.543592,1.19102,10.8439,19.9492,166231,305801,1,0
7594,0.19173,0.23721,2.87181,14.9785,29085,151698,1,0
7595,0.373565,0.596334,16.7859,44.9365,228468,611589,1,0
7596,0.352175,0.543626,9.48518,26.9331,103121,292812,1,0
7597,0.202985,0.254682,2.63499,12.9812,26561,130852,1,0
7598,0.165278,0.198003,1.48453,8.98243,17711,107159,1,0
7599,0.27458,0.378513,202.179,736.325,2144792,7811161,1,0
7600,0.458605,0.84708,34.7602,75.7949,563737,1229243,1,0
7601,0.334221,0.502001,5.33456,15.9608,61595,184294,1,0
7602,0.180268,0.219911,5.39776,29.9425,54528,302483,1,0
7603,0.396089,0.655874,15.8145,39.9274,215755,544713,1,0
7604,0.419236,0.721869,6.69858,15.9782,70902,169122,1,0
7605,0.368203,0.582787,4.42081,12.0064,44455,120735,1,0
7606,0.231327,0.300943,2.30154,9.94972,27279,117924,1,0
7607,0.24075,0.317089,2.64238,10.9757,28388,117915,1,0
7608,0.465465,0.870786,26.9482,57.8889,576078,1237639,2,0
7609,0.525417,1.10711,7.33886,13.9678,96526,183713,1,0
7610,0.124665,0.14242,5.47234,43.8963,55429,444623,1,0
7611,0.434153,0.767262,169.36,390.122,2322170,5348737,2,0
7612,0.417406,0.716461,8.73928,20.9373,93127,223109,1,0
7613,0.199642,0.24944,5.17941,25.9434,52156,261248,1,0
7614,0.154729,0.183053,2.31302,14.9491,26827,173380,1,0
7615,0.289448,0.407356,4.61563,15.9461,52687,182026,1,0
7616,0.329714,0.491901,14.811,44.9205,241322,731913,2,0
7617,0.27769,0.384448,6.10511,21.9853,77053,277478,1,0
7618,0.1288,0.147842,2.18118,16.9344,22088,171491,1,0
7619,0.32238,0.475754,17.0418,52.8629,219758,681673,1,0
7620,0.396043,0.655746,8.68586,21.9317,94390,238333,1,0
7621,0.0840504,0.0917631,0.757783,9.01581,7619,90648,1,0
7622,0.191172,0.236357,1.52483,7.9764,18126,94815,1,0
7623,0.28006,0.389004,2.79616,9.98404,31174,111312,2,0
7624,0.464647,0.867925,2.77773,5.97812,30853,66401,1,0
7625,0.365835,0.576877,17.1492,46.8757,268970,735222,1,0
7626,0.129643,0.148954,19.2704,148.642,195195,1505635,1,0
7627,0.370284,0.588017,81.6284,220.454,1054764,2848528,1,0
7628,0.400708,0.668636,9.19594,22.9492,98131,244894,1,0
7629,0.21754,0.27802,4.9905,22.9406,50290,231176,2,0
7630,0.151955,0.179183,1.06101,6.98241,12503,82281,1,0
7631,0.161242,0.19224,1.76807,10.9656,20506,127175,1,0
7632,0.47318,0.898181,6.60694,13.963,79092,167150,1,0
7633,0.157174,0.186485,3.13714,19.9611,62061,394855,1,0
7634,0.165698,0.198607,3.63745,21.9522,36793,222048,1,0
7635,0.359265,0.560708,11.8165,32.8911,152850,425452,1,0
7636,0.417669,0.717235,7.91278,18.9452,79862,191209,1,0
7637,0.163421,0.195344,4.23595,25.9205,42647,260964,1,0
7638,0.257316,0.346467,19.7649,76.8127,230297,894998,1,0
7639,0.251069,0.335236,2.00654,7.992,23084,91943,1,0
7640,0.527035,1.11432,11.0434,20.9531,146997,278913,1,0
7641,0.260325,0.351946,16.8738,64.8214,266215,1022624,1,0
7642,0.145381,0.170112,3.03772,20.895,30682,211046,1,0
7643,0.319222,0.468907,18.1488,56.8516,219423,687369,2,0
7644,0.36454,0.573662,7.64575,20.9738,82986,227646,1,0
7645,0.0690787,0.0742046,2.13395,30.8915,21453,310559,1,0
7646,0.278785,0.386548,18.9214,67.8693,225040,807218,1,0
7647,0.236512,0.309778,3.06665,12.9662,34898,147553,1,0
7648,0.311916,0.453311,7.14777,22.9149,86678,277889,1,0
7649,0.324526,0.480442,53.7692,165.685,812744,2504402,1,0
7650,0.132077,0.152176,5.40121,40.8946,54630,413623,1,0
7651,0.368441,0.583384,30.5189,82.8356,395436,1073267,1,0
7652,0.397824,0.660643,78.2262,196.635,787129,1978588,1,0
7653,0.357974,0.557569,6.43124,17.9655,66010,184399,1,0
7654,0.215366,0.274479,5.15217,23.9224,60453,280699,1,0
7655,0.300377,0.429342,4.19404,13.9627,46238,153933,1,0
7656,0.357285,0.555898,2.49754,6.99044,27746,77658,1,0
7657,0.432456,0.761979,15.9694,36.9268,221777,512831,2,0
7658,0.235056,0.307285,22.5049,95.7415,227872,969437,1,0
7659,0.386494,0.629976,27.7592,71.822,372459,963686,1,0
7660,0.48594,0.9453,31.4988,64.8207,329645,678365,1,0
7661,0.317976,0.466225,1.90598,5.99411,19477,61253,1,0
7662,0.143786,0.167932,2.58312,17.9652,31718,220592,1,0
7663,0.305363,0.4396,6.70333,21.9528,75507,247270,1,0
7664,0.421648,0.729051,8.41817,19.9648,98793,234302,1,0
7665,0.295756,0.419962,10.9155,36.9082,150324,508271,1,0
7666,0.283196,0.395082,8.76245,30.9413,87907,310410,1,0
7667,0.420048,0.724279,20.1203,47.9011,281589,670374,1,0
7668,0.447108,0.80867,21.8423,48.853,232162,519253,1,0
7669,0.384299,0.624166,6.52616,16.982,65822,171278,1,0
7670,0.176117,0.213765,7.91959,44.9701,94043,533979,1,0
7671,0.295286,0.419015,5.60061,18.9664,63604,215398,1,0
7672,0.319998,0.470583,26.5223,82.8778,304949,952973,1,0
7673,0.296261,0.420982,30.4454,102.763,418100,1411254,1,0
7674,0.227933,0.295224,13.8716,60.8586,140117,614729,1,0
7675,0.378094,0.60796,34.704,91.7858,452390,1196502,1,0
7676,0.495278,0.981289,300.985,607.712,3208190,6477552,4,0
7677,0.176039,0.21365,3.86755,21.9698,38964,221337,1,0
7678,0.204385,0.25689,5.50269,26.9229,63870,312498,1,0
7679,0.226225,0.292365,2.03467,8.99396,22746,100546,1,0
7680,0.474186,0.901812,6.6119,13.9438,80392,169537,1,0
7681,0.433962,0.766665,8.65536,19.945,119310,274932,1,0
7682,0.194891,0.242068,6.42342,32.959,64998,333509,1,0
7683,0.385505,0.627352,29.2391,75.8458,388754,1008428,1,0
7684,0.448228,0.812344,6.25606,13.9574,66626,148643,1,0
7685,0.125847,0.143965,3.76675,29.9311,38008,302017,1,0
7686,0.309011,0.447201,3.69549,11.959,43984,142338,1,0
7687,0.368238,0.582874,168.291,457.018,1891345,5136204,1,0
7688,0.437418,0.77752,8.73188,19.9619,94394,215798,2,0
7689,0.148634,0.174583,5.78031,38.8901,78969,531298,1,0
7690,0.251256,0.335571,8.77427,34.9217,88740,353185,2,0
7691,0.268103,0.366312,7.49054,27.9392,91785,342350,1,0
7692,0.338023,0.510627,7.08479,20.9591,75487,223319,1,0
7693,0.198552,0.247741,4.16004,20.952,42005,211557,1,0
7694,0.219887,0.281866,1.76086,8.00791,20718,94221,1,0
7695,0.133565,0.154154,3.59997,26.9531,38133,285502,1,0
7696,0.338114,0.510834,4.72524,13.9755,51066,151032,1,0
7697,0.375916,0.602349,12.0061,31.9373,176295,468974,1,0
7698,0.275041,0.379388,5.22458,18.9956,52757,191815,1,0
7699,0.401142,0.669846,26.0171,64.8589,365638,911492,2,0
7700,0.422483,0.731549,7.15947,16.9464,76245,180469,1,0
7701,0.265244,0.360996,37.3247,140.719,375817,1416872,1,0
7702,0.25534,0.342894,5.85768,22.9411,67652,264949,1,0
7703,0.077102,0.0835434,1.46313,18.9765,15477,200734,1,0
7704,0.50643,1.02605,6.07986,12.0052,73642,145414,1,0
7705,0.131692,0.151666,2.6267,19.9457,26526,201424,1,0
7706,0.164625,0.197067,6.89154,41.8663,114930,698134,1,0
7707,0.270389,0.370594,35.3389,130.698,433505,1603263,1,0
7708,0.411358,0.698825,7.37789,17.9355,79274,192713,1,0
7709,0.109124,0.122491,0.869225,7.96548,8739,80083,1,0
7710,0.222219,0.285709,3.10977,13.9942,36651,164932,1,0
7711,0.355179,0.550819,21.2727,59.8948,243516,685614,1,0
7712,0.305481,0.439845,22.8603,74.8282,265940,870562,1,0
7713,0.257619,0.347018,3.59967,13.9729,36465,141546,1,0
7714,0.345074,0.526891,11.7133,33.9442,158678,459837,1,0
7715,0.346555,0.53035,9.67816,27.9272,104970,302896,1,0
7716,0.488366,0.954521,80.3982,164.627,810916,1660469,1,0
7717,0.108784,0.122062,2.60501,23.9472,30377,279242,1,0
7718,0.354379,0.548897,4.60689,12.9997,52861,149165,1,0
7719,0.371505,0.591103,14.4394,38.8669,182458,491132,1,0
7720,0.142583,0.166293,5.97314,41.8923,60523,424476,1,0
7721,0.376956,0.605024,65.0704,172.629,890663,2362775,1,0
7722,0.384418,0.62448,6.13721,15.9649,63928,166298,1,0
7723,0.505815,1.02353,47.4395,93.7887,487931,964643,1,0
7724,0.245474,0.325335,2.19619,8.9469,25993,105889,2,0
7725,0.27722,0.383547,17.4276,62.8704,201046,725222,1,0
7726,0.329621,0.491692,2.63091,7.98161,30688,93101,1,0
7727,0.15585,0.184624,4.35449,27.9403,44044,282605,1,0
7728,0.378912,0.610077,54.4468,143.693,711887,1878768,2,0
7729,0.274481,0.378324,5.48067,19.9672,58369,212652,1,0
7730,0.30565,0.440196,3.35618,10.9805,33826,110669,1,0
7731,0.213008,0.270661,2.33993,10.9851,27490,129056,1,0
7732,0.246259,0.326715,6.87451,27.9156,75156,305191,1,0
7733,0.234327,0.306041,1.87049,7.98227,22191,94701,1,0
7734,0.142621,0.166346,8.25806,57.9024,83671,586666,1,0
7735,0.351279,0.541494,154.921,441,2027360,5771375,2,0
7736,0.309022,0.447223,3.08005,9.96714,32849,106300,2,0
7737,0.189437,0.23371,2.08134,10.987,21058,111161,1,0
7738,0.332331,0.497748,76.6031,230.479,906903,2728916,1,0
7739,0.25722,0.346294,44.9336,174.694,476902,1854060,1,0
7740,0.428928,0.751094,5.13782,11.9783,60071,140049,1,0
7741,0.208781,0.263873,9.78846,46.8838,99121,474760,1,0
7742,0.33442,0.502448,35.3794,105.793,438675,1311750,1,0
7743,0.195837,0.24353,4.49185,22.9364,48901,249702,1,0
7744,0.402886,0.674723,6.43462,15.9714,65880,163520,1,0
7745,0.209117,0.264409,2.71328,12.9745,32173,153852,1,0
7746,0.30188,0.432419,5.722,18.9549,65867,218189,1,0
7747,0.336386,0.5069,2.67558,7.95403,34196,101657,1,0
7748,0.396177,0.656113,14.2214,35.8968,142639,360039,1,0
7749,0.355628,0.551899,20.9294,58.8524,285546,802934,1,0
7750,0.322218,0.475401,33.4425,103.787,362839,1126066,1,0
7751,0.655362,1.90159,61.4418,93.7528,623493,951372,1,0
7752,0.229463,0.297796,1.37615,5.99711,16257,70848,1,0
7753,0.274931,0.37918,2.46937,8.98183,27872,101378,1,0
7754,0.339646,0.514339,6.78443,19.9752,81283,239317,1,0
7755,0.253414,0.339431,3.54076,13.9722,35868,141539,1,0
7756,0.384002,0.623382,45.9999,119.793,617170,1607205,1,0
7757,0.416518,0.713848,11.219,26.9354,120172,288516,1,0
7758,0.216775,0.276772,3.67651,16.9601,37072,171016,1,0
7759,0.160317,0.190926,4.00329,24.971,47104,293818,1,0
7760,0.162489,0.194014,5.51926,33.9658,60023,369398,1,0
7761,0.536689,1.15838,7.48902,13.9538,98586,183693,1,0
7762,0.140992,0.164134,3.51112,24.9031,35553,252163,1,0
7763,0.326559,0.484911,10.4223,31.916,141149,432231,1,0
7764,0.412156,0.70113,6.98246,16.9412,72194,175162,1,0
7765,0.0529767,0.0559403,0.740836,13.9843,7448,140590,1,0
7766,0.161714,0.19291,1.13097,6.99368,13267,82040,1,0
7767,0.268188,0.366471,22.735,84.7721,241038,898765,1,0
7768,0.52055,1.08572,9.33709,17.9369,121374,233165,1,0
7769,0.219737,0.281619,3.06678,13.9566,30779,140072,1,0
7770,0.367198,0.580273,16.475,44.8671,199731,543933,1,0
7771,0.480832,0.926159,9.11494,18.9566,97996,203805,1,0
7772,0.322873,0.476827,4.18102,12.9494,42131,130488,1,0
7773,0.343969,0.524319,12.3646,35.9482,144282,419462,1,0
7774,0.324758,0.48095,23.3244,71.8204,270310,832344,1,0
7775,0.319962,0.470506,20.7556,64.8704,251800,786968,1,0
7776,0.144188,0.168481,10.353,71.8025,104812,726913,1,0
7777,0.226982,0.293631,13.3567,58.8464,165050,727150,1,0
7778,0.414454,0.707807,11.9821,28.9105,120245,290129,1,0
7779,0.185538,0.227804,3.33695,17.9852,33551,180831,1,0
7780,0.119641,0.1359,1.31374,10.9807,15449,129128,1,0
7781,0.313435,0.456526,5.00319,15.9624,55089,175759,1,0
7782,0.331102,0.494996,5.93792,17.9336,68793,207770,1,0
7783,0.267319,0.364851,103.469,387.063,1048965,3924013,1,0
7784,0.39879,0.663312,465.561,1167.43,6319676,15847138,1,0
7785,0.389417,0.63778,7.77084,19.9549,82692,212348,1,0
7786,0.0682025,0.0731946,2.04447,29.9763,20575,301675,1,0
7787,0.188028,0.231569,4.31665,22.9579,51284,272747,1,0
7788,0.330217,0.493021,31.2982,94.7792,360015,1090238,1,0
7789,0.368396,0.58327,4.4119,11.9759,48664,132097,1,0
7790,0.290788,0.410015,32.7853,112.747,329139,1131888,1,0
7791,0.259165,0.349828,18.6096,71.8086,229906,887103,1,0
7792,0.470429,0.888321,8.45347,17.9698,91951,195462,1,0
7793,0.199334,0.24896,4.37742,21.9602,44122,221347,1,0
7794,0.344055,0.524519,308.271,895.987,3624627,10535009,2,0
7795,0.211986,0.269013,3.17003,14.9538,35656,168200,1,0
7796,0.257536,0.346867,2.56936,9.97659,29338,113918,1,0
7797,0.203786,0.255943,3.45896,16.9734,35054,172014,1,0
7798,0.243244,0.32143,23.8004,97.8447,294326,1210004,1,0
7799,0.388377,0.634994,497.95,1282.04,5414840,13942234,1,0
7800,0.398799,0.663338,10.3533,25.9608,104637,262380,1,0
7801,0.165988,0.199023,1.32366,7.97468,15529,93555,1,0
7802,0.315094,0.460053,2.82195,8.95577,29857,94756,1,0
7803,0.360664,0.564123,2.51918,6.98495,28385,78702,1,0
7804,0.171208,0.206576,11.4492,66.8725,116038,677759,1,0
7805,0.369998,0.587297,14.7636,39.902,203751,550681,2,0
7806,0.381301,0.616295,35.7579,93.78,385847,1011922,1,0
7807,0.498387,0.993568,50.7406,101.809,518218,1039791,1,0
7808,0.18718,0.230284,1.11835,5.97485,13216,70606,2,0
7809,0.2632,0.357221,4.46111,16.9493,50501,191873,1,0
7810,0.452123,0.825226,6.31047,13.9577,95397,210998,1,0
7811,0.226025,0.292032,2.92817,12.955,29412,130127,1,0
7812,0.379917,0.612687,14.3919,37.8812,195984,515860,1,0
7813,0.282774,0.394261,4.50681,15.9379,48955,173124,1,0
7814,0.321786,0.474461,1.92874,5.99388,19813,61572,1,0
7815,0.169359,0.20389,3.55048,20.9636,41462,244817,1,0
7816,0.216657,0.27658,2.16394,9.98797,24081,111148,1,0
7817,0.255411,0.343022,5.09943,19.9652,62453,244520,1,0
7818,0.281703,0.392183,4.7719,16.9395,48362,171677,1,0
7819,0.343286,0.522732,13.3602,38.9181,176894,515297,1,0
7820,0.356247,0.553392,7.46648,20.9589,81192,227909,1,0
7821,0.180462,0.220199,1.98237,10.985,19967,110644,1,0
7822,0.247867,0.329552,7.17825,28.9588,83369,336346,1,0
7823,0.120137,0.136541,1.43897,11.9776,15465,128728,1,0
7824,0.43052,0.755987,14.1903,32.9609,173422,402820,1,0
7825,0.320092,0.470786,17.2565,53.911,173263,541292,1,0
7826,0.331285,0.495405,20.8223,62.8523,276793,835514,1,0
7827,0.374734,0.59932,4.50116,12.0116,46005,122767,1,0
7828,0.108996,0.12233,2.39222,21.9479,24068,220815,1,0
7829,0.237332,0.311187,42.6209,179.579,506469,2134009,1,0
7830,0.286553,0.401646,3.72646,13.0042,42258,147470,1,0
7831,0.391305,0.642859,14.4533,36.9355,166591,425732,1,0
7832,0.195775,0.243434,1.95224,9.97185,19575,99987,1,0
7833,0.382215,0.618685,157.487,411.996,2106456,5511187,1,0
7834,0.254263,0.340955,6.85487,26.9595,74643,293566,1,0
7835,0.400377,0.667713,6.39864,15.9815,64849,161970,1,0
7836,0.255112,0.342484,7.89042,30.9294,93592,366866,1,0
7837,0.154241,0.18237,1.07813,6.98993,11410,73975,1,0
7838,0.527954,1.11844,7.37786,13.9745,97484,184645,1,0
7839,0.178858,0.217817,3.92425,21.9403,39762,222310,1,0
7840,0.356515,0.554038,11.0312,30.9423,146774,411691,1,0
7841,0.271902,0.373442,4.07109,14.9728,44040,161970,1,0
7842,0.225036,0.290383,2.46387,10.9488,24826,110320,1,0
7843,0.185242,0.227358,2.95531,15.9532,33930,183166,1,0
7844,0.253719,0.339977,10.8991,42.9575,122471,482704,1,0
7845,0.312611,0.454781,4.0514,12.9598,44886,143584,1,0
7846,0.221185,0.284003,2.42623,10.9692,24320,109953,1,0
7847,0.326449,0.484669,79.7985,244.446,1050615,3218309,2,0
7848,0.338351,0.511375,7.09486,20.9692,76226,225287,1,0
7849,0.204147,0.256513,27.2937,133.7,274661,1345409,1,0
7850,0.172669,0.208706,1.5504,8.97904,18401,106568,1,0
7851,0.276655,0.382467,2.76031,9.9775,30291,109490,1,0
7852,0.346315,0.529789,20.7279,59.8548,233861,675284,1,0
7853,0.225739,0.291554,4.51132,19.9847,45255,200475,1,0
7854,0.257153,0.346173,11.5539,44.9305,146203,568544,1,0
7855,0.186211,0.228819,11.1518,59.8891,120979,649689,1,0
7856,0.259546,0.350522,2.84146,10.9478,29175,112408,1,0
7857,0.186123,0.228687,7.61471,40.9124,89970,483389,2,0
7858,0.167224,0.200803,0.830922,4.96893,8906,53258,1,0
7859,0.120471,0.136972,0.961225,7.97879,11301,93807,1,0
7860,0.199781,0.249658,2.39898,12.0081,24072,120492,1,0
7861,0.361626,0.56648,25.9897,71.8674,328600,908673,1,0
7862,0.288978,0.406427,4.907,16.9807,52592,181993,1,0
7863,0.30642,0.441796,4.89048,15.96,49258,160753,1,0
7864,0.301432,0.431499,6.61929,21.9589,76601,254124,2,0
7865,0.127484,0.146111,1.90642,14.9541,20263,158945,1,0
7866,0.303492,0.435733,6.97166,22.9707,79740,262742,1,0
7867,0.214505,0.273083,41.7344,194.56,423028,1972111,1,0
7868,0.362297,0.568127,22.0386,60.829,297751,821843,1,0
7869,0.319659,0.46985,11.7997,36.913,125474,392525,1,0
7870,0.25806,0.347817,1.80213,6.98338,18435,71437,1,0
7871,0.14477,0.169276,2.02412,13.9818,23301,160952,1,0
7872,0.36345,0.570968,2.90148,7.98309,33123,91135,1,0
7873,0.398348,0.66209,6.76089,16.9726,77258,193946,1,0
7874,0.278991,0.386944,3.05993,10.9679,30699,110036,1,0
7875,0.277104,0.383325,14.6527,52.8777,184171,664627,1,0
7876,0.242753,0.320574,10.1661,41.8771,110529,455314,1,0
7877,0.183739,0.225099,2.3854,12.9825,24041,130843,1,0
7878,0.194631,0.241668,4.46835,22.9583,51510,264654,1,0
7879,0.312211,0.453934,5.29295,16.9531,60065,192386,1,0
7880,0.267569,0.365316,2.67467,9.99591,33722,126031,1,0
7881,0.201329,0.25208,4.41874,21.9479,44318,220127,1,0
7882,0.335541,0.504984,127.179,379.003,1592669,4746568,1,0
7883,0.362738,0.569214,22.0821,60.8756,234738,647128,1,0
7884,0.0780709,0.0846821,5.84453,74.8617,58768,752752,1,0
7885,0.112922,0.127296,1.4646,12.9702,17200,152318,2,0
7886,0.37713,0.60547,1.50486,3.9903,17377,46077,1,0
7887,0.380086,0.613128,3.41747,8.9913,37513,98696,2,0
7888,0.186337,0.229011,6.1369,32.9346,62222,333921,1,0
7889,0.299469,0.427488,22.7144,75.8524,285101,952023,1,0
7890,0.341151,0.517797,100.74,295.281,1095430,3210987,1,0
7891,0.112688,0.126999,0.785869,6.97385,7901,70114,1,0
7892,0.19501,0.242251,3.11163,15.9567,36462,186975,1,0
7893,0.293281,0.41499,2.6321,8.97476,30232,103082,1,0
7894,0.458479,0.846649,8.69027,18.9546,136181,297028,1,0
7895,0.12637,0.144649,2.6521,20.9869,26885,212749,1,0
7896,0.305952,0.440822,8.54032,27.9138,109796,358867,1,0
7897,0.276849,0.382837,9.1158,32.926,99211,358358,1,0
7898,0.289675,0.407806,8.95935,30.929,90135,311159,1,0
7899,0.206803,0.260721,3.71527,17.9653,43292,209339,1,0
7900,0.127512,0.146148,1.52892,11.9904,16152,126670,1,0
7901,0.293898,0.416225,10.8519,36.9238,124068,422147,1,0
7902,0.130768,0.15044,18.9168,144.66,191757,1466396,1,0
7903,0.208226,0.262986,20.9839,100.775,269298,1293298,1,0
7904,0.298219,0.424947,7.44116,24.952,80677,270529,1,0
7905,0.344387,0.52529,3.09375,8.98335,31250,90741,1,0
7906,0.172765,0.208846,4.30802,24.9354,50384,291633,1,0
7907,0.187626,0.23096,2.43093,12.9562,28260,150619,1,0
7908,0.264768,0.360115,1.84858,6.98191,20192,76263,1,0
7909,0.156899,0.186098,2.50357,15.9563,25375,161728,1,0
7910,0.269376,0.368694,349.662,1298.03,4504526,16722057,1,0
7911,0.241453,0.318309,4.33294,17.9451,46639,193160,1,0
7912,0.128563,0.14753,5.2578,40.8968,52989,412164,2,0
7913,0.103298,0.115198,2.57977,24.9738,30210,292454,1,0
7914,0.110963,0.124812,0.996529,8.98062,10565,95212,1,0
7915,0.466618,0.87483,52.5957,112.709,638414,1368172,1,0
7916,0.256377,0.344768,3.57771,13.9549,35921,140110,2,0
7917,0.275053,0.379411,9.06598,32.9612,116975,425282,1,0
7918,0.381296,0.616281,6.0817,15.9501,65348,171384,1,0
7919,0.371158,0.590224,2.21689,5.97291,22664,61063,1,0
7920,0.216403,0.276167,8.64026,39.9261,101881,470792,1,0
7921,0.29805,0.424603,2.38433,7.99967,27358,91790,1,0
7922,0.246984,0.327994,8.37995,33.931,93778,379692,1,0
7923,0.190596,0.235477,3.0398,15.949,30515,160103,1,0
7924,0.228992,0.297003,8.22969,35.9388,106289,464161,1,0
7925,0.381297,0.616284,4.19056,10.9903,44635,117061,1,0
7926,0.100143,0.111288,1.89523,18.925,19091,190637,1,0
7927,0.182303,0.222946,3.27956,17.9899,38446,210891,2,0
7928,0.122838,0.14004,1.47013,11.9681,15608,127062,1,0
7929,0.147084,0.172448,9.54258,64.876,112601,765557,1,0
7930,0.214003,0.27227,2.98735,13.9594,29957,139984,1,0
7931,0.250927,0.334983,5.00877,19.9608,64633,257577,1,0
7932,0.388253,0.634662,18.9908,48.9133,201146,518080,1,0
7933,0.281479,0.391749,5.90693,20.9854,59489,211344,1,0
7934,0.30592,0.440756,1.21914,3.98509,14325,46826,1,0
7935,0.345672,0.528285,9.99664,28.9195,113677,328858,1,0
7936,0.415759,0.711624,13.6859,32.9181,151240,363768,1,0
7937,0.216026,0.275552,5.39037,24.9526,54623,252854,1,0
7938,0.221014,0.28372,5.28761,23.924,68254,308822,1,0
7939,0.248714,0.331052,3.97126,15.967,43000,172889,1,0
7940,0.276275,0.38174,2.20696,7.98825,22699,82161,1,0
7941,0.213474,0.271414,2.13257,9.99009,25013,117171,1,0
7942,0.0976338,0.108197,0.877068,8.98307,9292,95172,1,0
7943,0.345744,0.528453,30.6948,88.7756,358145,1035869,1,0
7944,0.273008,0.375531,31.5831,115.686,316613,1159721,1,0
7945,0.302425,0.433537,12.9705,42.8892,167539,553986,1,0
7946,0.302477,0.433645,4.52357,14.9549,49001,161999,1,0
7947,0.505807,1.0235,14.1339,27.9432,143361,283430,1,0
7948,0.206037,0.259504,3.08369,14.9671,35850,173998,1,0
7949,0.305017,0.438884,15.2169,49.8868,174363,571650,1,0
7950,0.143547,0.167606,1.43207,9.97629,16082,112033,1,0
7951,0.22692,0.293526,4.07656,17.9648,40858,180055,1,0
7952,0.209631,0.265232,11.5026,54.8679,148758,709618,1,0
7953,0.312224,0.453962,3.11699,9.98332,33299,106651,1,0
7954,0.0978846,0.108506,1.36736,13.9691,13775,140727,1,0
7955,0.193508,0.239938,1.73884,8.98618,20276,104781,1,0
7956,0.301933,0.432527,6.02909,19.9689,68498,226865,1,0
7957,0.37337,0.595837,7.09251,18.996,81420,218068,1,0
7958,0.242685,0.320454,38.0023,156.591,380888,1569476,1,0
7959,0.340432,0.516144,152.511,447.984,1975792,5803778,1,0
7960,0.425184,0.739687,6.78444,15.9565,68137,160253,1,0
7961,0.308624,0.44639,83.444,270.38,839514,2720186,2,0
7962,0.230459,0.299476,1.60699,6.97303,18628,80830,1,0
7963,0.353134,0.545916,753.748,2134.31,8603426,24363046,1,0
7964,0.577245,1.36544,5.76485,9.98683,70133,121496,1,0
7965,0.215555,0.274786,2.36398,10.967,23722,110051,1,0
7966,0.304683,0.438192,8.81324,28.927,113894,373812,1,0
7967,0.282996,0.394693,7.90634,27.938,83253,294184,1,0
7968,0.345337,0.527504,3.10441,8.98946,31799,92081,1,0
7969,0.245068,0.324622,2.44638,9.98222,28594,116678,1,0
7970,0.292407,0.413241,6.71371,22.9602,74971,256393,1,0
7971,0.483871,0.937499,5.78885,11.9633,74729,154440,1,0
7972,0.28202,0.392797,4.7904,16.986,48045,170360,1,0
7973,0.390165,0.639787,12.8548,32.9468,168099,430841,1,0
7974,0.349823,0.538043,15.0008,42.8801,163167,466427,1,0
7975,0.305471,0.439825,2.12832,6.9673,21445,70203,1,0
7976,0.19293,0.23905,12.325,63.8837,144508,749017,1,0
7977,0.228845,0.296756,2.28629,9.99068,26300,114925,1,0
7978,0.571896,1.33588,11.4169,19.9634,139037,243116,1,0
7979,0.233708,0.304986,9.55629,40.8898,95937,410499,1,0
7980,0.440903,0.788597,100.293,227.486,1372695,3113375,1,0
7981,0.361761,0.56681,33.9343,93.8025,344733,952931,1,0
7982,0.314863,0.459562,4.7059,14.9458,47374,150459,1,0
7983,0.153997,0.182028,3.3737,21.9063,39988,259668,1,0
7984,0.160665,0.19142,1.59898,9.95224,16928,105362,1,0
7985,0.18697,0.229966,1.12005,5.99071,12670,67765,1,0
7986,0.175755,0.213231,2.11124,12.0124,21215,120708,1,0
7987,0.308792,0.446742,13.2489,42.9045,174038,563610,1,0
7988,0.301986,0.432635,6.63071,21.9569,71281,236041,1,0
7989,0.358166,0.558036,16.4268,45.8634,165181,461185,1,0
7990,0.208411,0.263282,2.07656,9.96374,24323,116707,1,0
7991,0.251598,0.33618,24.0826,95.7213,278602,1107330,2,0
7992,0.364726,0.574123,5.45891,14.9673,60915,167016,1,0
7993,0.242942,0.320902,7.28896,30.0029,73053,300702,1,0
7994,0.357296,0.555927,10.3357,28.9278,135316,378722,1,0
7995,0.420219,0.72479,21.7885,51.85,225933,537655,1,0
7996,0.304548,0.437915,6.38315,20.9594,64313,211175,1,0
7997,0.173467,0.209874,1.03852,5.98688,12320,71022,1,0
7998,0.232479,0.302896,2.78464,11.9778,31148,133982,1,0
7999,0.450335,0.819289,47.6439,105.797,630628,1400354,1,0
8000,0.250863,0.33487,6.756,26.931,67714,269924,1,0
8001,0.227123,0.293866,8.82931,38.8755,114935,506048,1,0
8002,0.331216,0.495251,16.8568,50.8938,183347,553557,2,0
8003,0.351507,0.542036,1.75003,4.97868,17917,50972,1,0
8004,0.214342,0.272818,1.71207,7.98758,19931,92987,1,0
8005,0.284009,0.396665,6.521,22.9604,71583,252045,1,0
8006,0.548371,1.21421,378.067,689.449,4584749,8360675,1,0
8007,0.222987,0.28698,3.77975,16.9505,38307,171790,1,0
8008,0.319316,0.469111,17.8472,55.8916,232627,728516,1,0
8009,0.333646,0.500704,21.9775,65.8704,238516,714877,2,0
8010,0.153237,0.180968,2.29248,14.9605,23292,152000,2,0
8011,0.223207,0.287344,2.4529,10.989,28643,128325,1,0
8012,0.305478,0.439839,58.519,191.571,624081,2042967,2,0
8013,0.488697,0.955787,176.499,361.153,1952263,3994835,1,0
8014,0.232196,0.302415,6.72409,28.9586,68133,293429,1,0
8015,0.320304,0.471247,16.3004,50.8913,214308,669076,2,0
8016,0.259999,0.35135,12.4506,47.8862,134941,519005,1,0
8017,0.248726,0.331073,1.74322,7.00859,17527,70467,1,0
8018,0.205369,0.258446,1.8443,8.9805,21878,106530,1,0
8019,0.223423,0.287702,4.89987,21.9306,56394,252409,1,0
8020,0.447654,0.81046,10.729,23.9669,137843,307923,1,0
8021,0.194669,0.241725,4.47258,22.9754,44875,230520,1,0
8022,0.29606,0.420576,14.1813,47.9007,185116,625265,1,0
8023,0.311903,0.453284,3.73006,11.9589,38016,121884,1,0
8024,0.246521,0.327178,1.96478,7.97003,19754,80131,2,0
8025,0.186113,0.228672,5.57695,29.965,65983,354532,1,0
8026,0.247707,0.329269,4.94169,19.9493,56598,228488,1,0
8027,0.183805,0.225198,5.13576,27.9405,59958,326204,1,0
8028,0.117358,0.132962,2.93219,24.985,29444,250891,1,0
8029,0.379511,0.611633,247.658,652.573,3238791,8534109,2,0
8030,0.361734,0.566745,4.32674,11.9611,43445,120102,1,0
8031,0.166706,0.200057,1.82714,10.9602,18373,110212,1,0
8032,0.211845,0.268786,1.48188,6.99514,17373,82008,1,0
8033,0.209577,0.265146,5.02255,23.9648,53161,253658,1,0
8034,0.456152,0.83875,5.91452,12.9659,77040,168891,1,0
8035,0.269622,0.369154,92.275,342.232,928580,3444007,1,0
8036,0.389427,0.637805,39.2517,100.795,539371,1385038,1,0
8037,0.43833,0.780404,27.1261,61.8842,292714,667794,1,0
8038,0.365415,0.575833,25.8783,70.8194,260949,714117,1,0
8039,0.3088,0.44676,11.09,35.9141,129832,420440,1,0
8040,0.268179,0.366455,1.33978,4.99589,15401,57428,1,0
8041,0.438424,0.780702,12.2426,27.9247,148196,338020,1,0
8042,0.137567,0.15951,2.06018,14.9759,20877,151759,1,0
8043,0.328266,0.488684,9.83098,29.9487,128819,392423,1,0
8044,0.351563,0.542169,10.5207,29.9257,112827,320930,1,0
8045,0.35111,0.541094,4.55561,12.9748,45894,130711,1,0
8046,0.096859,0.107247,1.35394,13.9788,16035,165550,1,0
8047,0.277476,0.384038,26.0266,93.7995,297769,1073133,1,0
8048,0.53046,1.12974,8.46067,15.9504,127913,241136,1,0
8049,0.152009,0.179258,3.33323,21.9278,33466,220158,1,0
8050,0.338837,0.512487,13.8613,40.9079,182981,540026,1,0
8051,0.343482,0.523188,10.9601,31.9088,113141,329394,1,0
8052,0.541145,1.17934,16.2033,29.9426,163686,302481,1,0
8053,0.222909,0.28685,4.21839,18.9239,49998,224298,1,0
8054,0.31739,0.464966,22.1711,69.8556,252128,794378,1,0
8055,0.552816,1.23621,9.92698,17.957,146798,265546,1,0
8056,0.203412,0.255355,2.23005,10.9632,22390,110072,1,0
8057,0.391548,0.643515,12.8897,32.9192,171836,438863,1,0
8058,0.305763,0.44043,3.65329,11.9481,37951,124119,1,0
8059,0.297083,0.422643,3.85103,12.9629,39493,132936,1,0
8060,0.298566,0.425651,4.77394,15.9896,52982,177455,1,0
8061,0.645591,1.82159,7.73094,11.9751,101308,156923,1,0
8062,0.229747,0.298276,5.04444,21.9565,51284,223219,1,0
8063,0.31443,0.458641,15.9812,50.8258,211052,671220,1,0
8064,0.27461,0.378568,6.02565,21.9426,60876,221682,1,0
8065,0.360734,0.564295,2.15807,5.98241,22069,61178,1,0
8066,0.268927,0.367852,2.68533,9.98522,31192,115987,1,0
8067,0.504738,1.01913,6.05357,11.9937,72331,143304,1,0
8068,0.104619,0.116843,1.77502,16.9662,17822,170351,1,0
8069,0.351151,0.54119,10.1731,28.9702,133274,379535,1,0
8070,0.27217,0.373947,5.42562,19.9346,57697,211989,1,0
8071,0.133145,0.153596,1.46505,11.0033,14736,110676,1,0
8072,0.262171,0.355327,2.35133,8.96869,26641,101617,1,0
8073,0.337832,0.510191,2.70527,8.00775,29588,87582,2,0
8074,0.193045,0.239227,2.70057,13.9893,27163,140708,1,0
8075,0.346284,0.529717,17.9548,51.8507,235447,679924,1,0
8076,0.372613,0.593913,5.20314,13.9639,52471,140819,1,0
8077,0.309421,0.44806,2.47494,7.99864,25284,81714,1,0
8078,0.335968,0.505951,4.02497,11.98,45739,136141,1,0
8079,0.482614,0.932791,7.70429,15.9635,93975,194721,1,0
8080,0.194533,0.241515,6.99357,35.9503,70265,361199,2,0
8081,0.292238,0.412905,6.70822,22.9544,88668,303410,1,0
8082,0.460094,0.852173,14.6961,31.9416,148469,322693,1,0
8083,0.290143,0.408734,4.34545,14.9769,43936,151429,1,0
8084,0.233097,0.303947,4.87948,20.9333,52515,225292,1,0
8085,0.332459,0.498036,5.63961,16.9635,68222,205204,1,0
8086,0.313708,0.457106,4.70002,14.9822,47209,150487,1,0
8087,0.410871,0.697421,13.5253,32.9186,180757,439936,1,0
8088,0.308406,0.445936,3.37876,10.9556,33991,110215,1,0
8089,0.319391,0.469272,8.29108,25.9593,85293,267049,1,0
8090,0.214423,0.272949,5.14365,23.9904,58996,275139,1,0
8091,0.0604594,0.06435,0.722248,11.9462,8522,140954,1,0
8092,0.303082,0.434889,3.63451,11.9918,36512,120469,1,0
8093,0.370438,0.588406,21.8104,58.8759,286280,772815,1,0
8094,0.239744,0.315346,8.61287,35.9255,92249,384782,1,0
8095,0.423733,0.735308,2.9626,6.99166,30216,71309,1,0
8096,0.146233,0.171279,1.75124,11.9755,20057,137158,1,0
8097,0.406188,0.684035,4.05486,9.98275,52434,129088,1,0
8098,0.137812,0.15984,3.43788,24.946,34618,251197,2,0
8099,0.396644,0.657396,1199.63,3024.24,15865329,39998911,2,0
8100,0.329243,0.490853,66.6963,202.579,712870,2165179,1,0
8101,0.264817,0.360205,8.71948,32.9265,87698,331165,1,0
8102,0.324317,0.479983,19.4095,59.8478,219434,676604,1,0
8103,0.501658,1.00665,28.0219,55.8596,340663,679074,1,0
8104,0.222674,0.286461,3.11305,13.9803,31556,141714,1,0
8105,0.301071,0.43076,13.5161,44.8943,176728,586998,1,0
8106,0.348255,0.534343,3.48026,9.99342,37077,106465,1,0
8107,0.244714,0.324003,7.81187,31.9223,79402,324468,1,0
8108,0.263646,0.358043,7.90725,29.992,88863,337054,1,0
8109,0.289695,0.407846,1.73196,5.97853,19690,67968,1,0
8110,0.26423,0.35912,3.15907,11.9558,31753,120172,1,0
8111,0.250717,0.334609,6.25388,24.9442,81930,326783,1,0
8112,0.299297,0.427137,4.48469,14.9842,47871,159945,1,0
8113,0.111797,0.125869,1.22641,10.97,12334,110325,1,0
8114,0.148993,0.175079,1.33635,8.96912,15471,103837,1,0
8115,0.306899,0.44279,7.3497,23.9483,85211,277652,1,0
8116,0.244935,0.324389,2.68876,10.9774,26984,110168,1,0
8117,0.332312,0.497706,14.9251,44.9129,195506,588320,1,0
8118,0.314031,0.457792,4.39291,13.9889,46985,149619,1,0
8119,0.315136,0.460143,4.09293,12.9878,42041,133406,1,0
8120,0.288205,0.404898,48.5934,168.606,564136,1957415,2,0
8121,0.208824,0.263941,2.08441,9.98152,23761,113785,1,0
8122,0.20936,0.264799,5.42863,25.9296,54664,261100,1,0
8123,0.358954,0.559951,24.0039,66.8759,329217,917156,1,0
8124,0.376143,0.602931,26.6339,70.8079,284426,756165,1,0
8125,0.524942,1.105,219.446,418.042,2248425,4283191,2,0
8126,0.103131,0.114991,1.02879,9.97566,11784,114262,1,0
8127,0.409916,0.694674,4.90639,11.969,60165,146774,1,0
8128,0.371003,0.589832,28.8654,77.8037,289336,779876,1,0
8129,0.333253,0.499819,13.9642,41.9043,183233,549832,2,0
8130,0.299654,0.427866,5.37817,17.948,57411,191591,1,0
8131,0.471453,0.891978,7.07147,14.9993,71641,151958,1,0
8132,0.266781,0.36385,2.13285,7.99469,22773,85362,2,0
8133,0.212153,0.269282,10.3769,48.9177,119296,562311,1,0
8134,0.255547,0.343269,5.35586,20.9585,53818,210599,1,0
8135,0.298582,0.425684,6.84886,22.9377,91116,305162,1,0
8136,0.438536,0.781057,6.56854,14.9784,67556,154049,1,0
8137,0.32761,0.487233,2.62363,8.00837,26810,81835,1,0
8138,0.181274,0.221409,2.17132,11.978,23999,132391,1,0
8139,0.279079,0.387115,3.61629,12.9584,42295,151552,1,0
8140,0.209043,0.264291,3.95775,18.9327,39825,190511,1,0
8141,0.269275,0.368503,8.05734,29.9219,107062,397594,1,0
8142,0.415266,0.710179,9.5411,22.9761,101371,244111,1,0
8143,0.425607,0.740969,44.1558,103.747,444230,1043756,1,0
8144,0.286347,0.401241,2.85421,9.96785,31225,109046,1,0
8145,0.28247,0.393669,5.07656,17.9715,55988,198209,1,0
8146,0.310275,0.449853,6.1855,19.9356,62189,200432,1,0
8147,0.293957,0.416344,15.2406,51.85,202572,689122,1,0
8148,0.208964,0.264165,3.12348,14.9474,31377,150155,1,0
8149,0.240548,0.316739,1.43822,5.97887,14462,60121,1,0
8150,0.174969,0.212075,3.13959,17.944,36317,207563,1,0
8151,0.320323,0.471288,2.87569,8.97738,32902,102715,1,0
8152,0.216581,0.276457,9.07416,41.8974,91069,420484,1,0
8153,0.298461,0.425438,8.94735,29.9784,118532,397144,1,0
8154,0.35139,0.54176,144.788,412.041,1454290,4138672,1,0
8155,0.151926,0.179142,3.18352,20.9542,32361,213005,1,0
8156,0.310523,0.450375,11.1526,35.9155,121731,392019,1,0
8157,0.535287,1.15186,5.88048,10.9857,71540,133648,1,0
8158,0.198908,0.248295,3.17465,15.9604,31827,160009,1,0
8159,0.345904,0.528829,8.2797,23.9359,110137,318403,1,0
8160,0.441015,0.788957,12.7617,28.9372,134140,304162,1,0
8161,0.349292,0.536787,2.79076,7.9898,28571,81797,1,0
8162,0.227707,0.294845,3.40859,14.9693,39325,172700,1,0
8163,0.532431,1.13872,13.2858,24.9535,161874,304028,1,0
8164,0.230644,0.299789,5.28987,22.9349,53655,232631,1,0
8165,0.280133,0.389145,17.0654,60.9162,225982,806696,1,0
8166,0.40849,0.690588,8.15842,19.9721,85220,208622,1,0
8167,0.469099,0.883591,7.02188,14.9689,71236,151857,1,0
8168,0.194117,0.240875,1.74592,8.99403,20063,103355,1,0
8169,0.33996,0.515061,33.9185,99.7696,373183,1097725,1,0
8170,0.206863,0.260816,3.50727,16.9546,35157,169953,1,0
8171,0.2591,0.34971,9.55729,36.8863,126689,488958,1,0
8172,0.321687,0.474245,5.46109,16.9761,57791,179650,1,0
8173,0.295031,0.418501,2.06187,6.98869,21213,71901,1,0
8174,0.307302,0.44363,4.59722,14.9599,51950,169052,1,0
8175,0.340309,0.515861,18.673,54.8727,206321,606276,1,0
8176,0.204016,0.256307,4.4768,21.9436,45381,222438,1,0
8177,0.308754,0.446663,30.8042,99.7709,410265,1328777,1,0
8178,0.298692,0.425908,9.8258,32.896,101855,341003,1,0
8179,0.253284,0.339197,4.29962,16.9755,43404,171365,1,0
8180,0.185775,0.228162,2.59434,13.9654,29547,159047,1,0
8181,0.451287,0.822446,5.40889,11.9855,59981,132911,1,0
8182,0.248434,0.330555,4.96206,19.9733,49857,200685,1,0
8183,0.341201,0.517913,16.6812,48.8896,222585,652358,1,0
8184,0.355392,0.551331,4.60335,12.9529,46255,130152,1,0
8185,0.419847,0.723684,4.18206,9.96091,42921,102230,1,0
8186,0.213869,0.272053,4.91079,22.9615,52916,247422,1,0
8187,0.225619,0.291354,4.05004,17.9505,51449,228035,1,0
8188,0.158521,0.188383,2.21708,13.9861,22223,140190,1,0
8189,0.379967,0.612818,13.6392,35.8951,186301,490308,2,0
8190,0.51254,1.05145,40.9095,79.8171,419564,818597,1,0
8191,0.351738,0.542587,3.86282,10.9821,39031,110966,1,0
8192,0.247929,0.329662,5.94209,23.9673,62883,253633,1,0
8193,0.248059,0.329891,9.4062,37.9184,113791,458726,1,0
8194,0.183121,0.224171,2.7454,14.9923,27578,150600,1,0
8195,0.269812,0.36951,11.5704,42.8824,154969,574360,1,0
8196,0.238211,0.3127,3.09031,12.9731,31835,133642,1,0
8197,0.576263,1.35995,24.1527,41.9126,244759,424735,1,0
8198,0.292515,0.413457,5.54166,18.945,59054,201884,2,0
8199,0.36971,0.58657,2.58146,6.98245,29464,79695,1,0
8200,0.193481,0.239896,2.12485,10.9822,21523,111241,1,0
8201,0.363521,0.571143,13.4337,36.9545,183076,503619,1,0
8202,0.40272,0.674256,4.81537,11.9571,48390,120158,1,0
8203,0.53971,1.17254,56.5416,104.763,571864,1059576,1,0
8204,0.173696,0.210209,2.25485,12.9814,25418,146336,1,0
8205,0.46634,0.873854,6.05111,12.9758,70811,151844,1,0
8206,0.292405,0.413237,6.42131,21.9603,64651,221101,1,0
8207,0.296386,0.421233,8.2866,27.9582,113086,381550,1,0
8208,0.227926,0.295212,3.41138,14.9672,35362,155147,1,0
8209,0.354431,0.54902,2.83217,7.99077,29002,81827,1,0
8210,0.182028,0.222536,2.18072,11.9803,24434,134232,1,0
8211,0.504837,1.01954,17.626,34.9139,225488,446655,1,0
8212,0.29918,0.4269,25.0694,83.7935,251867,841858,2,0
8213,0.342804,0.521616,8.88686,25.9235,119241,347840,1,0
8214,0.301996,0.432656,3.60347,11.9322,37651,124674,1,0
8215,0.332741,0.498668,2.65264,7.97211,27136,81553,1,0
8216,0.208732,0.263794,2.7089,12.978,30817,147639,1,0
8217,0.529215,1.12411,10.0229,18.9394,122563,231594,1,0
8218,0.259208,0.349907,30.7742,118.723,313356,1208896,1,0
8219,0.312216,0.453944,22.7421,72.8384,305540,978618,1,0
8220,0.392675,0.646565,4.30965,10.9751,43616,111074,2,0
8221,0.396823,0.657887,3.55972,8.97056,36093,90955,1,0
8222,0.176992,0.215055,2.29817,12.9846,26112,147532,1,0
8223,0.156011,0.184849,2.6512,16.9937,31304,200653,1,0
8224,0.190246,0.234943,3.79623,19.9543,38183,200703,1,0
8225,0.380303,0.613691,15.5447,40.874,209991,552168,1,0
8226,0.311156,0.451708,2.48672,7.99188,25545,82097,1,0
8228,0.150907,0.177728,4.21175,27.9077,47397,314080,1,0
8229,0.310835,0.451031,3.40505,10.9545,44077,141802,1,0
8230,0.197673,0.246375,2.75753,13.95,27935,141319,1,0
8231,0.316409,0.462862,15.1464,47.8686,205115,648260,1,0
8232,0.353752,0.547394,5.30036,14.9832,53845,152211,1,0
8233,0.315743,0.46144,2.84127,8.99868,28750,91055,1,0
8234,0.31664,0.463357,41.7151,131.737,461922,1458824,1,0
8235,0.209121,0.264416,5.00527,23.9347,60845,290956,1,0
8236,0.205975,0.259407,5.34121,25.9313,53539,259929,1,0
8237,0.387561,0.632816,68.4429,176.608,920572,2375295,1,0
8238,0.318501,0.467353,102.654,322.311,1055601,3314280,1,0
8239,0.34823,0.534283,4.17282,11.983,42522,122109,1,0
8240,0.243246,0.321433,12.6125,51.8546,145759,599225,1,0
8241,0.348899,0.535859,6.6147,18.9594,76316,218734,1,0
8242,0.233711,0.30499,21.6806,92.7668,217302,929790,1,0
8243,0.320668,0.472033,13.4403,41.9115,180422,562645,1,0
8244,0.422247,0.730845,9.68208,22.9299,99256,235066,1,0
8245,0.353587,0.547,5.99475,16.9541,60409,170846,1,0
8246,0.214079,0.272392,7.26756,33.9478,76165,355780,1,0
8247,0.360561,0.563871,4.67176,12.957,53614,148696,1,0
8248,0.217174,0.277423,4.11632,18.954,41874,192813,1,0
8249,0.370604,0.588825,14.8027,39.9443,198533,535701,1,0
8250,0.238529,0.313248,4.76244,19.966,48946,205199,1,0
8251,0.346823,0.53098,5.19274,14.9723,53167,153297,1,0
8252,0.258335,0.348318,18.3016,70.8448,210685,815549,1,0
8253,0.424883,0.738776,4.2421,9.9843,47128,110920,1,0
8254,0.201783,0.252792,3.42189,16.9582,34769,172309,1,0
8255,0.343788,0.523898,174.221,506.786,2362771,6872751,1,0
8256,0.35233,0.543996,5.61695,15.9424,57687,163730,1,0
8257,0.304307,0.437416,2.73118,8.9751,27562,90573,1,0
8258,0.332922,0.499076,192.625,578.578,2036397,6116733,2,0
8259,0.624298,1.66168,34.2668,54.8883,452325,724534,1,0
8260,0.221442,0.284426,3.09224,13.964,31313,141405,1,0
8261,0.36005,0.562623,9.34328,25.9498,126176,350440,1,0
8262,0.390847,0.641622,10.5205,26.9174,108089,276551,1,0
8263,0.485505,0.943654,97.8577,201.569,995503,2050448,1,0
8264,0.0501409,0.0527877,1.70031,33.9133,19116,381246,1,0
8265,0.36486,0.574457,9.47602,25.9715,109021,298802,1,0
8266,0.248435,0.330556,5.69952,22.9416,57852,232866,1,0
8267,0.364729,0.574132,10.9197,29.9389,148776,407908,1,0
8268,0.380227,0.613495,19.7323,51.896,198579,522264,1,0
8269,0.435945,0.772878,3.03584,6.96382,30633,70268,1,0
8270,0.282347,0.39343,16.3525,57.9169,173074,612984,1,0
8271,0.543216,1.18922,10.8576,19.9879,131850,242721,1,0
8272,0.230691,0.299869,6.21388,26.9359,62283,269984,1,0
8273,0.437614,0.778137,9.1658,20.9454,125575,286954,1,0
8274,0.373106,0.595167,3.71603,9.95969,37930,101660,1,0
8275,0.230827,0.300098,2.30018,9.96484,23377,101275,1,0
8276,0.268676,0.367384,1.87792,6.98945,21550,80208,1,0
8277,0.159562,0.189856,2.70684,16.9644,31842,199559,1,0
8278,0.137874,0.159923,2.2001,15.9573,22055,159965,1,0
8279,0.36265,0.568996,11.5826,31.9392,157975,435613,1,0
8280,0.380095,0.61315,7.58534,19.9564,76599,201526,1,0
8281,0.373901,0.597192,1.86277,4.98196,19054,50960,1,0
8282,0.288891,0.406254,2.30893,7.99242,24842,85991,1,0
8283,0.452395,0.826133,11.2688,24.9094,141914,313695,1,0
8284,0.276623,0.382406,25.9502,93.8107,260169,940517,1,0
8285,0.334085,0.501693,14.6652,43.8989,199252,596411,1,0
8286,0.412026,0.700754,5.35671,13.0008,54635,132601,1,0
8287,0.396172,0.6561,3.15281,7.95818,32288,81500,1,0
8288,0.181316,0.221473,2.89279,15.9544,30404,167685,1,0
8289,0.371073,0.590009,5.55706,14.976,64036,172570,1,0
8290,0.143314,0.167288,2.85862,19.9466,28656,199953,1,0
8291,0.246715,0.327518,17.4816,70.8621,237745,963644,1,0
8292,0.226615,0.293017,3.16583,13.9702,32352,142762,1,0
8293,0.362594,0.568859,2.53273,6.98499,25779,71096,1,0
8294,0.246129,0.326486,24.0724,97.8087,278417,1131185,2,0
8295,0.427259,0.745989,8.09246,18.9406,99227,232241,1,0
8296,0.278222,0.385467,3.88436,13.9614,38941,139964,1,0
8297,0.248572,0.330799,10.6722,42.9327,147842,594766,1,0
8298,0.365901,0.577042,4.37676,11.9616,44146,120650,1,0
8299,0.307694,0.444448,2.45633,7.983,24946,81074,1,0
8300,0.213528,0.2715,2.98323,13.9706,34278,160532,1,0
8301,0.265925,0.362258,6.89874,25.941,75863,285280,1,0
8302,0.249213,0.331935,3.74195,15.0151,37513,150526,1,0
8303,0.363982,0.572282,4.71644,12.9579,47785,131284,1,0
8304,0.509699,1.03956,33.0432,64.8291,333901,655095,1,0
8305,0.240267,0.316253,55.8597,232.475,640001,2663703,1,0
8306,0.465959,0.872516,4.17418,8.95819,48477,104037,1,0
8307,0.243176,0.321311,9.70059,39.8913,97254,399933,1,0
8308,0.328536,0.489283,3.60512,10.9733,36799,112009,1,0
8309,0.248239,0.33021,3.71486,14.9648,37495,151044,1,0
8310,0.230116,0.298897,6.65472,28.9187,74215,322511,2,0
8311,0.505001,1.02021,5.03035,9.96105,65589,129879,1,0
8312,0.127601,0.146264,1.65412,12.9632,16589,130007,1,0
8313,0.339792,0.514675,47.4687,139.7,484522,1425936,1,0
8314,0.359936,0.562343,2.50709,6.96539,25703,71410,1,0
8315,0.232961,0.303714,3.02468,12.9835,32703,140380,1,0
8316,0.427014,0.745244,7.2477,16.9722,84334,197497,1,0
8317,0.331393,0.495646,10.9098,32.9212,109353,329980,1,0
8318,0.419383,0.722306,14.6375,34.9025,148852,354931,1,0
8319,0.481821,0.929834,7.21323,14.9708,73296,152123,1,0
8320,0.142798,0.166586,1.70965,11.9722,19736,138209,2,0
8321,0.42876,0.750576,4.69993,10.9617,51449,119995,1,0
8322,0.122025,0.138985,1.94971,15.9779,19542,160147,1,0
8323,0.35222,0.543735,7.73582,21.963,78474,222798,1,0
8324,0.243995,0.322743,5.35364,21.9418,54021,221402,1,0
8325,0.180763,0.220647,1.62294,8.97825,18620,103008,1,0
8326,0.457509,0.843347,167.546,366.206,2126552,4648113,2,0
8327,0.181909,0.222359,4.17207,22.9349,41833,229966,2,0
8328,0.298895,0.426319,3.57948,11.9757,36258,121307,1,0
8329,0.372557,0.59377,5.5831,14.9859,56363,151287,1,0
8330,0.247992,0.329774,3.46246,13.9622,37827,152533,1,0
8331,0.60049,1.50306,28.1594,46.8946,342452,570288,1,0
8332,0.197251,0.24572,14.5736,73.8842,146363,742013,1,0
8333,0.386468,0.629906,6.17037,15.966,62442,161571,1,0
8334,0.270885,0.371526,10.2711,37.9166,105128,388091,1,0
8335,0.297928,0.424355,5.64723,18.9549,60073,201636,1,0
8336,0.252135,0.33714,16.1082,63.877,184438,731504,1,0
8337,0.222565,0.286281,2.66709,11.9834,26775,120302,1,0
8338,0.3092,0.447597,2.1638,6.99809,22007,71174,1,0
8339,0.421458,0.728484,6.73374,15.9773,68020,161392,1,0
8340,0.296498,0.42146,30.4798,102.796,347545,1172166,1,0
8341,0.361073,0.565124,8.99283,24.9059,98752,273496,1,0
8342,0.260804,0.352822,11.4511,43.9069,114781,440104,1,0
8343,0.480517,0.92499,19.1842,39.9239,194297,404350,2,0
8344,0.410917,0.697553,4.91306,11.9564,50461,122801,1,0
8345,0.307414,0.443864,7.97237,25.9351,90613,294759,1,0
8346,0.263901,0.358514,3.42601,12.9821,44009,166763,1,0
8347,0.18365,0.224964,1.64775,8.97225,16536,90041,1,0
8348,0.465584,0.871201,29.7389,63.8742,300446,645310,1,0
8349,0.435816,0.772471,4.3468,9.97391,43942,100827,1,0
8350,0.188257,0.231917,8.45077,44.8907,97890,519981,1,0
8351,0.381602,0.617082,11.7991,30.9184,148937,390294,2,0
8352,0.129633,0.14894,3.62053,27.9289,36463,281279,1,0
8353,0.343069,0.522229,55.7948,162.636,567145,1653153,1,0
8354,0.285366,0.399318,1.99503,6.99114,20505,71855,1,0
8355,0.350184,0.538897,16.0729,45.8985,172043,491293,1,0
8356,0.406123,0.68385,13.7693,33.9056,173107,426243,1,0
8357,0.0716334,0.0771606,1.14094,15.9275,11493,160442,1,0
8358,0.389953,0.639218,4.6663,11.9663,47251,121171,1,0
8359,0.325996,0.483672,5.85183,17.9505,59436,182321,1,0
8360,0.263086,0.357011,2.36594,8.99297,26040,98979,1,0
8361,0.366963,0.579685,7.33086,19.9767,81018,220780,1,0
8362,0.207286,0.261489,6.21069,29.9619,62253,300324,1,0
8363,0.316461,0.462973,66.3181,209.561,668095,2111148,1,0
8364,0.415586,0.711114,3.734,8.9849,38184,91880,1,0
8365,0.283171,0.395033,3.38716,11.9616,36185,127785,1,0
8366,0.477846,0.915142,25.2689,52.8806,365053,763956,2,0
8367,0.185381,0.227568,5.74061,30.9666,57634,310895,1,0
8368,0.404191,0.678389,9.67743,23.9427,97511,241250,1,0
8369,0.329834,0.492168,1.64253,4.9799,16716,50680,2,0
8370,0.245426,0.325251,8.07239,32.891,89012,362684,2,0
8371,0.390614,0.640995,36.6356,93.7865,463279,1186029,1,0
8372,0.112939,0.127318,3.82972,33.9098,38391,339928,1,0
8373,0.392522,0.64615,6.66025,16.9679,67427,171779,1,0
8374,0.324796,0.481033,3.89145,11.9813,39742,122360,1,0
8375,0.163051,0.194816,1.3022,7.98629,14100,86476,1,0
8376,0.166855,0.200271,2.66419,15.9673,30464,182578,1,0
8377,0.139234,0.161756,2.49926,17.95,25062,179999,1,0
8378,0.347694,0.533022,5.20595,14.9728,52669,151481,1,0
8379,0.357306,0.555949,4.63926,12.984,47060,131708,1,0
8380,0.188123,0.231714,1.31216,6.9748,15079,80155,1,0
8381,0.535914,1.15477,8.03622,14.9956,117490,219233,1,0
8382,0.0723644,0.0780095,0.50637,6.99751,5087,70297,1,0
8383,0.208586,0.263561,2.70281,12.9578,27380,131265,1,0
8384,0.340005,0.515163,2.71278,7.97866,27588,81140,1,0
8385,0.255118,0.342495,2.03425,7.97385,22892,89731,1,0
8386,0.315384,0.460674,11.9528,37.8977,138110,437910,1,0
8387,0.202256,0.253536,6.65811,32.919,66942,330976,1,0
8388,0.287636,0.403777,140.918,489.925,1426372,4958946,2,0
8389,0.362659,0.569018,1.81312,4.99951,18583,51241,1,0
8390,0.293006,0.414439,6.71455,22.9162,75183,256592,1,0
8391,0.449228,0.815634,3.13364,6.97564,35852,79808,1,0
8392,0.00834189,0.00841206,0.166624,19.9741,1674,200674,2,0
8393,0.400195,0.667208,2.80238,7.00253,28333,70798,1,0
8394,0.445879,0.80466,8.01779,17.982,81051,181778,1,0
8395,0.211862,0.268813,1.47751,6.97387,16650,78589,1,0
8396,0.322509,0.476033,6.11152,18.9504,68664,212906,1,0
8397,0.0919108,0.101213,0.643634,7.00279,6481,70514,1,0
8398,0.341855,0.519422,5.45259,15.95,55225,161545,1,0
8399,0.467776,0.878907,49.9305,106.741,508635,1087348,1,0
8400,0.20347,0.255445,9.94983,48.9001,113723,558919,1,0
8401,0.43512,0.770288,17.8003,40.9086,262578,603461,1,0
8402,0.0368544,0.0382646,0.47912,13.0003,4812,130568,2,0
8403,0.323591,0.478396,63.9292,197.562,645739,1995538,1,0
8404,0.338522,0.511766,7.42921,21.9459,75418,222786,1,0
8405,0.30691,0.442815,3.05828,9.96493,32910,107230,1,0
8406,0.602039,1.51281,7.79975,12.9557,107812,179078,1,0
8408,0.358302,0.558365,1.78782,4.98968,18105,50530,1,0
8409,0.410032,0.695006,9.81114,23.9277,99267,242096,1,0
8410,0.245778,0.325869,1.96645,8.00126,22556,91774,1,0
8411,0.483177,0.9349,6.74408,13.9576,82748,171258,1,0
8412,0.201443,0.252259,2.8121,13.9598,28256,140268,1,0
8413,0.320378,0.471407,2.23736,6.98353,22974,71709,1,0
8414,0.283739,0.396139,3.40516,12.0009,38614,136090,1,0
8415,0.382649,0.619825,6.11252,15.9746,74035,193480,1,0
8416,0.00899161,0.00907319,0.0806533,8.96981,810,90084,1,0
8417,0.384985,0.625976,1.91605,4.97698,19650,51041,1,0
8418,0.295049,0.418538,3.52682,11.9533,38287,129765,1,0
8419,0.178734,0.217633,15.335,85.7902,178323,997699,1,0
8421,0.4323,0.761493,1.73107,4.00431,17691,40923,1,0
8422,0.299342,0.42723,15.8315,52.8892,169842,567384,1,0
8423,0.380633,0.614552,7.21238,18.9486,83458,219261,2,0
8424,0.0234941,0.0240593,0.281755,11.9925,2830,120456,1,0
8425,0.38789,0.633692,2.32413,5.99175,23785,61319,1,0
8426,0.259171,0.349839,4.6506,17.9442,49202,189844,1,0
8427,0.536098,1.15563,57.2449,106.779,846592,1579174,2,0
8428,0.217097,0.277298,9.53506,43.9206,96626,445082,1,0
8429,0.352792,0.545099,8.0936,22.9418,83072,235470,1,0
8430,0.367957,0.582171,1.47179,3.99986,16653,45258,1,0
8431,0.308869,0.446904,3.08281,9.98103,38179,123609,1,0
8432,0.155148,0.18364,2.93896,18.9429,29485,190044,1,0
8433,0.388864,0.636298,2.32805,5.98679,23648,60813,1,0
8434,0.275428,0.380125,6.31807,22.9392,72031,261524,1,0
8435,0.303626,0.43601,19.9846,65.8193,229788,756813,1,0
8436,0.220363,0.282649,5.05335,22.9319,50699,230070,1,0
8437,0.349067,0.536257,4.88287,13.9884,49333,141328,2,0
8438,0.253728,0.339994,3.29021,12.9674,35068,138211,1,0
8439,0.401946,0.67209,13.6306,33.9119,167749,417342,1,0
8440,0.145205,0.169871,4.20501,28.9592,42186,290527,1,0
8441,0.439599,0.784438,14.9099,33.9169,152588,347107,1,0
8442,0.251983,0.336868,1.26183,5.00763,13789,54722,1,0
8443,0.575021,1.35306,9.17894,15.9629,119805,208349,1,0
8444,0.288871,0.406214,2.02059,6.99479,20658,71513,1,0
8445,0.226586,0.292969,2.9392,12.9717,31302,138146,1,0
8446,0.441495,0.790495,3.08205,6.98094,33864,76703,1,0
8447,0.334186,0.50192,2.66898,7.98651,27185,81347,1,0
8448,0.268423,0.36691,5.6233,20.9492,64676,240948,1,0
8449,0.462632,0.860922,9.23725,19.9662,119880,259126,1,0
8450,0.395003,0.652901,8.284,20.9721,85167,215611,1,0
8451,0.289131,0.406729,1.73224,5.99131,19948,68993,1,0
8452,0.604549,1.52876,9.04555,14.9625,110404,182622,1,0
8453,0.400938,0.669276,3.19865,7.97794,32658,81454,1,0
8454,0.170838,0.206037,2.386,13.9663,25735,150640,1,0
8455,0.43619,0.773649,16.5277,37.8904,207498,475705,1,0
8456,0.429045,0.751451,4.28022,9.97612,43748,101966,1,0
8457,0.146143,0.171157,1.6031,10.9698,18297,125199,1,0
8458,0.287653,0.403811,2.87354,9.98954,35898,124796,1,0
8459,0.344786,0.526219,1.72386,4.99981,17672,51255,1,0
8460,0.240263,0.316245,3.11311,12.9571,35268,146789,1,0
8461,0.395597,0.654525,16.5803,41.9109,204530,517016,1,0
8462,0.314116,0.457971,1.88563,6.00301,19298,61436,1,0
8463,0.282697,0.394111,3.94892,13.9688,43526,153967,1,0
8464,0.398795,0.663326,5.97241,14.976,65920,165298,1,0
8465,0.361347,0.565795,3.24544,8.98155,33116,91646,1,0
8466,0.302611,0.43392,11.7729,38.9039,123845,409255,2,0
8467,0.349095,0.536323,15.6676,44.8819,175035,501396,1,0
8468,0.523454,1.09843,4.69593,8.97103,47605,90944,1,0
8469,0.230727,0.299928,2.06678,8.95784,23347,101189,1,0
8470,0.279592,0.388102,3.90617,13.9713,45595,163077,1,0
8471,0.495406,0.981792,7.42129,14.9803,76298,154011,1,0
8472,0.252243,0.337333,5.28537,20.9532,59318,235162,1,0
8473,0.363737,0.571676,8.70797,23.9408,105895,291131,1,0
8474,0.304636,0.438096,2.73502,8.97801,27671,90833,1,0
8475,0.187808,0.231236,5.06167,26.9513,58350,310690,1,0
8476,0.226743,0.293231,1.58025,6.96932,17912,78997,1,0
8477,0.532448,1.1388,22.8288,42.8754,233661,438843,1,0
8478,0.23909,0.314217,5.72497,23.9443,66087,276410,1,0
8479,0.392114,0.645046,18.381,46.8751,231291,589856,1,0
8480,0.608514,1.55437,46.1444,75.8311,470026,772416,1,0
8481,0.28563,0.399834,8.56113,29.9733,97548,341519,1,0
8482,0.486742,0.948338,10.1936,20.9419,125633,258110,1,0
8483,0.245623,0.325598,8.09009,32.9374,82301,335070,1,0
8484,0.219237,0.280799,3.50285,15.9773,39227,178925,1,0
8485,0.414787,0.708781,45.1062,108.751,500864,1207520,1,0
8486,0.0136425,0.0138312,0.1767,12.9519,1800,131941,1,0
8487,0.207795,0.2623,2.69591,12.974,29979,144272,1,0
8488,0.117141,0.132683,1.63765,13.981,18933,161626,1,0
8489,0.314245,0.458246,1.88632,6.00271,19305,61433,1,0
8490,0.247524,0.328946,7.65169,30.9135,83083,335656,1,0
8491,0.446808,0.80769,9.81772,21.973,123797,277070,1,0
8492,0.38706,0.631481,5.79636,14.9754,58957,152320,1,0
8493,0.247101,0.3282,3.9396,15.9432,42305,171205,1,0
8494,0.396553,0.657146,4.74911,11.9762,52778,133092,1,0
8495,0.373851,0.597064,3.72791,9.97163,37621,100631,1,0
8496,0.123135,0.140426,3.19647,25.9584,36116,293304,1,0
8497,0.4392,0.783168,9.63136,21.9293,105362,239895,1,0
8498,0.578853,1.37447,33.4906,57.8564,339759,586952,1,0
8499,0.314663,0.459136,16.3307,51.9005,178042,565818,1,0
8500,0.328529,0.489268,3.27028,9.95443,36929,112407,1,0
8501,0.481975,0.93041,4.32872,8.98121,44174,91652,1,0
8502,0.280166,0.38921,5.02549,17.9375,53472,190858,1,0
8503,0.366727,0.579098,9.51789,25.9535,109687,299097,1,0
8504,0.369606,0.586309,2.94766,7.97511,29798,80621,1,0
8505,0.108774,0.122049,1.73352,15.9371,20107,184852,1,0
8506,0.476998,0.912039,30.93,64.8439,391729,821238,1,0
8507,0.267417,0.365034,2.13371,7.97893,21779,81442,1,0
8508,0.272148,0.373906,4.8876,17.9594,54093,198763,1,0
8509,0.278538,0.386075,3.61713,12.9862,40729,146224,1,0
8510,0.351931,0.543045,3.51294,9.98193,35646,101287,1,0
8511,0.202019,0.253163,1.61173,7.97814,18431,91234,1,0
8512,0.18757,0.230875,11.0412,58.8637,127527,679891,1,0
8513,0.353009,0.545618,1.76069,4.98767,17947,50840,1,0
8514,0.164516,0.196911,6.40135,38.9128,72830,442693,1,0
8515,0.206385,0.260058,2.26548,10.9768,26135,126632,1,0
8516,0.419195,0.721748,5.44276,12.9839,55960,133494,1,0
8517,0.215984,0.275484,2.80775,12.9996,32217,149164,1,0
8518,0.231476,0.301195,16.1745,69.8748,186446,805466,1,0
8519,0.544047,1.19321,16.829,30.9329,172272,316649,2,0
8520,0.227208,0.29401,1.58502,6.97603,17351,76366,2,0
8521,0.638287,1.76462,14.6307,22.9218,192566,301692,1,0
8522,0.332213,0.497483,1.99132,5.99411,20260,60985,1,0
8523,0.282094,0.39294,1.96353,6.96063,22598,80108,1,0
8524,0.380525,0.614271,9.4795,24.9118,118300,310886,1,0
8525,0.388786,0.636088,3.48949,8.9754,35661,91724,2,0
8526,0.232926,0.303656,2.32277,9.97178,26108,112087,1,0
8527,0.252335,0.337497,2.2684,8.98962,26831,106331,1,0
8528,0.249705,0.332809,1.4968,5.99428,15228,60984,2,0
8529,0.151783,0.178943,1.5167,9.99249,17435,114868,1,0
8530,0.265245,0.360998,2.90704,10.9598,33253,125367,1,0
8531,0.430606,0.756252,7.30118,16.9557,74183,172276,1,0
8532,0.284234,0.397104,1.136,3.99669,12971,45635,1,0
8533,0.435384,0.771115,9.1216,20.9506,100895,231738,1,0
8534,0.402934,0.674856,4.02195,9.98166,40818,101302,1,0
8535,0.263203,0.357226,5.25653,19.9714,57070,216829,1,0
8536,0.303518,0.435787,17.2521,56.8386,202161,666060,1,0
8537,0.446161,0.805579,7.55846,16.941,76584,171651,1,0
8538,0.153544,0.181397,1.53313,9.98518,17561,114371,1,0
8539,0.246823,0.327709,2.95219,11.9602,33696,136519,1,0
8540,0.405823,0.683,10.1292,24.9598,103286,254510,1,0
8541,0.278804,0.386586,5.2832,18.9496,56517,202712,1,0
8542,0.309388,0.44799,2.46732,7.97489,28050,90663,1,0
8543,0.442265,0.792967,49.4219,111.749,501842,1134708,1,0
8544,0.356803,0.554734,12.8147,35.9157,144426,404778,1,0
8545,0.48883,0.956297,10.2456,20.9599,129298,264505,1,0
8546,0.297307,0.423096,1.48675,5.00071,15223,51203,1,0
8547,0.130332,0.149864,1.81724,13.9428,20617,158188,1,0
8548,0.101415,0.11286,1.01332,9.99163,11715,115516,1,0
8549,0.348582,0.535112,2.77883,7.97177,28225,80971,1,0
8550,0.247454,0.328822,5.67325,22.927,64144,259216,1,0
8551,0.169787,0.20451,3.89476,22.94,44988,264967,1,0
8552,0.304603,0.438028,3.34315,10.9754,34005,111637,1,0
8553,0.241791,0.318898,3.38104,13.9832,38681,159977,1,0
8554,0.241328,0.318093,5.53767,22.9471,63917,264855,1,0
8555,0.351899,0.542969,1.39896,3.9755,14361,40810,1,0
8556,0.256691,0.345335,26.3786,102.769,297987,1160880,1,0
8557,0.329084,0.490499,214.411,651.549,2470465,7507106,1,0
8558,0.317796,0.465837,4.12597,12.983,42148,132626,1,0
8559,0.196478,0.244521,7.64388,38.9038,80233,408356,1,0
8561,0.400415,0.667819,7.18951,17.9552,73205,182823,1,0
8562,0.0600582,0.0638957,1.43965,23.9713,14976,249358,1,0
8563,0.204089,0.256421,6.72416,32.9474,74383,364464,1,0
8564,0.576018,1.35859,90.2472,156.673,924142,1604362,1,0
8565,0.327323,0.486599,91.7636,280.388,996966,3045813,1,0
8566,0.472468,0.895618,7.5316,15.9407,92838,196496,1,0
8567,0.356063,0.552946,4.26181,11.9692,43435,121987,1,0
8568,0.26655,0.363419,2.66572,10.0009,28665,107541,1,0
8569,0.288018,0.40453,8.61506,29.9097,100459,348794,1,0
8570,0.48133,0.928009,18.7407,38.9353,190883,396574,1,0
8571,0.234663,0.306614,1.40531,5.9886,16127,68724,1,0
8572,0.255209,0.342658,10.9574,42.9357,125891,493286,1,0
8573,0.346007,0.529068,5.17624,14.9599,52783,152549,1,0
8574,0.294545,0.417525,21.1618,71.8462,224470,762091,1,0
8575,0.395579,0.654475,10.2536,25.9206,112855,285291,1,0
8576,0.448687,0.813852,5.37405,11.9773,55206,123039,1,0
8577,0.176281,0.214007,1.23215,6.98974,14023,79549,2,0
8578,0.381687,0.617305,6.09438,15.9675,74163,194303,1,0
8579,0.253799,0.340121,2.27656,8.96998,23235,91549,1,0
8580,0.26135,0.353821,3.38697,12.96,38927,148946,1,0
8581,0.403549,0.676584,6.84302,16.9565,79460,196903,1,0
8582,0.375406,0.601039,4.8753,12.987,49867,132835,1,0
8583,0.0275875,0.0283702,1.54165,55.8795,16032,581132,1,0
8584,0.368514,0.583568,57.7379,156.674,716021,1942993,1,0
8585,0.313199,0.456027,4.68671,14.964,47865,152826,1,0
8586,0.23206,0.302185,1.62375,6.99705,18501,79725,1,0
8587,0.429002,0.75132,5.99579,13.9759,73736,171878,1,0
8588,0.308425,0.445975,2.46329,7.9867,25347,82182,1,0
8589,0.030912,0.0318981,1.38881,44.9273,14437,467035,1,0
8590,0.154925,0.183327,2.78112,17.9511,31890,205841,1,0
8591,0.300238,0.429058,2.09711,6.98483,21428,71370,1,0
8592,0.259603,0.350626,3.36992,12.9812,35510,136786,2,0
8593,0.514666,1.06044,6.66796,12.9559,99660,193640,1,0
8594,0.234706,0.306687,1.87449,7.98656,19290,82188,1,0
8595,0.274407,0.378183,1.64018,5.97718,18745,68311,1,0
8596,0.414381,0.707596,6.61635,15.9667,84027,202777,1,0
8597,0.294306,0.417046,2.64869,8.99976,27143,92227,1,0
8598,0.200083,0.250129,1.59931,7.99332,18385,91887,1,0
8599,0.351176,0.541249,15.08,42.9381,184205,524538,1,0
8600,0.245284,0.325001,5.39075,21.9779,55311,225498,1,0
8601,0.24555,0.325469,2.93623,11.9578,31024,126345,1,0
8602,0.29174,0.411911,3.1938,10.9473,37486,128491,1,0
8603,0.271863,0.373367,1.08543,3.99253,11092,40800,1,0
8604,0.297307,0.423098,4.75284,15.9863,51312,172589,1,0
8605,0.338135,0.510881,4.04449,11.9611,46482,137466,1,0
8606,0.225318,0.290852,1.5726,6.97942,16845,74761,1,0
8607,0.438531,0.781044,10.0682,22.9595,125131,285341,1,0
8608,0.218943,0.280316,4.80341,21.9392,50356,229996,1,0
8609,0.443945,0.798384,6.6448,14.9679,88520,199394,1,0
8610,0.243908,0.32259,1.94673,7.9815,20798,85270,1,0
8611,0.376843,0.604733,7.53227,19.9878,95913,254517,1,0
8612,0.227955,0.295262,2.04384,8.96584,23468,102950,1,0
8613,0.420597,0.725913,9.64881,22.9398,125077,297380,1,0
8614,0.290737,0.409914,12.1759,41.8795,132531,455845,1,0
8615,0.0627163,0.0669128,0.750872,11.9726,8428,134383,1,0
8616,0.104556,0.116764,8.97629,85.8487,93918,898257,1,0
8617,0.0992866,0.110231,2.08066,20.9574,23339,235067,1,0
8618,0.212311,0.269537,5.29456,24.9393,60613,285491,1,0
8620,0.195317,0.242725,1.17167,5.99884,12896,66026,1,0
8621,0.428441,0.749599,10.6783,24.923,116894,272836,1,0
8622,0.231856,0.301839,7.86676,33.9299,82982,357903,1,0
8623,0.581503,1.3895,9.27207,15.945,113639,195423,1,0
8624,0.157834,0.187415,1.42067,9.00093,15994,101334,1,0
8625,0.346397,0.529981,3.45351,9.97004,38404,110867,1,0
8626,0.303191,0.435113,32.0699,105.77,363675,1199493,1,0
8627,0.426196,0.742755,5.54248,13.0045,68560,160865,1,0
8628,0.170588,0.205673,0.85189,4.99383,9644,56534,1,0
8629,0.320614,0.471917,23.9707,74.7684,268640,837893,1,0
8630,0.0205204,0.0209503,1.02373,49.8891,10636,518314,2,0
8631,0.373875,0.597126,3.72409,9.96086,42805,114490,1,0
8632,0.197042,0.245395,1.1814,5.99574,13455,68285,1,0
8633,0.417169,0.715763,9.56458,22.9277,117907,282636,1,0
8634,0.287804,0.404108,3.44228,11.9606,36872,128115,1,0
8635,0.268321,0.366719,28.1048,104.74,334746,1247560,1,0
8636,0.0572416,0.0607172,1.02836,17.965,10764,188045,1,0
8637,0.280476,0.389809,3.91662,13.9652,42762,152462,1,0
8638,0.240411,0.316502,2.63752,10.9709,28808,119828,1,0
8639,0.514972,1.06174,12.3257,23.9352,162347,315254,2,0
8640,0.164477,0.196854,2.29976,13.9823,26372,160339,1,0
8641,0.412544,0.702255,6.16951,14.9547,67972,164763,1,0
8642,0.0933773,0.102995,1.86404,19.9625,21200,227036,1,0
8643,0.357722,0.556957,8.92964,24.9626,102821,287433,1,0
8644,0.114076,0.128766,1.36633,11.9773,14204,124513,2,0
8645,0.304283,0.437366,10.9447,35.9691,123437,405665,1,0
8646,0.192839,0.23891,1.72835,8.96255,19314,100156,1,0
8647,0.119339,0.135511,0.952319,7.97933,10992,92107,1,0
8648,0.327414,0.486798,19.2737,58.866,206911,631956,1,0
8649,0.507219,1.0293,13.6606,26.9323,168424,332054,1,0
8650,0.261947,0.354916,1.04403,3.98564,11758,44887,1,0
8651,0.204722,0.257422,2.65873,12.987,30583,149388,1,0
8652,0.229644,0.298101,7.79252,33.9331,88125,383746,1,0
8653,0.402664,0.6741,6.83569,16.9752,99332,246687,1,0
8654,0.25788,0.34749,2.05904,7.98453,23089,89534,1,0
8655,0.615298,1.59942,9.21736,14.9803,129628,210675,1,0
8656,0.168854,0.203158,2.36251,13.9918,27146,160766,1,0
8657,0.129727,0.149065,2.32501,17.9225,26237,202248,1,0
8658,0.143809,0.167964,1.14736,7.97808,12988,90314,1,0
8660,0.31307,0.455752,65.2758,208.515,735460,2349190,2,0
8661,0.273124,0.37575,2.17909,7.97833,24745,90600,1,0
8662,0.342646,0.521251,11.2878,32.9429,120273,351012,1,0
8663,0.566988,1.3094,6.22138,10.9727,93236,164441,1,0
8664,0.130861,0.150564,1.4341,10.9592,16283,124430,1,0
8665,0.204501,0.257073,1.6326,7.98345,19163,93706,2,0
8666,0.247323,0.328591,26.648,107.746,304879,1232715,1,0
8667,0.470851,0.889826,6.57857,13.972,88648,188272,1,0
8668,0.119353,0.135528,0.95189,7.9755,10702,89667,1,0
8669,0.373188,0.595375,5.95792,15.9646,71916,192707,1,0
8670,0.216948,0.277054,1.29781,5.98208,14191,65412,1,0
8671,0.470948,0.890174,4.22987,8.98158,46711,99185,2,0
8672,0.306398,0.44175,38.5055,125.671,410365,1339318,1,0
8673,0.345335,0.5275,4.82008,13.9574,56414,163360,1,0
8674,0.24722,0.328409,6.41488,25.9478,73211,296137,1,0
8675,0.333834,0.501128,5.33311,15.9754,59326,177711,1,0
8676,0.303243,0.435221,1.50936,4.9774,17045,56209,1,0
8677,0.298572,0.425662,22.3561,74.8802,283803,950536,1,0
8678,0.203342,0.255244,1.82472,8.97358,19760,97176,1,0
8679,0.323297,0.477754,3.22531,9.97641,39032,120731,1,0
8680,0.131525,0.151444,7.08872,53.8966,74178,563983,1,0
8681,0.432189,0.761149,7.33176,16.9644,85133,196981,1,0
8682,0.124754,0.142536,1.61664,12.9584,16890,135386,1,0
8683,0.435824,0.772496,10.8759,24.954,133651,306663,1,0
8684,0.0741168,0.0800498,0.88637,11.9591,9252,124830,1,0
8685,0.543389,1.19005,53.1252,97.7619,650425,1196979,1,0
8686,0.22952,0.297892,9.3812,40.8728,107717,469314,1,0
8687,0.483932,0.937731,6.75619,13.961,83323,172179,1,0
8688,0.225953,0.291911,1.12648,4.98542,12107,53582,1,0
8689,0.542442,1.18551,8.12037,14.9698,98988,182486,1,0
8690,0.230426,0.29942,1.3815,5.99539,15445,67028,1,0
8691,0.517312,1.07173,7.74053,14.9631,105960,204828,1,0
8692,0.239436,0.314814,1.91201,7.98541,20694,86428,1,0
8693,0.288178,0.404845,6.60755,22.9291,76353,264951,1,0
8694,0.178419,0.217166,15.8375,88.7625,165850,929553,1,0
8695,0.491049,0.964827,14.2055,28.9289,155095,315844,1,0
8696,0.214477,0.273037,1.92496,8.97505,20448,95339,1,0
8697,0.0312522,0.0322604,1.09042,34.8909,12614,403620,1,0
8698,0.161064,0.191986,2.7299,16.949,28576,177420,1,0
8699,0.175061,0.212211,4.54006,25.9339,52044,297291,1,0
8700,0.0782254,0.0848639,1.3264,16.9556,13751,175787,1,0
8701,0.49631,0.985347,8.42509,16.9756,104026,209599,1,0
8702,0.268977,0.367946,7.24713,26.9432,81305,302275,1,0
8703,0.453924,0.831247,9.97188,21.9675,150070,330606,1,0
8704,0.206874,0.260834,7.63249,36.8939,81961,396188,1,0
8705,0.427193,0.745789,5.1143,11.972,58226,136299,1,0
8706,0.227283,0.294134,1.3627,5.99567,15525,68307,1,0
8707,0.645988,1.82476,5.80601,8.98769,85616,132535,1,0
8708,0.102268,0.113919,1.53106,14.9707,17493,171050,1,0
8709,0.382614,0.619733,8.01999,20.9609,101723,265863,1,0
8710,0.171322,0.206742,1.1961,6.98156,12855,75034,1,0
8711,0.304721,0.438272,3.64276,11.9546,43797,143728,1,0
8712,0.178276,0.216953,1.24481,6.98249,14261,79994,1,0
8713,0.33661,0.507408,4.70002,13.9627,57603,171127,1,0
8714,0.148053,0.173782,2.21553,14.9643,25296,170858,1,0
8715,0.214106,0.272437,1.50128,7.01184,17907,83636,1,0
8716,0.220056,0.282144,1.97746,8.98609,21202,96348,1,0
8717,0.458621,0.847135,5.94657,12.9663,69288,151079,1,0
8718,0.0348109,0.0360664,0.937323,26.9256,10733,308323,1,0
8719,0.450295,0.819158,11.6778,25.933,153307,340459,1,0
8720,0.11093,0.124771,1.55149,13.9857,17561,158307,1,0
8721,0.212095,0.269189,1.6954,7.99359,18430,86895,1,0
8722,0.226866,0.293437,1.81332,7.99288,20280,89392,1,0
8723,0.345209,0.527206,3.09814,8.97471,38912,112720,1,0
8724,0.27511,0.37952,1.37123,4.98421,14577,52986,1,0
8725,0.323823,0.478902,2.58659,7.98782,32357,99922,1,0
8726,0.272031,0.373685,2.17399,7.99167,23232,85402,1,0
8727,0.409575,0.693696,4.90793,11.9829,60414,147504,1,0
8728,0.186898,0.229858,16.4074,87.7884,170947,914653,1,0
8729,0.467871,0.879244,8.40241,17.9585,92835,198420,1,0
8730,0.250596,0.334394,1.24704,4.97631,14087,56214,1,0
8731,0.316235,0.462491,3.15115,9.96472,35492,112233,1,0
8732,0.16216,0.193546,5.01533,30.9292,57170,352552,1,0
8733,0.257364,0.346554,2.31087,8.97887,25942,100799,1,0
8734,0.118605,0.134566,1.18481,9.98976,13329,112381,1,0
8735,0.365932,0.577119,9.85397,26.9273,125768,343692,1,0
8736,0.110787,0.12459,3.53695,31.9259,39863,359816,1,0
8737,0.529471,1.12527,29.5817,55.8711,388202,733188,1,0
8738,0.186155,0.228734,2.04739,10.9983,22448,120588,1,0
8739,0.188023,0.231562,4.12681,21.9491,47638,253363,1,0
8740,0.193454,0.239855,2.3155,11.9693,25285,130703,1,0
8741,0.00613362,0.00617147,0.367356,59.8902,4235,690457,1,0
8742,0.14378,0.167924,1.14752,7.98114,13153,91480,1,0
8743,0.52741,1.116,28.9403,54.8739,414658,786216,1,0
8744,0.180216,0.219834,0.899899,4.99354,10246,56854,1,0
8745,0.459713,0.850868,999.463,2174.11,13069238,28429120,2,0
8746,0.205404,0.258502,3.07342,14.9631,32367,157577,1,0
8747,0.404872,0.680312,8.48774,20.964,108056,266889,1,0
8748,0.101735,0.113257,0.913957,8.98381,10438,102600,1,0
8750,0.137324,0.159183,1.09487,7.97297,12029,87596,1,0
8751,0.44126,0.78974,14.9835,33.9556,182280,413090,1,0
8752,0.279576,0.388072,1.67135,5.97809,19182,68611,1,0
8753,0.563921,1.29316,7.86318,13.9438,113136,200624,1,0
8754,0.304645,0.438114,8.21405,26.963,91985,301942,2,0
8755,0.466834,0.875587,9.31792,19.9599,113603,243348,1,0
8756,0.236287,0.309393,1.41737,5.99847,15241,64502,1,0
8757,0.449414,0.816247,6.72313,14.9601,82090,182660,1,0
8758,0.297455,0.423397,11.2792,37.9208,128996,433665,1,0
8759,0.474117,0.901565,8.9818,18.9444,114716,241957,1,0
8760,0.207521,0.261863,6.41524,30.9136,70741,340886,1,0
8761,0.328509,0.489223,3.60643,10.9784,45624,138882,1,0
8762,0.147205,0.172615,4.4058,29.9282,49923,339139,1,0
8763,0.53018,1.12847,18.5115,34.9153,225874,426033,1,0
8764,0.214464,0.273016,1.7109,7.9775,19433,90612,1,0
8765,0.284823,0.398254,6.53261,22.9352,76519,268655,1,0
8766,0.307965,0.445013,15.6727,50.889,176542,573254,1,0
8767,0.43773,0.778505,10.494,23.974,134616,307532,1,0
8768,0.128365,0.14727,1.02639,7.99558,11548,89962,1,0
8769,0.388233,0.634609,8.1337,20.951,104067,268053,1,0
8770,0.257972,0.347658,2.06082,7.98843,22441,86990,1,0
8771,0.213499,0.271454,2.98416,13.9767,34181,160099,1,0
8772,0.148675,0.174639,1.63117,10.9714,18700,125778,1,0
8773,0.513078,1.05372,8.19725,15.9768,106243,207070,1,0
8774,0.280319,0.389505,7.27082,25.9371,80686,287836,1,0
8775,0.378244,0.608349,6.79534,17.9654,83449,220622,1,0
8776,0.258892,0.349332,7.75008,29.9357,83673,323196,1,0
8777,0.361948,0.567271,4.69811,12.9803,56591,156351,1,0
8778,0.214846,0.273636,0.854227,3.97607,9748,45372,1,0
8779,0.55798,1.26234,15.0359,26.9474,193182,346217,1,0
8780,0.255002,0.342286,7.89144,30.9463,84899,332934,1,0
8781,0.208568,0.263533,9.15362,43.8867,105059,503715,1,0
8782,0.0283019,0.0291262,0.705474,24.9268,7301,257969,1,0
8783,0.438038,0.779481,50.2882,114.804,655309,1496008,2,0
8784,0.133303,0.153806,1.19627,8.97417,13618,102158,1,0
8785,0.434778,0.769215,5.19411,11.9466,57005,131113,1,0
8786,0.140842,0.16393,0.844321,5.99482,9574,67977,1,0
8787,0.346993,0.531377,3.11596,8.97978,39273,113181,1,0
8788,0.215611,0.274878,1.72128,7.98321,19311,89564,1,0
8789,0.533074,1.14166,262.229,491.933,3336775,6259502,2,0
8790,0.214066,0.272372,1.9202,8.96991,21479,100338,1,0
8791,0.557422,1.25949,7.78859,13.9726,103933,186453,1,0
8792,0.232542,0.303002,2.55038,10.9674,26613,114444,1,0
8793,0.483033,0.93436,30.8496,63.8684,405502,839491,1,0
8794,0.214296,0.272744,5.98384,27.9243,67648,315675,1,0
8795,0.267425,0.365047,8.80661,32.9315,114649,428715,1,0
8796,0.138271,0.160457,1.79484,12.9816,20544,148578,1,0
8797,0.559288,1.26906,70.3289,125.746,952597,1703231,1,0
8799,0.376482,0.603803,3.00276,7.97559,37722,100196,1,0
8800,0.045339,0.0474922,0.54312,11.9793,5617,123889,1,0
8801,0.606623,1.54209,15.1201,24.9251,215572,355364,1,0
8802,0.108014,0.121093,1.1835,10.9574,13511,125086,1,0
8803,0.460256,0.852729,7.35098,15.9714,95330,207124,1,0
8804,0.299009,0.426552,11.333,37.902,120754,403847,1,0
8805,0.482381,0.931922,6.2537,12.9641,92962,192715,1,0
8806,0.284789,0.398188,34.6669,121.722,387298,1359949,1,0
8807,0.193436,0.239827,1.9295,9.97505,22166,114591,1,0
8808,0.228066,0.295448,1.59098,6.9759,16928,74224,1,0
8809,0.473484,0.899277,13.706,28.9471,175153,369924,1,0
8810,0.130013,0.149443,1.16801,8.98372,13463,103551,1,0
8811,0.26301,0.356871,3.67193,13.9615,42438,161355,1,0
8812,0.279546,0.388014,17.5703,62.8544,201765,721759,1,0
8813,0.296377,0.421215,3.54529,11.962,39606,133634,1,0
8814,0.285023,0.398647,13.0849,45.9087,149921,525996,1,0
8815,0.478355,0.917013,16.2206,33.9087,209089,437100,1,0
8816,0.254622,0.341602,3.04642,11.9644,32679,128343,1,0
8817,0.171829,0.20748,12.3455,71.8418,144001,838047,1,0
8818,0.10791,0.120963,1.61542,14.9694,18119,167909,1,0
8819,0.392039,0.644842,6.26016,15.968,70932,180931,1,0
8820,0.230128,0.298918,2.52862,10.9878,26462,114988,1,0
8821,0.614414,1.59346,25.149,40.9319,330848,538477,1,0
8822,0.290255,0.408956,5.21355,17.962,54841,188941,1,0
8823,0.428178,0.748795,24.7814,57.8738,315913,737808,1,0
8824,0.165714,0.198629,1.49106,8.99789,15532,93728,1,0
8825,0.179014,0.218048,3.39566,18.9674,39420,220206,1,0
8826,0.185059,0.227082,4.62418,24.9883,52064,281338,1,0
8827,0.378188,0.608202,14.7141,38.9075,162837,430572,1,0
8828,0.222751,0.286589,1.77746,7.97974,18871,84718,1,0
8829,0.347357,0.532231,4.84767,13.956,54757,157639,1,0
8830,0.199954,0.249927,2.19799,10.9923,24950,124779,2,0
8831,0.472609,0.896128,25.9308,54.8652,332190,702885,1,0
8832,0.163768,0.195841,2.61242,15.9519,29222,178435,1,0
8833,0.263833,0.358388,4.2132,15.9683,47256,179113,1,0
8834,0.273318,0.376117,5.17546,18.9358,55387,202647,1,0
8835,0.438512,0.780981,6.13651,13.9938,76540,174545,1,0
8836,0.0905132,0.0995211,2.52993,27.9518,29013,320539,1,0
8837,0.332957,0.499153,4.64735,13.9588,60393,181384,2,0
8838,0.200215,0.250336,1.99785,9.97828,22736,113558,1,0
8839,0.396453,0.656872,6.33614,15.9822,71287,179812,1,0
8840,0.123839,0.141343,1.72862,13.9586,17855,144179,2,0
8841,0.481382,0.928201,29.7699,61.8415,386592,803088,2,0
8842,0.280889,0.390606,4.48479,15.9666,48905,174108,1,0
8843,0.428992,0.75129,45.796,106.748,668024,1557193,1,0
8844,0.39197,0.644655,9.76289,24.9073,103480,264000,1,0
8845,0.492163,0.969136,22.5863,45.8913,292646,594612,1,0
8846,0.154336,0.182502,2.00031,12.9603,22650,146758,1,0
8847,0.492902,0.972005,10.3083,20.9132,133433,270709,1,0
8848,0.245954,0.326179,2.45718,9.99038,25682,104418,1,0
8849,0.0254228,0.026086,0.53241,20.9442,6210,244269,1,0
8850,0.23754,0.311544,1.4215,5.98413,15971,67235,1,0
8851,0.414309,0.707386,4.12937,9.96684,45828,110613,1,0
8852,0.224911,0.290174,6.05849,26.9371,68791,305859,2,0
8853,0.517966,1.07454,105.936,204.524,1363416,2632248,1,0
8854,0.171129,0.206461,1.53509,8.97055,17276,100953,1,0
8855,0.302672,0.434044,5.13492,16.965,58359,192813,1,0
8856,0.187224,0.230351,2.05428,10.9722,23490,125465,1,0
8857,0.394796,0.652334,3.54182,8.97138,39598,100300,1,0
8858,0.230997,0.300386,1.38435,5.99288,15493,67070,1,0
8859,0.473344,0.898772,23.6228,49.9063,304715,643750,1,0
8860,0.236194,0.309233,38.8898,164.649,442966,1875431,1,0
8862,0.262309,0.355581,2.3485,8.95318,25104,95704,1,0
8863,0.217813,0.278466,4.3467,19.9559,50790,233182,1,0
8864,0.255407,0.343016,3.06024,11.9818,33726,132048,1,0
8865,0.427301,0.746117,4.69018,10.9762,51303,120063,1,0
8866,0.191491,0.236844,10.8956,56.9005,113292,591632,1,0
8867,0.489423,0.958567,14.6463,29.9258,159912,326736,1,0
8868,0.286113,0.400783,4.85331,16.9629,51214,178999,1,0
8869,0.490141,0.961327,12.7301,25.9716,168933,344662,1,0
8870,0.0968141,0.107192,1.45051,14.9826,15024,155184,1,0
8871,0.438823,0.781968,4.82563,10.9968,59869,136431,1,0
8872,0.250172,0.333639,1.49318,5.96863,16035,64096,1,0
8873,0.244766,0.324093,3.65934,14.9502,42346,173006,2,0
8874,0.27054,0.370877,1.89033,6.98722,20271,74928,1,0
8875,0.475666,0.90718,8.06722,16.96,98420,206910,1,0
8876,0.29994,0.42845,2.69525,8.9859,28174,93932,1,0
8877,0.479007,0.919412,14.8211,30.9398,216175,451298,1,0
8878,0.150473,0.177126,1.19998,7.97477,13127,87238,1,0
8879,0.412111,0.701003,67.8332,164.608,886898,2152083,2,0
8880,0.235157,0.307457,1.40222,5.96291,14603,62099,1,0
8881,0.385551,0.627475,7.31641,18.9762,93165,241641,1,0
8882,0.276787,0.382718,3.86808,13.975,43091,155683,1,0
8883,0.506741,1.02733,8.59462,16.9606,108956,215013,1,0
8884,0.160583,0.191303,0.962552,5.99429,10915,67971,1,0
8885,0.408296,0.690034,6.11481,14.9765,75262,184332,1,0
8886,0.306043,0.441012,76.0443,248.479,829447,2710227,1,0
8887,0.502006,1.00806,7.00811,13.9604,103334,205842,1,0
8888,0.198831,0.248176,2.38386,11.9893,24897,125217,1,0
8889,0.505864,1.02374,8.07653,15.9655,102567,202756,1,0
8890,0.0905243,0.0995347,3.70267,40.9029,38180,421765,1,0
8891,0.405035,0.68077,8.89547,21.9625,113404,279986,1,0
8892,0.170882,0.206101,1.87391,10.9661,21458,125572,1,0
8893,0.385005,0.62603,9.59135,24.9121,119320,309918,1,0
8894,0.144195,0.168491,1.15191,7.98847,12900,89462,1,0
8895,0.42173,0.729297,47.9615,113.735,595584,1412239,1,0
8896,0.208343,0.263174,1.87312,8.99054,20566,98712,1,0
8897,0.148276,0.17409,1.18531,7.99402,13626,91896,1,0
8898,0.222652,0.286425,5.99909,26.9434,64280,288702,1,0
8899,0.400507,0.668077,3.59611,8.97897,40120,100173,1,0
8900,0.452288,0.825778,15.7932,34.9182,164144,362919,1,0
8901,0.376985,0.605097,3.01294,7.99248,43829,116262,1,0
8902,0.174459,0.211327,15.6696,89.8185,161406,925180,1,0
8903,0.198359,0.247441,15.4346,77.8194,204932,1033136,2,0
8904,0.243265,0.321466,7.52778,30.9446,84848,348789,1,0
8905,0.423366,0.734203,42.6624,100.768,621943,1469043,1,0
8906,0.304168,0.437129,3.33745,10.9723,36165,118898,1,0
8907,0.436546,0.774769,22.2159,50.8889,288290,660388,1,0
8908,0.203917,0.256151,1.63243,8.0053,17366,85162,1,0
8909,0.366528,0.578603,20.1158,54.8795,224804,613333,2,0
8910,0.209485,0.264998,1.67726,8.00656,19135,91343,1,0
8911,0.46431,0.866752,7.87844,16.9685,101670,218970,1,0
8912,0.199352,0.248988,1.19243,5.98168,13413,67283,1,0
8913,0.506798,1.02757,13.1349,25.9173,167116,329749,1,0
8914,0.328395,0.488972,1.31222,3.99586,13678,41651,1,0
8915,0.352402,0.544169,3.51216,9.96647,43792,124267,1,0
8916,0.146041,0.171016,1.1659,7.9832,13173,90201,1,0
8917,0.445993,0.805033,7.56439,16.9604,92268,206882,1,0
8918,0.129188,0.148353,1.80372,13.9625,20267,156880,1,0
8919,0.456712,0.840646,3.19098,6.98685,38130,83488,1,0
8920,0.245895,0.326076,7.11875,28.9503,79766,324390,1,0
8921,0.315246,0.460378,8.49035,26.9336,110825,351551,1,0
8922,0.177574,0.215914,2.30301,12.9688,26193,147505,1,0
8923,0.178516,0.217309,2.66812,14.946,29835,167128,2,0
8924,0.193921,0.240573,2.71253,13.9875,28781,148416,1,0
8925,0.44692,0.808057,6.24011,13.9626,80438,179983,1,0
8926,0.187849,0.231298,2.62539,13.9759,30257,161071,1,0
8927,0.3674,0.580779,5.13072,13.9645,63604,173119,1,0
8928,0.25522,0.342678,4.83908,18.9606,53807,210826,1,0
8929,0.487524,0.95131,22.8597,46.8903,299713,614766,1,0
8930,0.259354,0.350173,3.36149,12.961,36037,138949,1,0
8931,0.540651,1.177,18.8903,34.9401,244030,451363,2,0
8932,0.14788,0.173543,2.21239,14.9606,22869,154646,1,0
8933,0.501551,1.00622,9.51637,18.9734,121735,242717,1,0
8934,0.233031,0.303833,53.0213,227.532,545174,2339493,1,0
8935,0.54007,1.17425,6.47653,11.992,78658,145644,1,0
8936,0.234328,0.306043,5.8442,24.9406,66728,284763,1,0
8937,0.325835,0.483315,8.11951,24.9201,107659,330410,2,0
8938,0.317579,0.46537,6.64435,20.9219,72393,227953,1,0
8939,0.391186,0.642538,12.0972,30.9236,153034,391205,1,0
8940,0.180469,0.22021,3.24133,17.9611,37114,205653,1,0
8941,0.330511,0.493676,2.6396,7.98633,30211,91407,1,0
8942,0.176647,0.214545,3.35072,18.9683,37878,214428,1,0
8943,0.502638,1.01061,13.0275,25.9187,175803,349761,1,0
8944,0.283192,0.395074,1.41593,4.99992,15622,55164,1,0
8945,0.309286,0.447777,35.8006,115.751,405200,1310114,1,0
8946,0.248054,0.329883,9.89847,39.9041,111129,448003,1,0
8947,0.342725,0.521434,31.1245,90.812,407197,1188115,2,0
8948,0.290295,0.409037,2.0224,6.96674,21591,74376,1,0
8949,0.24354,0.321947,14.0867,57.844,174050,714667,1,0
8950,0.283657,0.39598,16.4157,57.8712,171888,605971,1,0
8951,0.498773,0.995103,21.3847,42.8742,272099,545537,1,0
8952,0.232196,0.302416,6.71453,28.9171,70837,305074,1,0
8953,0.50446,1.018,11.5684,22.932,146644,290695,1,0
8954,0.350536,0.539731,26.5776,75.8206,279543,797473,1,0
8955,0.330136,0.492839,4.28873,12.9907,53202,161152,1,0
8956,0.183572,0.224848,1.09871,5.98515,11769,64111,1,0
8957,0.319614,0.469755,7.65805,23.9613,86572,270864,1,0
8958,0.133395,0.153929,1.19825,8.98265,13188,98864,1,0
8959,0.371208,0.590351,2.96544,7.98859,32291,86989,1,0
8960,0.267311,0.364835,2.13193,7.97551,22661,84774,1,0
8961,0.400857,0.669051,5.19346,12.9554,68371,170562,1,0
8962,0.294215,0.416862,22.3005,75.797,247528,841317,1,0
8963,0.425143,0.739564,17.8091,41.8902,228003,536297,1,0
8964,0.236857,0.31037,3.54188,14.9538,38813,163867,1,0
8965,0.419853,0.7237,7.54005,17.9589,94089,224100,1,0
8966,0.267831,0.365805,5.87522,21.9362,64220,239778,1,0
8968,0.104055,0.11614,2.28683,21.9772,23497,225813,1,0
8969,0.385113,0.626315,9.99803,25.9617,145429,377627,1,0
8970,0.213784,0.271916,2.133,9.97729,24278,113563,1,0
8971,0.599863,1.49915,10.1863,16.981,130790,218033,1,0
8972,0.21385,0.272022,1.49304,6.9816,15851,74122,1,0
8973,0.41655,0.713942,4.16107,9.98937,47213,113343,1,0
8974,0.213625,0.271658,1.91795,8.97809,20934,97994,1,0
8975,0.430651,0.756391,61.8737,143.67,804082,1867133,1,0
8976,0.19793,0.246774,3.5531,17.9515,37076,187319,1,0
8977,0.503888,1.01567,11.0552,21.9395,142551,282902,1,0
8978,0.266523,0.36337,1.32908,4.98665,14114,52956,1,0
8979,0.45438,0.832779,5.44061,11.9739,66345,146012,1,0
8980,0.351119,0.541115,3.15293,8.97964,33870,96463,1,0
8981,0.39536,0.653877,37.083,93.7876,456558,1154790,1,0
8982,0.114442,0.129231,1.14222,9.9809,12809,111926,1,0
8983,0.371515,0.591128,6.30774,16.9779,82178,221197,1,0
8984,0.243401,0.321705,1.45722,5.98689,16276,66869,1,0
8985,0.460576,0.85383,5.51233,11.9684,60499,131355,1,0
8986,0.221558,0.284616,1.54733,6.98383,16148,72884,1,0
8987,0.400169,0.667136,6.39795,15.989,82877,207105,1,0
8988,0.166073,0.199145,2.32067,13.974,26333,158563,1,0
8989,0.529036,1.12331,21.1019,39.8888,275082,519968,1,0
8990,0.269854,0.369589,5.65906,20.9708,59889,221931,1,0
8991,0.288703,0.405883,2.01578,6.98209,22643,78430,1,0
8992,0.220841,0.283435,1.53813,6.96484,15969,72310,1,0
8993,0.361859,0.567052,5.78024,15.9738,64767,178984,1,0
8994,0.290569,0.409581,2.90245,9.98874,30087,103545,1,0
8995,0.294428,0.41729,2.64541,8.98488,31341,106447,1,0
8996,0.113879,0.128514,2.27468,19.9745,23386,205359,1,0
8997,0.262649,0.356205,4.19225,15.9616,54737,208404,1,0
8998,0.15294,0.180555,1.83001,11.9661,20719,135471,1,0
8999,0.454997,0.834852,33.1382,72.8358,405851,891986,1,0
9000,0.204066,0.256386,1.83243,8.97949,20567,100786,1,0
9002,0.273921,0.37726,17.7555,64.8216,190233,694482,1,0
9003,0.157603,0.187088,1.4142,8.97325,16252,103120,1,0
9004,0.277624,0.384321,6.0956,21.9566,67240,242198,1,0
9005,0.534148,1.1466,13.3069,24.9114,193416,362102,1,0
9006,0.231349,0.300981,2.7725,11.9845,30459,131658,1,0
9007,0.501653,1.00664,21.0232,41.9084,271546,541302,1,0
9008,0.13365,0.154268,5.60034,41.903,57494,430182,1,0
9009,0.523174,1.0972,14.6058,27.9179,184821,353269,1,0
9010,0.204105,0.256447,13.0313,63.8495,147079,720605,1,0
9011,0.411884,0.700345,6.1634,14.9638,81565,198029,1,0
9012,0.217937,0.278669,1.52607,7.00232,16274,74673,1,0
9013,0.558856,1.26684,23.403,41.8764,306388,548241,1,0
9014,0.263915,0.358539,1.57808,5.97951,16790,63619,1,0
9015,0.52059,1.0859,20.7698,39.8976,264991,509021,1,0
9016,0.147423,0.172915,1.47226,9.98672,15225,103274,1,0
9017,0.510992,1.04496,25.4851,49.8751,323788,633646,1,0
9018,0.25551,0.343201,5.09274,19.9317,55346,216610,1,0
9019,0.306868,0.442726,91.227,297.277,1022496,3332043,1,0
9020,0.267438,0.365073,6.9389,25.9457,72145,269763,1,0
9021,0.56993,1.3252,10.7857,18.9249,159883,280531,1,0
9022,0.166521,0.19979,2.98661,17.9358,33639,202011,1,0
9023,0.517695,1.07338,70.2345,135.668,882125,1703947,1,0
9024,0.211499,0.268228,4.22293,19.9664,44722,211453,1,0
9025,0.420551,0.725776,142.684,339.275,1738695,4134331,1,0
9026,0.226276,0.292451,2.70946,11.9743,30903,136572,1,0
9027,0.334474,0.502571,13.362,39.9483,162551,485990,1,0
9028,0.190316,0.23505,15.9458,83.7873,180778,949881,1,0
9029,0.313804,0.457309,44.7809,142.698,532889,1698159,1,0
9030,0.0820081,0.0893342,3.10908,37.9119,31895,388925,1,0
9031,0.391895,0.644454,8.99845,22.9617,104446,266515,1,0
9032,0.269624,0.369157,1.88382,6.98685,19799,73432,1,0
9033,0.246912,0.327866,5.41955,21.9494,64650,261834,1,0
9034,0.269153,0.368276,4.29919,15.9734,46676,173418,1,0
9035,0.422924,0.732874,5.90525,13.9631,72095,170468,1,0
9036,0.124376,0.142043,2.60355,20.9326,26755,215113,1,0
9037,0.468002,0.879706,45.3227,96.8504,581939,1243454,1,0
9038,0.369383,0.585748,1.84547,4.9961,19834,53695,1,0
9039,0.351562,0.542168,5.61101,15.96,67661,192458,1,0
9040,0.186115,0.228676,1.66963,8.9709,18324,98455,1,0
9041,0.379989,0.612875,3.4111,8.9769,42137,110890,1,0
9042,0.326967,0.48581,10.4353,31.9154,110791,338845,1,0
9043,0.428361,0.749355,28.2067,65.8441,352609,823159,1,0
9044,0.32492,0.481306,14.58,44.8722,154001,473966,1,0
9045,0.183533,0.224789,3.29238,17.9387,42328,230629,1,0
9046,0.211457,0.268162,2.10378,9.94894,23458,110935,2,0
9047,0.493576,0.97463,6.39263,12.9518,80597,163292,1,0
9048,0.156589,0.185662,1.56207,9.9754,17540,112013,1,0
9049,0.0295775,0.030479,0.35448,11.9846,4147,140208,1,0
9050,0.304294,0.437389,1.81509,5.96496,19155,62949,1,0
9051,0.425486,0.740601,48.8086,114.712,598533,1406705,1,0
9052,0.335933,0.505872,4.02564,11.9834,41696,124120,1,0
9053,0.356449,0.553878,2.84219,7.97372,31987,89738,1,0
9054,0.0774888,0.0839977,5.25643,67.8351,53883,695365,1,0
9055,0.350448,0.539523,23.0773,65.851,300731,858133,1,0
9056,0.323624,0.478467,1.93933,5.99256,20809,64300,1,0
9057,0.55133,1.22881,10.4395,18.9351,139900,253750,1,0
9058,0.250585,0.334374,2.0008,7.98448,21204,84618,1,0
9059,0.450818,0.820889,5.83277,12.9389,83404,185006,1,0
9060,0.189255,0.233433,2.83382,14.9734,32062,169412,1,0
9061,0.223616,0.288022,6.02311,26.9358,67408,301446,1,0
9062,0.24207,0.319383,1.69124,6.98653,18964,78341,1,0
9063,0.467209,0.87691,9.79812,20.9709,130137,278541,1,0
9064,0.290357,0.409159,14.1853,48.8548,146483,504493,1,0
9065,0.35415,0.548347,4.237,11.964,47988,135502,1,0
9066,0.236292,0.3094,1.88484,7.97667,19745,83562,1,0
9067,0.49095,0.964445,12.2579,24.9674,155915,317578,2,0
9068,0.144252,0.168569,1.87202,12.9772,21079,146126,1,0
9069,0.419047,0.721311,44.3198,105.763,574459,1370869,1,0
9070,0.253796,0.340116,4.30816,16.9749,45982,181177,1,0
9071,0.212244,0.269429,4.45023,20.967,49860,234918,1,0
9072,0.234667,0.30662,5.38427,22.9447,57911,246780,1,0
9073,0.433803,0.76617,16.4886,38.0099,201508,464515,1,0
9074,0.163509,0.19547,3.10105,18.9658,34768,212637,1,0
9075,0.555297,1.24869,48.2021,86.8003,622463,1120956,1,0
9076,0.306302,0.441549,2.1371,6.97702,23860,77897,1,0
9077,0.571838,1.33557,27.3988,47.9136,353388,617986,1,0
9078,0.236842,0.310345,2.36415,9.98198,25335,106970,1,0
9079,0.203362,0.255275,5.6857,27.9551,68850,338559,1,0
9080,0.229009,0.297033,1.37158,5.98918,14325,62552,1,0
9081,0.510567,1.04318,6.11659,11.9799,89363,175027,1,0
9082,0.260905,0.353006,4.67908,17.9344,52384,200778,1,0
9083,0.424986,0.739087,28.8386,67.8576,361311,850172,1,0
9084,0.192839,0.238911,1.34985,7.00009,14763,76556,1,0
9085,0.30984,0.44894,4.95598,15.9951,64453,208020,1,0
9086,0.206704,0.260564,4.32998,20.9475,47788,231190,1,0
9087,0.505389,1.02179,12.5868,24.9048,154170,305052,1,0
9088,0.233024,0.303821,1.39271,5.97662,15480,66431,1,0
9089,0.48299,0.934199,31.2979,64.8008,391660,810907,1,0
9090,0.183308,0.224451,3.29175,17.958,34313,187188,1,0
9091,0.41162,0.699582,20.9387,50.8687,267928,650911,1,0
9092,0.167597,0.201341,1.67257,9.97957,18977,113230,1,0
9093,0.545238,1.19895,19.0454,34.9297,236149,433112,1,0
9094,0.165939,0.198953,3.80887,22.9533,39433,237636,1,0
9095,0.445482,0.803367,11.1187,24.9572,133342,299321,1,0
9096,0.131176,0.150981,1.7002,12.9608,19118,145743,1,0
9097,0.575353,1.3549,29.8393,51.8634,391444,680354,2,0
9098,0.223543,0.287901,4.68653,20.9646,49897,223210,1,0
9099,0.369788,0.586768,5.53851,14.9773,69028,186669,1,0
9100,0.187037,0.230069,4.47648,23.9338,46207,247047,1,0
9101,0.321804,0.474501,15.4118,47.8918,191964,596524,1,0
9102,0.208637,0.263642,1.66725,7.99119,17818,85402,1,0
9103,0.266212,0.362792,2.91815,10.9619,33112,124382,1,0
9104,0.227332,0.294217,1.58979,6.99322,16738,73628,1,0
9105,0.457124,0.842041,14.6007,31.9427,177386,388048,1,0
9106,0.163808,0.195898,3.75902,22.9477,38522,235165,1,0
9107,0.439081,0.782788,109.966,250.464,1372922,3126809,1,0
9108,0.135714,0.157024,12.5893,92.7629,128940,950088,1,0
9109,0.397888,0.660821,30.1743,75.8391,367900,924632,1,0
9110,0.320903,0.472545,1.27457,3.97183,13399,41754,1,0
9111,0.324336,0.480026,3.55213,10.952,40916,126153,1,0
9112,0.0812552,0.0884415,1.86267,22.9238,19084,234865,2,0
9113,0.497639,0.9906,67.0294,134.693,822516,1652837,1,0
9114,0.277043,0.383208,5.53203,19.9683,59759,215703,1,0
9115,0.270076,0.370005,8.0882,29.9484,98512,364757,1,0
9116,0.225236,0.290716,1.13075,5.02024,11999,53273,1,0
9117,0.234819,0.306881,2.10991,8.98521,24691,105149,1,0
9118,0.314768,0.459359,8.79891,27.9529,98110,311690,2,0
9119,0.464363,0.866936,8.33412,17.9481,123039,264963,1,0
9120,0.23501,0.307207,2.57923,10.9747,28581,121616,1,0
9121,0.576862,1.36329,7.49129,12.9862,109741,190238,1,0
9122,0.173237,0.209537,3.63169,20.964,40867,235902,1,0
9123,0.453681,0.830432,5.89044,12.9834,77765,171409,1,0
9124,0.229378,0.297652,1.82993,7.97786,19298,84132,1,0
9125,0.445679,0.804009,18.2429,40.9331,238268,534618,1,0
9126,0.137065,0.158835,1.64167,11.9775,18710,136505,1,0
9127,0.474338,0.902363,317.631,669.626,4103422,8650838,1,0
9128,0.0788832,0.0856386,1.02342,12.9738,11479,145519,1,0
9129,0.553646,1.24037,8.27882,14.9531,104195,188198,1,0
9130,0.226955,0.293586,2.26657,9.98679,23983,105673,1,0
9131,0.421498,0.728602,10.5229,24.9659,125936,298782,1,0
9132,0.350807,0.540374,15.0497,42.9007,155767,444025,1,0
9133,0.407232,0.687,25.6048,62.8764,312054,766281,1,0
9134,0.266728,0.363751,2.66693,9.99867,28533,106974,1,0
9135,0.261092,0.353348,7.55627,28.9407,96653,370188,1,0
9136,0.113248,0.12771,1.24363,10.9814,13935,123049,1,0
9137,0.379014,0.610343,7.94299,20.9569,98994,261188,1,0
9138,0.232575,0.303059,1.62594,6.9911,16854,72467,2,0
9139,0.405279,0.68146,30.7398,75.8509,381407,941098,1,0
9140,0.233961,0.305417,9.34168,39.9307,105449,450711,1,0
9141,0.429073,0.751536,46.6377,108.703,591032,1377464,1,0
9142,0.171385,0.206833,1.36638,7.97264,14692,85725,1,0
9143,0.40521,0.681264,7.28,17.9678,103185,254646,2,0
9144,0.254825,0.341966,2.54122,9.97247,26990,105916,1,0
9145,0.567297,1.31105,50.9374,89.7903,705233,1243147,1,0
9146,0.21626,0.275933,3.66288,16.9373,41608,192398,1,0
9147,0.400304,0.667513,13.9869,34.9431,170986,427140,1,0
9148,0.236888,0.310424,4.01813,16.9622,41761,176290,1,0
9149,0.360025,0.562561,20.1155,55.8706,245380,681564,1,0
9150,0.0770436,0.0834749,7.53365,97.7827,77121,1001004,1,0
9151,0.276897,0.38293,17.6834,63.8678,205253,741260,1,0
9152,0.228732,0.296566,13.0074,56.8678,142528,623123,1,0
9153,0.447982,0.811536,4.90988,10.9599,55871,124717,1,0
9154,0.169634,0.204289,1.86421,10.9896,20169,118897,1,0
9155,0.152555,0.180018,2.43676,15.9729,29675,194520,1,0
9156,0.235713,0.308409,5.4107,22.9547,55728,236423,1,0
9157,0.471062,0.89058,5.15714,10.9479,60986,129465,1,0
9158,0.302395,0.433475,2.71319,8.97219,29488,97515,1,0
9159,0.309597,0.44843,19.4581,62.8511,242169,782206,1,0
9160,0.328063,0.488235,24.5437,74.8151,263355,802757,1,0
9161,0.355718,0.552114,3.9022,10.97,45439,127739,1,0
9162,0.180458,0.220193,1.62393,8.99902,17567,97347,1,0
9163,0.416229,0.713001,6.64353,15.9611,83280,200082,1,0
9164,0.222335,0.2859,1.33481,6.00361,13853,62307,1,0
9165,0.254021,0.34052,10.9005,42.9139,135844,534775,1,0
9166,0.175778,0.213266,1.22821,6.98731,13009,74008,1,0
9167,0.635537,1.74376,14.5675,22.9213,194185,305545,1,0
9168,0.023462,0.0240257,2.31791,98.7985,23714,1010742,1,0
9169,0.392072,0.644932,5.8626,14.9529,75675,193013,1,0
9170,0.126358,0.144634,1.64011,12.9799,18455,146053,1,0
9171,0.234412,0.306185,6.78217,28.9324,88576,377865,1,0
9172,0.249615,0.33265,1.99114,7.97688,22226,89041,1,0
9173,0.182433,0.223141,4.36357,23.9186,53437,292913,1,0
9174,0.269437,0.368806,19.9115,73.903,211259,784077,1,0
9175,0.529087,1.12354,19.0007,35.9127,244814,462710,1,0
9176,0.151875,0.179071,2.42395,15.9605,27080,178305,1,0
9177,0.46696,0.876031,4.19003,8.97299,50745,108671,1,0
9178,0.285707,0.399986,2.56632,8.98237,28519,99819,1,0
9179,0.381211,0.616061,3.41964,8.97026,38489,100965,1,0
9180,0.23885,0.313802,4.99967,20.932,52806,221084,1,0
9181,0.415081,0.709638,13.6578,32.9028,172633,415902,1,0
9182,0.186594,0.229398,1.67619,8.98313,17651,94596,1,0
9183,0.408291,0.690021,11.4118,27.9532,152478,373454,1,0
9184,0.332704,0.498585,22.5726,67.847,236997,712336,1,0
9185,0.270461,0.370729,2.42924,8.98199,28023,103612,1,0
9186,0.19918,0.248719,1.58675,7.96642,16557,83126,1,0
9187,0.347903,0.533515,2.77426,7.97422,30349,87234,1,0
9188,0.113353,0.127845,1.24382,10.9734,13650,120420,1,0
9189,0.401301,0.670287,11.2168,27.9512,146199,364313,1,0
9190,0.250349,0.333954,2.24947,8.98539,24203,96677,2,0
9191,0.463177,0.86281,96.6187,208.604,1198406,2587363,1,0
9192,0.208167,0.262892,4.36024,20.9463,46477,223268,1,0
9193,0.347378,0.53228,8.31851,23.9459,108310,311793,1,0
9194,0.233528,0.304679,4.66122,19.9601,48426,207367,1,0
9195,0.414783,0.708767,16.5692,39.9447,202991,489391,1,0
9196,0.18599,0.228486,1.29657,6.97127,14505,77988,1,0
9197,0.49169,0.967304,6.86206,13.9567,89966,182973,1,0
9198,0.259398,0.350254,1.55276,5.98604,16008,61712,2,0
9199,0.414912,0.709146,9.11378,21.967,114020,274805,1,0
9200,0.134547,0.155464,1.47544,10.966,15321,113871,1,0
9201,0.509064,1.03693,25.9066,50.8895,318767,626182,1,0
9202,0.140951,0.164077,1.55071,11.0019,17426,123632,1,0
9203,0.519468,1.08103,5.69675,10.9666,81758,157388,1,0
9204,0.138963,0.16139,1.66595,11.9887,18633,134086,2,0
9205,0.394553,0.651672,12.2108,30.9491,151057,382856,1,0
9206,0.207568,0.261937,1.86521,8.98604,20637,99423,1,0
9207,0.488987,0.956897,6.84587,13.9999,85293,174428,1,0
9208,0.188924,0.232929,1.32181,6.99649,14126,74771,1,0
9209,0.506976,1.0283,10.1083,19.9385,125767,248073,1,0
9210,0.0401513,0.0418309,0.801428,19.9604,8195,204103,1,0
9211,0.275525,0.380309,7.14826,25.9441,87157,316331,1,0
9212,0.201702,0.252664,1.60795,7.97202,17354,86038,1,0
9213,0.451443,0.822966,13.0536,28.9161,160224,354915,1,0
9214,0.208236,0.263003,1.66489,7.99518,17769,85331,1,0
9215,0.425323,0.740109,50.0732,117.735,653405,1536255,1,0
9216,0.126652,0.14502,2.65677,20.9768,29729,234729,1,0
9217,0.439976,0.785639,20.6261,46.8791,251784,572267,1,0
9218,0.203117,0.254889,9.92873,48.8823,112644,554578,1,0
9219,0.242308,0.319797,2.17286,8.96734,24861,102601,1,0
9220,0.146865,0.172147,2.19731,14.9613,22971,156409,1,0
9221,0.578566,1.37285,11.5396,19.9452,145801,252004,1,0
9222,0.218867,0.280192,3.4944,15.9658,36332,166000,1,0
9223,0.463586,0.864233,11.5732,24.9635,138394,298529,1,0
9224,0.267573,0.365324,1.60287,5.9904,16810,62824,1,0
9225,0.489352,0.958296,15.6402,31.9605,200510,409746,1,0
9226,0.269624,0.369157,2.15178,7.9806,22516,83509,1,0
9227,0.426964,0.745091,11.4993,26.9319,139779,327379,1,0
9228,0.0840139,0.0917197,0.754324,8.97873,8003,95258,1,0
9229,0.4114,0.698946,186.779,454.019,2431095,5909324,2,0
9230,0.0531758,0.0561623,71.1479,1338.03,726813,13668108,2,0
9231,0.245995,0.32625,7.11299,28.9131,84569,343784,1,0
9232,0.216971,0.277092,1.29811,5.98292,13662,62967,1,0
9233,0.160589,0.191312,6.89132,42.9128,83681,521087,1,0
9234,0.222133,0.285566,1.77478,7.98986,18708,84220,1,0
9235,0.510263,1.04191,20.8705,40.9017,301480,590833,2,0
9236,0.171059,0.206358,9.04402,52.8736,102246,597724,1,0
9237,0.487955,0.952952,16.0519,32.8973,194447,398494,1,0
9238,0.243585,0.322025,2.43306,9.9887,26475,108689,1,0
9239,0.407607,0.68807,9.76093,23.9468,119989,294374,1,0
9240,0.387069,0.631504,2.32018,5.99417,24988,64557,1,0
9241,0.537613,1.16269,69.7322,129.703,856339,1592855,1,0
9242,0.249777,0.332938,10.4751,41.9385,107749,431380,1,0
9243,0.496914,0.987733,28.7512,57.8604,350827,706011,1,0
9244,0.319611,0.469748,98.5419,308.3,1103170,3451597,1,0
9245,0.450693,0.820477,13.9372,30.9232,172497,382737,1,0
9246,0.211898,0.268872,1.68936,7.97254,17973,84819,1,0
9248,0.178977,0.217993,1.96332,10.9698,20582,114998,1,0
9249,0.498839,0.995368,5.97456,11.9768,86601,173605,1,0
9250,0.24428,0.323242,7.79462,31.9089,86131,352591,1,0
9251,0.373179,0.595351,142.617,382.216,1839526,4929345,1,0
9252,0.227714,0.294856,1.36257,5.98368,14062,61753,1,0
9253,0.46105,0.85546,15.6233,33.8862,222157,481850,1,0
9254,0.238924,0.31393,2.38142,9.96727,26803,112182,1,0
9255,0.36951,0.586069,14.7616,39.9489,182292,493334,1,0
9256,0.126679,0.145054,1.01118,7.98206,11348,89581,1,0
9257,0.468171,0.880303,7.00127,14.954,93151,198968,1,0
9258,0.253344,0.339305,6.0593,23.9173,62650,247292,1,0
9259,0.489541,0.95902,6.35461,12.9808,73179,149485,1,0
9261,0.502516,1.01012,34.583,68.8226,491152,977385,1,0
9262,0.157211,0.186536,1.09773,6.98261,11987,76248,1,0
9263,0.295123,0.418686,6.17741,20.9317,79761,270264,1,0
9264,0.24384,0.322471,2.91625,11.9596,30371,124553,1,0
9265,0.426543,0.743808,5.09525,11.9453,67064,157227,1,0
9266,0.302897,0.434509,1.20859,3.99007,12828,42351,1,0
9267,0.466511,0.874452,19.0845,40.9077,247247,529992,1,0
9268,0.289285,0.407033,2.02039,6.98404,21690,74978,1,0
9269,0.450329,0.819271,8.53963,18.9629,105278,233780,1,0
9270,0.168203,0.202217,1.34114,7.97335,14013,83310,1,0
9271,0.434952,0.769761,22.5802,51.9126,287485,660958,1,0
9272,0.0154191,0.0156605,0.354153,22.9698,3678,238536,1,0
9273,0.401968,0.672152,6.81692,16.9583,78467,195207,1,0
9274,0.189807,0.234273,2.08383,10.9788,21462,113073,1,0
9275,0.604352,1.5275,21.7049,35.914,316841,524266,1,0
9276,0.161441,0.192522,1.4457,8.95477,16142,99987,1,0
9277,0.447509,0.809983,286.638,640.518,3496494,7813242,1,0
9278,0.0544967,0.0576377,4.40498,80.8313,44964,825078,1,0
9279,0.401839,0.67179,11.2276,27.9402,139723,347709,1,0
9280,0.213803,0.271946,1.70784,7.98793,19334,90429,1,0
9281,0.474036,0.901272,71.8972,151.674,918239,1937065,1,0
9282,0.234167,0.305769,4.44277,18.9726,49248,210311,1,0
9283,0.387998,0.633982,6.96693,17.9567,83718,215769,1,0
9284,0.308747,0.446648,12.0143,38.9126,128460,416069,1,0
9285,0.0962642,0.106518,2.49715,25.9385,32264,335161,1,0
9286,0.128993,0.148097,1.67204,12.9619,18638,144488,1,0
9287,0.288878,0.406229,5.76177,19.9454,74285,257150,1,0
9288,0.360219,0.563035,1.79928,4.99501,19021,52804,1,0
9289,0.388747,0.635984,10.0816,25.9346,123961,318873,1,0
9290,0.033041,0.03417,2.14337,64.8685,21932,663782,1,0
9291,0.394805,0.652359,20.5036,51.934,249430,631781,1,0
9292,0.193485,0.239903,1.54525,7.98647,16656,86084,1,0
9293,0.377118,0.605442,16.9294,44.8918,219070,580905,1,0
9294,0.180122,0.219694,2.16121,11.9989,23393,129873,1,0
9295,0.29836,0.425231,38.4117,128.752,494246,1656545,1,0
9296,0.255308,0.342836,3.05495,11.9658,31976,125245,1,0
9297,0.34087,0.517151,9.8601,28.9276,110208,323314,1,0
9298,0.0434192,0.04539,32.6688,752.314,333034,7670197,2,0
9299,0.576157,1.35936,43.6754,75.8036,585145,1015600,1,0
9300,0.228915,0.296874,2.05204,8.96443,22848,99810,1,0
9301,0.108357,0.121525,5.4064,49.8849,69841,644546,1,0
9302,0.248872,0.331332,1.7363,6.97666,19310,77590,1,0
9303,0.571026,1.33115,9.1152,15.9629,115441,202164,1,0
9304,0.197059,0.245422,1.96638,9.9785,21817,110713,2,0
9305,0.465711,0.871647,24.1425,51.8396,303239,651131,1,0
9306,0.225543,0.291227,1.80123,7.98623,18746,83115,1,0
9307,0.525253,1.10639,13.6385,25.9654,171959,327383,2,0
9308,0.0984113,0.109153,1.47334,14.9717,16614,168822,1,0
9309,0.430945,0.7573,15.8997,36.8944,190089,441098,1,0
9310,0.193157,0.239399,7.70423,39.8859,81147,420108,1,0
9311,0.449614,0.816906,13.452,29.9175,180881,402303,1,0
9312,0.234632,0.306561,1.63745,6.97877,17546,74781,1,0
9313,0.494541,0.978401,23.1965,46.9076,303504,613708,2,0
9314,0.212831,0.270374,5.94773,27.9454,65167,306192,1,0
9315,0.379862,0.612544,3.40657,8.96787,44418,116932,1,0
9316,0.181609,0.22191,2.17363,11.9688,22483,123799,1,0
9317,0.291694,0.411819,4.94855,16.9647,59750,204838,1,0
9318,0.290032,0.408513,2.02322,6.97587,21094,72730,2,0
9319,0.470369,0.888108,10.7917,22.9428,128074,272284,1,0
9320,0.189716,0.234136,2.4617,12.9757,25348,133610,1,0
9321,0.505074,1.02051,8.57421,16.9767,125712,248898,1,0
9322,0.176972,0.215025,1.94587,10.9954,19961,112792,1,0
9323,0.484196,0.938722,10.1093,20.8781,119826,247474,1,0
9324,0.221039,0.283762,2.20677,9.98378,24933,112799,1,0
9325,0.506099,1.0247,9.59826,18.965,121890,240842,1,0
9326,0.216398,0.276158,1.94165,8.97261,20051,92658,1,0
9328,0.206521,0.260273,1.85574,8.98582,19959,96644,1,0
9329,0.126466,0.144775,38.1372,301.419,454248,3591860,2,0
9330,0.251237,0.335536,13.7785,54.8427,143060,569422,1,0
9331,0.309907,0.44908,5.88818,18.9999,76666,247384,1,0
9332,0.256875,0.345669,3.84823,14.981,41883,163048,1,0
9333,0.282442,0.393616,7.61572,26.9638,92565,327731,1,0
9334,0.338599,0.511942,3.37329,9.96248,35411,104581,1,0
9335,0.449012,0.814922,8.0739,17.9813,100717,224308,1,0
9336,0.0336248,0.0347948,1.67723,49.8811,17164,510456,1,0
9337,0.409142,0.692455,15.1108,36.9334,184997,452158,2,0
9338,0.202751,0.254314,1.81668,8.96023,18645,91960,1,0
9339,0.370271,0.587984,7.75577,20.9469,88404,238755,1,0
9340,0.267652,0.365471,8.54611,31.9298,92417,345288,1,0
9341,0.392421,0.645876,6.65328,16.9535,99122,252591,1,0
9342,0.333446,0.500253,2.32871,6.98383,24700,74075,1,0
9343,0.447223,0.809046,11.1671,24.9696,137783,308086,1,0
9344,0.283417,0.395512,1.70254,6.00716,17641,62244,1,0
9346,0.294505,0.417445,150.772,511.949,1693772,5751247,1,0
9347,0.481627,0.929114,10.5842,21.9759,127572,264877,1,0
9348,0.207638,0.262049,1.24192,5.98111,13392,64497,1,0
9349,0.26214,0.355271,14.9063,56.8512,191497,730513,1,0
9350,0.0863016,0.0944531,1.11734,12.947,11419,132315,1,0
9351,0.500915,1.00367,72.4787,144.693,915036,1826728,1,0
9352,0.136285,0.157789,36.8534,270.406,375682,2756589,1,0
9353,0.440371,0.786897,14.0533,31.9129,174729,396777,1,0
9354,0.282288,0.393317,3.37832,11.9675,35537,125889,1,0
9355,0.471199,0.891069,23.9738,50.8779,300259,637224,1,0
9356,0.285059,0.398717,3.70153,12.985,39156,137361,1,0
9357,0.135213,0.156354,1.75466,12.9771,24539,181484,1,0
9358,0.113996,0.128664,3.86746,33.9264,39483,346353,1,0
9359,0.439046,0.782677,20.155,45.9058,248316,565581,1,0
9360,0.0746305,0.0806494,2.08563,27.9461,21280,285138,1,0
9361,0.316419,0.462885,15.1386,47.8453,169656,536175,2,0
9362,0.193,0.239157,1.53866,7.97235,16371,84824,1,0
9363,0.487325,0.950555,9.24008,18.9605,122364,251093,1,0
9364,0.121187,0.137898,1.45085,11.9721,16363,135023,1,0
9365,0.440785,0.78822,14.0601,31.8999,169692,384977,1,0
9366,0.329088,0.490509,7.54816,22.9366,83802,254649,1,0
9367,0.463148,0.86271,12.0166,25.9458,156637,338201,1,0
9368,0.155234,0.183759,1.24106,7.99496,13107,84434,1,0
9369,0.465973,0.872566,13.4783,28.9236,166887,358147,2,0
9370,0.316679,0.463442,11.058,34.9188,118510,374227,1,0
9371,0.431766,0.759839,10.3277,23.9186,129972,301024,1,0
9372,0.29296,0.414347,4.67644,15.9625,49079,167528,1,0
9373,0.436557,0.774801,7.41283,16.9801,90864,208138,1,0
9374,0.136852,0.15855,1.22886,8.97951,13707,100159,1,0
9375,0.48167,0.929272,4.81484,9.99621,70029,145388,1,0
9376,0.26093,0.353051,9.11397,34.9284,95124,364558,1,0
9377,0.374432,0.598547,9.71881,25.9562,118246,315801,1,0
9378,0.112613,0.126905,0.784907,6.96997,8787,78028,1,0
9379,0.503223,1.01297,10.0454,19.9621,121401,241247,1,0
9380,0.155491,0.18412,4.96428,31.9265,50577,325273,1,0
9381,0.476007,0.908424,19.9542,41.9203,248742,522559,1,0
9382,0.068353,0.0733679,1.02322,14.9695,10439,152722,1,0
9383,0.439343,0.783621,4.38401,9.97872,56119,127734,1,0
9384,0.254797,0.341917,1.77734,6.97548,18602,73007,1,0
9385,0.375966,0.602477,31.898,84.8381,386318,1027534,1,0
9386,0.14616,0.171179,184.61,1263.15,1878879,12854962,2,0
9387,0.45833,0.846144,73.6231,160.644,879763,1919495,1,0
9388,0.29643,0.421323,14.7801,49.8597,156365,527494,1,0
9389,0.356191,0.553257,11.7421,32.9655,128708,361345,1,0
9390,0.310645,0.450631,44.02,141.706,451578,1453680,1,0
9391,0.473878,0.900698,10.8764,22.95,159792,337201,2,0
9392,0.276282,0.381753,5.23928,18.9636,54525,197353,1,0
9393,0.485899,0.945142,16.4887,33.934,210761,433755,1,0
9394,0.155308,0.183863,2.01497,12.9743,22843,147082,1,0
9395,0.383363,0.6217,19.1373,49.9123,240049,626166,2,0
9396,0.0744982,0.080495,2.53139,33.979,25826,346666,1,0
9397,0.390378,0.640361,31.5438,80.8081,454494,1164241,2,0
9398,0.259557,0.350542,2.07098,7.97888,21368,82325,1,0
9399,0.360589,0.563939,24.1013,66.8405,292734,811822,1,0
9400,0.0645231,0.0689735,0.964328,14.9452,9863,152860,1,0
9401,0.491864,0.967976,16.6884,33.9294,203485,413702,2,0
9402,0.251987,0.336875,2.5142,9.97754,27740,110085,1,0
9403,0.322009,0.474946,10.9156,33.8985,132754,412268,1,0
9404,0.0818807,0.0891831,1.79849,21.9648,18362,224253,1,0
9405,0.454938,0.834655,68.5398,150.651,846481,1860650,1,0
9406,0.194551,0.241544,1.55373,7.98617,16574,85191,1,0
9407,0.491238,0.965557,16.1861,32.9497,210251,428002,1,0
9408,0.226803,0.293331,3.17464,13.9973,32543,143486,1,0
9409,0.470113,0.887197,56.7483,120.711,683946,1454853,1,0
9410,0.370666,0.588981,105.779,285.375,1136680,3066591,1,0
9411,0.497675,0.990745,7.95403,15.9821,102982,206926,1,0
9412,0.327983,0.488057,4.90878,14.9667,52062,158734,1,0
9413,0.176337,0.214089,1.93476,10.973,22574,128016,1,0
9414,0.235097,0.307356,7.50627,31.9288,83649,355806,1,0
9415,0.334001,0.501504,4.33981,12.9935,49532,148299,1,0
9416,0.4112,0.698369,6.15948,14.9792,65558,159431,1,0
9417,0.531443,1.13421,15.3806,28.9423,194660,366286,1,0
9418,0.243945,0.322655,2.43232,9.97074,25331,103839,1,0
9419,0.51848,1.07676,8.7949,16.9628,111944,215908,1,0
9420,0.138242,0.160419,16.1419,116.767,164028,1186525,1,0
9421,0.384106,0.623655,4.60091,11.9783,50145,130550,1,0
9422,0.197682,0.246389,3.75015,18.9706,40241,203564,1,0
9423,0.540557,1.17655,10.786,19.9537,155083,286895,1,0
9424,0.355969,0.552719,3.54638,9.96259,37544,105470,1,0
9425,0.473563,0.899564,10.4052,21.9715,127380,268982,1,0
9426,0.081876,0.0891775,1.22508,14.9627,12491,152560,1,0
9427,0.470336,0.88799,17.3632,36.9165,218879,465367,1,0
9428,0.308561,0.446259,4.31509,13.9848,46186,149682,1,0
9429,0.337085,0.50849,118.406,351.212,1433470,4252543,2,0
9430,0.268858,0.367723,1.87628,6.97874,19700,73273,1,0
9431,0.407196,0.686898,78.3954,192.507,956824,2349788,1,0
9432,0.28072,0.39028,3.92237,13.9725,40730,145091,1,0
9433,0.49367,0.974997,13.2904,26.9224,157971,319993,1,0
9434,0.177276,0.215474,1.9495,10.9968,21656,122160,1,0
9435,0.495746,0.983126,66.7772,134.711,900912,1817287,2,0
9436,0.191102,0.236249,1.91149,10.0025,21188,110873,1,0
9437,0.560715,1.27642,9.51621,16.9714,131510,234540,1,0
9438,0.0422245,0.044086,1.64242,38.8954,18548,439271,1,0
9439,0.293068,0.414564,2.63552,8.99271,30116,102761,1,0
9440,0.0894091,0.0981879,3.03696,33.9659,33915,379324,1,0
9441,0.406702,0.685495,15.4243,37.9264,193995,476995,1,0
9442,0.108929,0.122245,1.84711,16.9572,18784,172443,1,0
9443,0.333935,0.501354,2.66569,7.98275,30546,91473,1,0
9444,0.206407,0.260092,9.88041,47.8717,111717,541245,1,0
9445,0.47662,0.910659,223.972,469.907,3215063,6745543,1,0
9446,0.218643,0.279825,1.9671,8.99679,21157,96765,1,0
9447,0.460469,0.853461,6.44404,13.9945,84170,182792,1,0
9448,0.258239,0.348143,6.18743,23.9601,63524,245989,1,0
9449,0.50592,1.02397,10.0999,19.9638,121045,239257,1,0
9450,0.210708,0.266958,2.73219,12.9668,27935,132577,1,0
9451,0.420436,0.725434,7.1354,16.9719,84122,200083,1,0
9452,0.281171,0.391151,16.279,57.8971,166086,590694,1,0
9453,0.45614,0.838707,18.6587,40.9062,228832,501671,1,0
9454,0.0544669,0.0576044,1.14112,20.9512,11635,213616,1,0
9455,0.398235,0.661777,71.9164,180.595,850605,2135939,2,0
9456,0.328935,0.49017,4.26312,12.9604,44827,136279,1,0
9457,0.265133,0.36079,2.38377,8.99071,27424,103435,1,0
9459,0.502276,1.00915,20.5512,40.9162,257442,512551,1,0
9460,0.0566278,0.0600271,1.29911,22.941,14646,258636,1,0
9461,0.0888492,0.0975132,2.92575,32.9248,39424,443718,1,0
9462,0.295389,0.419223,14.4434,48.8955,148771,503644,1,0
9463,0.601639,1.51028,9.6027,15.961,115576,192102,1,0
9464,0.0833406,0.0909178,59.0489,708.415,599112,7188713,1,0
9465,0.360359,0.563377,7.55199,20.9574,89920,249529,1,0
9466,0.316129,0.462264,46.3815,146.72,505666,1599557,2,0
9467,0.343623,0.523515,3.08866,8.98854,34152,99388,1,0
9468,0.0668071,0.0715899,0.999193,14.9569,11255,168470,1,0
9469,0.485551,0.943828,14.0558,28.9477,174677,359750,1,0
9470,0.111587,0.125602,4.22794,37.8894,43027,385592,2,0
9471,0.455927,0.837989,13.6459,29.9309,167219,366767,1,0
9472,0.139786,0.162501,31.2421,223.493,317489,2271251,1,0
9473,0.488676,0.955707,9.26206,18.9533,110754,226641,1,0
9474,0.355004,0.550397,4.25816,11.9946,44957,126638,1,0
9475,0.441772,0.791382,3.96195,8.96842,43378,98191,1,0
9476,0.132064,0.152158,2.37349,17.9723,24263,183722,1,0
9477,0.426897,0.744887,14.9031,34.9117,194143,454777,1,0
9478,0.151451,0.178482,1.20853,7.97969,12465,82304,1,0
9479,0.325245,0.48202,6.82046,20.9694,77224,237433,1,0
9480,0.118618,0.134582,2.95596,24.92,30089,253663,1,0
9481,0.430293,0.755289,54.5264,126.716,679546,1579262,2,0
9482,0.249786,0.332953,2.24304,8.97961,23644,94657,1,0
9483,0.581088,1.38714,9.86393,16.9748,132057,227258,1,0
9484,0.324653,0.480721,2.91178,8.96901,30395,93623,1,0
9485,0.376478,0.603793,9.77273,25.9599,126788,336774,1,0
9486,0.149157,0.175305,1.63421,10.9563,17591,117936,1,0
9487,0.48139,0.928232,17.2941,35.9238,219164,455273,1,0
9488,0.268577,0.367198,4.82188,17.9529,52155,194190,1,0
9489,0.472357,0.895219,71.6479,151.688,936591,1982805,1,0
9491,0.465813,0.872004,10.2244,21.95,124714,267734,1,0
9492,0.225184,0.290629,2.91778,12.9574,29888,132727,1,0
9493,0.462059,0.85894,15.2081,32.912,184758,399858,1,0
9494,0.118762,0.134767,7.8224,65.8669,79435,668859,1,0
9495,0.320028,0.470649,49.8064,155.637,580587,1814176,1,0
9496,0.353883,0.547707,9.87884,27.9157,103395,292173,2,0
9497,0.432348,0.761641,15.1051,34.939,215495,498430,1,0
9498,0.193239,0.239525,1.73844,8.99623,18996,98303,1,0
9499,0.4462,0.805706,16.0296,35.9232,190879,427788,1,0
9500,0.144048,0.16829,2.15688,14.9737,23505,163175,2,0
9501,0.55082,1.22628,28.5642,51.8571,356592,647384,1,0
9502,0.275871,0.380969,11.0053,39.8918,122960,445716,1,0
9503,0.354711,0.549692,17.3464,48.9052,215204,606703,1,0
9504,0.240257,0.316234,3.35476,13.9631,35835,149153,1,0
9505,0.34072,0.516806,10.1953,29.9212,116041,340576,1,0
9506,0.278236,0.385495,3.6098,12.9741,38514,138422,1,0
9507,0.46878,0.882458,16.8478,35.9399,211962,452157,1,0
9508,0.136845,0.15854,0.957065,6.99383,10834,79170,1,0
9509,0.289948,0.408348,2.02085,6.96967,22805,78652,1,0
9510,0.320815,0.472353,130.276,406.092,1330184,4146262,1,0
9511,0.565076,1.29925,15.7784,27.9226,206443,365337,2,0
9512,0.113348,0.127838,2.82762,24.9463,28768,253803,1,0
9513,0.529975,1.12755,19.562,36.9114,245267,462790,1,0
9514,0.296619,0.421704,13.9179,46.9226,144195,486129,1,0
9515,0.624088,1.6602,11.8347,18.9632,145309,232834,1,0
9516,0.107897,0.120947,1.18203,10.9552,12019,111393,1,0
9517,0.328869,0.490021,4.93869,15.0172,54018,164254,1,0
9518,0.152067,0.179338,2.27698,14.9736,23126,152078,1,0
9519,0.484195,0.938716,10.1456,20.9541,142390,294076,1,0
9520,0.0442359,0.0462833,1.7636,39.8673,19862,449002,1,0
9521,0.463918,0.865386,63.4013,136.66,843433,1818065,1,0
9522,0.13204,0.152126,1.71252,12.9697,19059,144343,1,0
9523,0.535516,1.15293,8.52616,15.9214,103663,193576,1,0
9524,0.390349,0.640283,346.215,886.914,3636784,9316746,1,0
9525,0.413838,0.706012,12.3894,29.9384,149947,362333,1,0
9526,0.34951,0.537303,4.18283,11.9677,42750,122314,1,0
9527,0.468911,0.882924,10.7602,22.9481,126757,270322,1,0
9528,0.195053,0.242319,4.47138,22.9234,49535,253956,1,0
9529,0.481546,0.928812,11.0655,22.9792,132899,275984,1,0
9530,0.160008,0.190488,1.91865,11.9907,21248,132793,1,0
9531,0.340499,0.516299,16.9895,49.8963,204950,601910,2,0
9532,0.217717,0.27831,3.04541,13.9878,31282,143682,1,0
9533,0.485758,0.944608,7.26981,14.9658,103019,212079,2,0
9534,0.213359,0.271228,1.70178,7.97614,17447,81773,1,0
9535,0.336468,0.507087,7.04955,20.9525,84536,251245,1,0
9536,0.218528,0.279636,10.4628,47.8779,114632,524565,1,0
9537,0.386268,0.629376,9.64229,24.9623,119431,309192,2,0
9538,0.290323,0.409091,2.60278,8.96507,27288,93992,1,0
9539,0.503007,1.0121,17.5576,34.9053,214361,426159,1,0
9540,0.246915,0.327872,2.46666,9.98979,26454,107138,1,0
9541,0.418123,0.718576,10.8353,25.9147,124313,297312,1,0
9542,0.291185,0.410806,3.19609,10.9761,33454,114889,1,0
9543,0.471954,0.893775,46.619,98.7683,616742,1306784,1,0
9544,0.345551,0.528004,3.44999,9.98396,36531,105718,1,0
9545,0.430943,0.757295,13.7647,31.9401,169581,393511,1,0
9546,0.0455099,0.0476798,0.908731,19.9675,9230,202813,1,0
9547,0.469669,0.885614,7.49746,15.9634,94464,201129,1,0
9548,0.314387,0.458549,3.13805,9.98146,32778,104260,1,0
9549,0.453518,0.829886,10.8482,23.9197,134976,297620,1,0
9550,0.200649,0.251015,5.40228,26.9239,55760,277898,1,0
9551,0.572034,1.33664,10.2744,17.9611,135075,236131,1,0
9552,0.191134,0.236299,2.86401,14.9844,30566,159919,1,0
9553,0.385526,0.627409,8.85237,22.9618,112207,291049,1,0
9554,0.275333,0.379945,3.30056,11.9875,33912,123167,1,0
9555,0.344823,0.526305,3.43735,9.96843,50640,146858,1,0
9556,0.038026,0.0395291,1.36542,35.9088,13861,364514,1,0
9557,0.457214,0.842348,21.4328,46.8768,282985,618933,1,0
9558,0.347802,0.533278,349.87,1005.82,3598452,10346252,1,0
9559,0.530457,1.12973,16.4114,30.9387,234853,442737,1,0
9560,0.116538,0.13191,3.5967,30.8637,40270,345554,1,0
9561,0.550983,1.22708,20.8557,37.8518,261050,473790,1,0
9562,0.379041,0.610413,1.88898,4.98354,19637,51807,1,0
9563,0.464339,0.866853,15.2778,32.9022,185921,400399,1,0
9564,0.140611,0.163618,2.38707,16.9761,26598,189160,1,0
9565,0.44477,0.801057,16.8478,37.8786,199383,448283,1,0
9566,0.311268,0.451944,14.5954,46.8894,152040,488453,2,0
9567,0.466456,0.874261,8.85019,18.9733,102821,220430,1,0
9568,0.201374,0.25215,1.808,8.97829,18644,92584,1,0
9569,0.583797,1.40267,9.31483,15.9562,124006,212413,1,0
9570,0.243289,0.321508,11.4123,46.9082,116387,478390,1,0
9571,0.359032,0.56014,68.4275,190.589,823157,2292713,2,0
9572,0.132438,0.152655,1.32015,9.96812,13406,101225,1,0
9573,0.467501,0.877939,12.1297,25.9457,141573,302829,1,0
9574,0.0949014,0.104852,1.41938,14.9564,14403,151768,1,0
9575,0.318588,0.46754,3.17684,9.97159,36016,113049,1,0
9576,0.319171,0.468798,15.9333,49.9204,175593,550153,1,0
9577,0.342098,0.519983,5.79638,16.9438,68086,199025,1,0
9578,0.179792,0.219203,1.79573,9.98768,19709,109621,1,0
9579,0.529542,1.12559,76.0837,143.679,933688,1763200,1,0
9580,0.26921,0.368383,3.48947,12.9619,36110,134133,1,0
9581,0.456739,0.840734,19.1485,41.9238,234311,513009,1,0
9582,0.158007,0.187658,2.20718,13.9681,24774,156791,1,0
9583,0.499916,0.999664,11.9787,23.9616,142716,285480,1,0
9584,0.121112,0.137801,1.20775,9.97217,13498,111451,1,0
9585,0.472576,0.896006,6.60118,13.9684,83368,176412,1,0
9586,0.0855147,0.0935112,6.40182,74.8622,64907,759016,1,0
9587,0.485746,0.944563,9.68765,19.9442,117190,241258,1,0
9588,0.146043,0.171019,8.15849,55.8653,91881,629138,2,0
9589,0.589444,1.43572,11.7623,19.954,165379,280568,1,0
9590,0.0778782,0.0844555,1.31982,16.9478,14720,189013,2,0
9591,0.302068,0.432803,9.04304,29.9368,99756,330244,1,0
9592,0.220375,0.282668,5.27923,23.9557,54365,246693,1,0
9593,0.327127,0.486164,3.26195,9.97153,35348,108056,1,0
9594,0.196678,0.244831,2.94159,14.9564,32338,164421,1,0
9595,0.4561,0.838575,7.27788,15.9571,97673,214148,1,0
9596,0.233554,0.304724,4.89635,20.9644,52624,225318,1,0
9597,0.100317,0.111503,1.20014,11.9637,13657,136138,1,0
9598,0.300074,0.428723,2.09222,6.97235,21482,71589,1,0
9599,0.466551,0.874593,11.1728,23.9474,138902,297721,1,0
9600,0.132811,0.153151,4.77231,35.9324,53886,405735,1,0
9601,0.408589,0.690871,3.25377,7.96348,36744,89929,1,0
9602,0.292086,0.412601,16.3313,55.9105,174146,596215,2,0
9603,0.458906,0.848106,257.348,560.815,3215464,7006809,1,0
9604,0.36322,0.570401,5.79076,15.9432,61305,168782,1,0
9605,0.580737,1.38514,11.0407,19.0114,138507,238502,1,0
9606,0.263082,0.357003,4.19801,15.9573,44338,168533,1,0
9607,0.433445,0.765055,13.833,31.9148,170937,394368,1,0
9608,0.27723,0.383567,1.93438,6.97745,20820,75100,1,0
9609,0.21318,0.270938,3.40113,15.9544,38771,181870,1,0
9610,0.105571,0.118031,1.36817,12.9598,13884,131514,1,0
9611,0.455957,0.838089,14.9999,32.8974,180034,394849,2,0
9612,0.193729,0.240277,69.7781,360.172,707137,3650142,1,0
9613,0.498791,0.995175,7.96724,15.9731,92609,185667,1,0
9614,0.096915,0.107316,1.44856,14.9468,14696,151638,1,0
9615,0.502372,1.00953,18.0309,35.8917,210917,419842,1,0
9616,0.0473293,0.0496806,2.55108,53.8999,25862,546427,1,0
9617,0.45521,0.835568,23.6084,51.8641,290954,639165,2,0
9618,0.320809,0.472341,7.68486,23.9547,79707,248456,2,0
9619,0.441176,0.789473,14.0919,31.9425,164718,373361,1,0
9620,0.365124,0.57511,68.1158,186.554,695731,1905466,1,0
9621,0.271855,0.373352,6.24018,22.9535,77509,285112,1,0
9622,0.0874186,0.0957926,1.65466,18.9281,18483,211431,1,0
9623,0.368911,0.584563,6.25667,16.9598,71996,195158,1,0
9624,0.242692,0.320466,6.29193,25.9256,64240,264698,1,0
9625,0.232663,0.303208,2.55735,10.9915,29031,124777,2,0
9626,0.251771,0.336489,3.00906,11.9517,32064,127354,1,0
9627,0.501137,1.00456,8.49571,16.953,117015,233499,1,0
9628,0.349345,0.536913,5.22878,14.9674,55134,157821,1,0
9629,0.386731,0.630606,13.4997,34.9071,166639,430891,1,0
9630,0.110401,0.124102,4.18793,37.9334,43994,398493,1,0
9631,0.392859,0.647064,16.4704,41.9226,200639,510715,1,0
9632,0.227967,0.295281,2.50244,10.9772,25786,113113,1,0
9633,0.375456,0.601168,15.743,41.9306,177959,473981,2,0
9634,0.0721527,0.0777635,2.59048,35.9019,28818,399403,1,0
9635,0.396187,0.656141,6.72046,16.9628,73350,185140,1,0
9636,0.222954,0.286926,1.33164,5.97268,13874,62228,1,0
9637,0.58862,1.43084,241.385,410.102,3355776,5701088,1,0
9638,0.108525,0.121737,1.08118,9.96247,10995,101313,1,0
9639,0.485733,0.944516,12.1151,24.9418,164650,338972,1,0
9640,0.195565,0.243108,1.56494,8.00212,16668,85230,1,0
9641,0.438692,0.781552,16.639,37.9278,224393,511505,2,0
9642,0.371315,0.590622,7.03949,18.9584,71773,193294,1,0
9643,0.444369,0.799756,9.75421,21.9507,118523,266722,1,0
9644,0.0931503,0.102719,1.95051,20.9397,21669,232624,1,0
9645,0.459509,0.850168,8.2477,17.9491,104467,227345,1,0
9646,0.272686,0.374923,5.97966,21.9288,61148,224243,1,0
9647,0.530648,1.1306,9.00473,16.9687,108595,204646,1,0
9648,0.156626,0.185713,2.18721,13.9645,23546,150333,1,0
9649,0.483591,0.936451,8.20466,16.9663,98214,203093,2,0
9650,0.197905,0.246735,3.94805,19.9496,42861,216574,1,0
9651,0.403895,0.677557,8.06329,19.9624,93488,231466,1,0
9652,0.170567,0.205642,1.3615,7.98216,15388,90217,1,0
9653,0.341738,0.519152,3.41357,9.98892,36933,108074,1,0
9654,0.103881,0.115923,1.55221,14.9423,17332,166845,1,0
9655,0.372613,0.593913,6.31476,16.9473,78441,210516,1,0
9656,0.0647735,0.0692597,1.80776,27.9083,20344,314079,1,0
9657,0.438336,0.780425,7.43455,16.9606,88227,201277,1,0
9658,0.222999,0.287,17.5755,78.8189,197300,884756,1,0
9659,0.354886,0.550112,7.08537,19.9653,81662,230108,1,0
9660,0.103709,0.115709,1.55136,14.9592,17208,165926,1,0
9661,0.508899,1.03624,14.2112,27.9252,175908,345664,1,0
9662,0.314744,0.45931,2.50355,7.95429,25759,81841,1,0
9663,0.156953,0.186174,1.71966,10.9568,19379,123470,1,0
9664,0.257026,0.345943,20.774,80.8246,213464,830514,1,0
9665,0.507343,1.02981,13.676,26.9557,193252,380910,1,0
9666,0.376391,0.603569,17.6441,46.8773,186408,495251,1,0
9667,0.365151,0.575179,5.46155,14.957,68559,187755,1,0
9668,0.147861,0.173517,1.3267,8.97257,13441,90903,1,0
9669,0.295958,0.42037,12.1062,40.9127,167872,567215,1,0
9670,0.113396,0.127899,1.69863,14.9797,19161,168974,1,0
9671,0.49412,0.976753,39.4418,79.8271,541916,1096730,1,0
9672,0.28125,0.391304,5.88988,20.9414,63585,226080,1,0
9673,0.396693,0.65753,38.7849,97.7695,573279,1445146,1,0
9674,0.239266,0.314519,2.38649,9.97419,24268,101427,1,0
9675,0.502769,1.01114,20.0632,39.9033,277229,551404,1,0
9676,0.0566928,0.0601001,18.3823,324.243,186173,3283889,1,0
9677,0.434729,0.769064,29.9229,68.8321,365410,840546,1,0
9678,0.108817,0.122103,1.41047,12.9618,15418,141688,1,0
9679,0.480058,0.92329,11.0303,22.9774,133444,277975,1,0
9681,0.39691,0.658128,7.92168,19.9585,100046,252062,2,0
9682,0.301536,0.431713,2.10692,6.98727,22143,73434,1,0
9683,0.467637,0.878417,17.2567,36.9032,214289,458238,1,0
9684,0.240384,0.316454,2.39416,9.95984,24366,101363,2,0
9685,0.427252,0.745968,45.1965,105.796,540009,1263913,2,0
9686,0.338491,0.511695,18.5867,54.9101,204782,604985,1,0
9687,0.441392,0.790163,14.9679,33.9102,175323,397205,1,0
9688,0.181419,0.221627,2.17402,11.9834,23279,128316,1,0
9689,0.279984,0.388859,16.2124,57.9056,194352,694153,1,0
9690,0.215979,0.275476,1.29466,5.9944,13814,63960,1,0
9691,0.505414,1.02189,19.1666,37.9216,255304,505138,2,0
9692,0.115647,0.13077,9.92197,85.8017,110879,958775,2,0
9693,0.460935,0.855063,56.5499,122.686,713278,1547460,2,0
9694,0.152693,0.18021,2.13562,13.9863,21669,141912,1,0
9695,0.527282,1.11543,14.1944,26.92,174505,330952,1,0
9696,0.347785,0.533236,3.12119,8.97444,33155,95332,1,0
9697,0.389597,0.638262,4.65887,11.9584,51008,130925,2,0
9698,0.243284,0.321499,3.1581,12.981,32483,133519,1,0
9699,0.475595,0.906922,10.9151,22.9488,148260,311736,1,0
9700,0.30945,0.44812,4.00896,12.9551,40895,132154,1,0
9701,0.555744,1.25096,44.9047,80.8011,597484,1075106,2,0
9702,0.247617,0.329111,1.23613,4.99208,12574,50780,1,0
9703,0.428873,0.750923,45.3626,105.768,545861,1272781,1,0
9704,0.265221,0.360953,5.81926,21.9415,60517,228176,1,0
9705,0.516266,1.06725,7.73635,14.9854,94028,182131,1,0
9706,0.260295,0.35189,2.33388,8.96628,24152,92787,1,0
9707,0.382562,0.619595,13.3581,34.9158,164899,431039,1,0
9708,0.226482,0.292795,2.26489,10.0004,23406,103346,1,0
9709,0.414913,0.709146,9.51635,22.9366,132921,320359,1,0
9710,0.2803,0.389468,8.95183,31.9372,96401,343921,1,0
9711,0.236187,0.30922,2.35696,9.97949,26588,112572,1,0
9712,0.222213,0.2857,3.32856,14.9792,33772,151980,1,0
9713,0.327223,0.486377,4.24683,12.9786,47591,145439,1,0
9714,0.331151,0.495105,51.5541,155.684,572176,1727842,1,0
9715,0.437518,0.777835,55.8855,127.736,648907,1483155,1,0
9716,0.28744,0.40339,45.3202,157.665,463300,1611816,1,0
9717,0.485237,0.942643,6.78344,13.9797,92625,190886,1,0
9718,0.0983471,0.109074,1.37462,13.9774,14000,142353,1,0
9719,0.54048,1.17618,7.00657,12.9633,93596,173172,1,0
9720,0.158649,0.188565,7.43729,46.8787,75694,477115,2,0
9721,0.138636,0.160949,2.35488,16.9838,25781,185962,1,0
9722,0.21642,0.276194,1.08224,5.00067,11277,52107,1,0
9723,0.447181,0.80891,46.8505,104.771,587153,1313010,1,0
9724,0.290332,0.409109,4.92665,16.969,50210,172940,1,0
9725,0.405443,0.681925,34.381,84.8043,429735,1059914,1,0
9726,0.283548,0.395767,2.54619,8.97979,26233,92517,1,0
9727,0.442516,0.793775,14.1154,31.8979,172592,390024,1,0
9728,0.145851,0.170756,6.98392,47.8867,77821,533564,2,0
9729,0.372286,0.593082,5.94321,15.9641,67405,181057,1,0
9730,0.339811,0.514717,2.37594,6.99197,24115,70966,1,0
9731,0.478892,0.918989,75.4668,157.588,937061,1956726,1,0
9732,0.133475,0.154034,3.98979,29.8906,44316,332018,1,0
9733,0.378945,0.610163,16.6369,43.9026,200502,529106,1,0
9734,0.291593,0.411618,2.32747,7.98203,24681,84642,1,0
9735,0.4747,0.903673,13.7396,28.9436,158441,333771,1,0
9736,0.28789,0.404278,9.48352,32.9408,100449,348914,1,0
9737,0.500387,1.00155,7.49805,14.9847,99566,198978,1,0
9738,0.312395,0.454324,2.17667,6.96772,22569,72245,1,0
9739,0.372346,0.593233,24.5206,65.851,301550,809866,1,0
9740,0.189974,0.234529,6.07041,31.9538,62153,327165,1,0
9741,0.46968,0.885655,6.56773,13.9833,72335,154009,1,0
9742,0.248415,0.330521,1.98338,7.98414,20136,81058,1,0
9743,0.465084,0.869452,10.2103,21.954,136650,293818,1,0
9744,0.0244863,0.0251009,2.17357,88.768,24333,993741,1,0
9745,0.269474,0.368877,6.72402,24.9526,77531,287712,1,0
9746,0.33138,0.495617,2.64113,7.97013,27931,84287,1,0
9747,0.353906,0.547762,9.52627,26.9171,113837,321659,1,0
9748,0.167654,0.201423,2.00752,11.9743,20438,121906,1,0
9749,0.44602,0.80512,30.263,67.8535,356541,799383,1,0
9750,0.157274,0.186626,2.03845,12.9611,20680,131490,1,0
9751,0.120937,0.137575,2.04557,16.914,27739,229367,1,0
9752,0.233773,0.305096,10.0376,42.9379,106239,454454,1,0
9753,0.537979,1.16441,10.7299,19.9449,151863,282284,1,0
9754,0.3022,0.433075,2.72207,9.00761,28641,94775,1,0
9755,0.48948,0.958786,21.4928,43.9099,292353,597273,2,0
9756,0.0741155,0.0800483,2.51253,33.9002,25442,343275,1,0
9757,0.509293,1.03787,95.037,186.599,1200313,2356824,1,0
9758,0.0455921,0.0477701,5.13915,112.723,57898,1269912,1,0
9759,0.478095,0.916057,14.7969,30.9497,179059,374526,1,0
9760,0.172119,0.207904,3.42399,19.8931,34717,201703,1,0
9761,0.421928,0.729888,78.2996,185.584,951338,2254740,1,0
9762,0.0566144,0.0600119,1.1311,19.9792,12761,225402,1,0
9763,0.479572,0.921495,10.0594,20.9758,124247,259079,1,0
9764,0.281746,0.392266,1.97186,6.99867,20632,73229,1,0
9765,0.212766,0.270271,2.76159,12.979,37146,174586,1,0
9766,0.25743,0.346674,2.30969,8.9721,23630,91792,1,0
9767,0.517465,1.07239,22.1741,42.8502,278825,538829,1,0
9768,0.233471,0.304582,2.09534,8.97472,21286,91172,1,0
9769,0.41566,0.711332,11.6066,27.9232,134402,323346,1,0
9770,0.231664,0.301513,4.39427,18.9685,45224,195214,1,0
9771,0.422735,0.732306,5.47974,12.9623,73960,174956,1,0
9772,0.218723,0.279955,1.30608,5.97139,13292,60771,2,0
9773,0.53032,1.12911,33.8423,63.8144,423619,798799,1,0
9774,0.0552053,0.058431,15.092,273.397,167456,3033333,2,0
9775,0.549127,1.21792,5.48026,9.98016,79037,143932,1,0
9776,0.193249,0.23954,3.28194,16.9833,35044,181341,2,0
9777,0.415381,0.710515,5.8079,13.9824,68996,166103,1,0
9778,0.241262,0.317978,8.42366,34.9147,85586,354743,1,0
9779,0.552342,1.23385,412.236,746.296,5541953,10033556,1,0
9780,0.210587,0.266764,10.7192,50.9018,108535,515392,1,0
9781,0.480105,0.923464,65.1577,135.711,801320,1669053,1,0
9783,0.581402,1.38893,17.9903,30.9431,243718,419190,1,0
9784,0.119564,0.135801,1.54994,12.9631,16681,139515,1,0
9785,0.442185,0.792709,19.4058,43.8859,237628,537395,1,0
9786,0.264118,0.358914,6.32409,23.9443,64654,244792,1,0
9787,0.281651,0.392082,19.9563,70.8658,239674,850960,1,0
9788,0.249275,0.332045,2.4878,9.98013,25257,101322,1,0
9789,0.470323,0.887942,5.15874,10.9686,59057,125567,1,0
9790,0.161833,0.193079,1.45323,8.9798,14741,91088,1,0
9791,0.426848,0.744738,26.3994,61.8453,322175,754777,1,0
9792,0.346986,0.531362,7.27405,20.9635,75388,217265,1,0
9793,0.380846,0.615106,44.4522,116.724,509563,1337978,1,0
9794,0.152038,0.179298,2.73274,17.974,28108,184875,1,0
9795,0.478963,0.919248,26.7684,55.8872,329771,688511,1,0
9796,0.210336,0.266361,2.93541,13.956,29830,141821,1,0
9797,0.493355,0.973767,11.3233,22.9518,142020,287866,1,0
9798,0.163814,0.195907,3.59354,21.9367,36956,225597,1,0
9799,0.290684,0.409809,3.18786,10.9666,36314,124926,1,0
9800,0.268358,0.366789,41.5065,154.668,424760,1582811,2,0
9801,0.468855,0.882724,200.653,427.969,2508698,5350695,2,0
9802,0.102076,0.11368,3.55785,34.8565,39876,390651,1,0
9803,0.351362,0.541692,4.20709,11.9737,46553,132493,1,0
9804,0.254853,0.342017,6.36084,24.9589,65305,256246,1,0
9805,0.523758,1.09977,14.1124,26.9443,168569,321845,1,0
9806,0.244026,0.322796,18.9814,77.7845,192463,788700,1,0
9807,0.474121,0.901579,6.14469,12.9599,84679,178602,1,0
9808,0.106363,0.119023,4.14114,38.933,46349,435762,1,0
9809,0.494962,0.980049,39.5163,79.8375,498835,1007825,1,0
9810,0.230684,0.299856,6.21202,26.9288,63679,276044,1,0
9811,0.434553,0.768512,6.92967,15.9465,81048,186509,1,0
9812,0.217884,0.278582,1.52439,6.99637,15512,71194,1,0
9813,0.489973,0.960681,15.1681,30.9562,182613,372700,1,0
9814,0.35587,0.552481,35.8733,100.806,378016,1062232,2,0
9815,0.360499,0.56372,6.83676,18.965,74526,206730,1,0
9816,0.105073,0.11741,1.57363,14.9769,17497,166522,1,0
9817,0.552941,1.23684,13.2501,23.9632,160933,291049,1,0
9818,0.361932,0.567231,9.01598,24.9107,94520,261154,1,0
9819,0.356558,0.554142,5.69029,15.9586,63037,176793,1,0
9820,0.188413,0.232153,9.39787,49.8779,105526,560079,1,0
9821,0.161805,0.19304,1.61643,9.98994,17578,108637,1,0
9822,0.14414,0.168415,4.17339,28.9542,46757,324387,1,0
9823,0.442225,0.792837,49.4182,111.752,723572,1636208,1,0
9824,0.248406,0.330506,1.9839,7.98655,20420,82204,1,0
9825,0.428871,0.750919,3.85228,8.98252,54323,126665,1,0
9826,0.0685364,0.0735793,2.87264,41.916,32362,472187,1,0
9827,0.472549,0.89591,9.44928,19.9965,112417,237895,1,0
9828,0.262212,0.355403,13.0833,49.8962,132932,506964,1,0
9829,0.378571,0.609195,28.3305,74.8343,349162,922315,1,0
9830,0.12539,0.143367,1.25397,10.0006,12773,101866,1,0
9831,0.486617,0.947863,39.3262,80.814,465392,956383,2,0
9832,0.0382076,0.0397254,5.06984,132.695,56171,1470152,1,0
9833,0.569084,1.32064,5.67982,9.9806,81708,143578,1,0
9834,0.238194,0.312669,4.99002,20.9494,51446,215984,1,0
9835,0.539717,1.17258,12.3895,22.9553,176256,326571,2,0
9836,0.279465,0.387859,14.4914,51.8536,147937,529357,1,0
9837,0.45814,0.845495,8.21075,17.9222,113490,247719,1,0
9838,0.160902,0.191757,2.08225,12.941,21117,131241,1,0
9839,0.485483,0.943571,19.3701,39.8995,232512,478929,1,0
9840,0.27199,0.373608,13.8422,50.892,141033,518522,2,0
9841,0.278793,0.386564,1.66904,5.98669,19622,70382,1,0
9842,0.243712,0.322247,1.21459,4.98374,12625,51803,1,0
9843,0.447268,0.809196,114.258,255.461,1242448,2777858,1,0
9844,0.316032,0.462057,5.67565,17.9591,61935,195977,1,0
9845,0.491043,0.964802,49.955,101.727,660096,1344274,1,0
9846,0.0741086,0.0800403,3.69916,49.9102,41715,562890,1,0
9847,0.498808,0.995242,12.9435,25.9491,156236,313219,1,0
9848,0.20746,0.261766,3.1051,14.9673,31754,153061,1,0
9849,0.398013,0.661166,5.55382,13.9539,62506,157045,1,0
9850,0.268779,0.367576,9.38115,34.9027,95855,356631,1,0
9851,0.431855,0.760114,14.2087,32.9021,178414,413134,1,0
9852,0.329139,0.490621,7.8837,23.9526,80037,243171,1,0
9853,0.421277,0.727943,55.0534,130.678,683861,1623304,1,0
9854,0.236227,0.309289,1.41437,5.98731,14570,61678,1,0
9855,0.473421,0.899051,5.19529,10.9739,76378,161332,1,0
9856,0.0355976,0.0369115,1.31395,36.9101,14782,415253,1,0
9857,0.338927,0.512693,8.11313,23.9367,113827,335845,1,0
9858,0.0939238,0.10366,1.12235,11.9501,12482,132895,1,0
9859,0.454369,0.832739,41.6785,91.7287,521647,1148070,1,0
9860,0.0411582,0.0429249,24.026,583.705,266352,6471423,1,0
9861,0.393702,0.649354,42.8215,108.762,526516,1337346,1,0
9862,0.255354,0.34292,3.05838,11.977,33661,131821,1,0
9863,0.522829,1.09568,7.83508,14.9864,104377,199639,1,0
9864,0.266216,0.362799,10.6251,39.9118,109977,413112,1,0
9865,0.415363,0.710462,8.71306,20.9772,100249,241353,1,0
9866,0.260748,0.352718,3.12234,11.9747,31715,121631,1,0
9867,0.458269,0.845936,12.7978,27.9258,148740,324569,1,0
9868,0.406481,0.684866,3.24164,7.9748,33492,82395,1,0
9869,0.356937,0.555057,3.20384,8.9759,34670,97132,1,0
9870,0.262844,0.356565,2.36049,8.98055,24010,91347,2,0
9871,0.439931,0.785494,10.5325,23.9412,140041,318325,1,0
9872,0.337135,0.508604,6.39153,18.9583,64966,192700,1,0
9873,0.323555,0.478318,18.7225,57.8622,218121,674138,1,0
9874,0.110901,0.124734,1.32921,11.9854,14878,134156,1,0
9875,0.33881,0.512425,10.4802,30.9315,120944,356967,1,0
9876,0.10854,0.121755,1.83674,16.9226,20536,189203,1,0
9877,0.391165,0.642481,24.9787,63.8493,341789,873772,1,0
9878,0.0459736,0.048189,2.79931,60.889,30995,674192,1,0
9879,0.396007,0.655649,50.6114,127.789,681105,1719930,2,0
9880,0.236463,0.309693,51.6718,218.523,525743,2223367,1,0
9881,0.5207,1.08637,99.2244,190.561,1320439,2535894,1,0
9882,0.0524808,0.0553876,1.36254,25.9627,15260,290773,1,0
9883,0.338151,0.510919,5.40099,15.9724,63564,187975,1,0
9884,0.227813,0.295024,2.0452,8.97755,21984,96500,1,0
9885,0.616456,1.60727,8.61405,13.9737,113833,184657,1,0
9886,0.0923619,0.101761,3.04153,32.9313,34197,370250,1,0
9887,0.450695,0.820483,13.9502,30.9521,172079,381808,1,0
9888,0.0748204,0.0808713,3.43372,45.8952,38305,511959,2,0
9889,0.421831,0.729598,7.58375,17.9779,92791,219972,1,0
9890,0.0351532,0.0364339,1.82344,51.8712,20546,584471,1,0
9891,0.285656,0.399885,5.70915,19.986,62037,217174,1,0
9892,0.190135,0.234774,5.49947,28.9241,56455,296920,1,0
9893,0.563986,1.2935,21.4015,37.948,268548,476161,1,0
9894,0.325274,0.482084,5.51955,16.9691,57891,177976,1,0
9895,0.491912,0.968161,7.86142,15.9812,90008,182976,1,0
9896,0.125202,0.143121,4.74653,37.9098,53285,425592,1,0
9897,0.441161,0.789424,7.03741,15.9522,94063,213217,1,0
9898,0.24643,0.327017,1.96999,7.9942,20589,83549,1,0
9899,0.53057,1.13024,55.0501,103.759,733805,1383051,1,0
9900,0.343622,0.523512,6.1707,17.9578,64626,188073,1,0
9901,0.239968,0.315734,3.35202,13.9688,38995,162501,1,0
9902,0.28023,0.389332,2.23412,7.97252,23263,83014,1,0
9903,0.321845,0.474588,3.84165,11.9363,41769,129780,1,0
9904,0.231374,0.301023,4.84143,20.9246,49736,214959,1,0
9905,0.433937,0.766587,28.5899,65.8879,378839,873028,1,0
9906,0.267232,0.364689,4.79594,17.9468,48737,182377,1,0
9907,0.484572,0.940135,31.9014,65.8333,395682,816560,1,0
9908,0.18406,0.225581,11.1985,60.8374,124609,677001,1,0
9909,0.453594,0.830142,41.1776,90.7777,496952,1095587,1,0
9910,0.0557815,0.0590769,1.89465,33.9668,21315,382116,1,0
9911,0.415262,0.710167,9.95026,23.9626,116662,280936,1,0
9912,0.297136,0.42275,2.07104,6.97009,21816,73421,1,0
9913,0.433627,0.765621,8.65321,19.9559,97106,223939,1,0
9914,0.0620012,0.0660995,2.84637,45.9072,32047,516877,1,0
9915,0.48084,0.92619,51.3142,106.716,677619,1409239,1,0
9916,0.255485,0.343156,2.54567,9.964,26178,102464,1,0
9917,0.192826,0.23889,3.84757,19.9534,41818,216869,1,0
9918,0.180022,0.219545,6.82852,37.9314,70180,389841,1,0
9919,0.498708,0.994844,48.2864,96.8137,634227,1271741,1,0
9920,0.158538,0.188407,1.58146,9.97532,17858,112642,1,0
9921,0.575965,1.3583,79.8862,138.703,1110297,1927715,1,0
9922,0.0434235,0.0453947,1.5604,35.9337,17588,405034,1,0
9923,0.507849,1.0319,15.2098,29.9502,184367,363035,1,0
9924,0.0574964,0.0610039,2.86724,49.8655,32000,556557,1,0
9925,0.418933,0.720973,4.60785,10.9991,54233,129455,2,0
9926,0.139869,0.162613,6.83833,48.8925,75866,542408,1,0
9927,0.414641,0.708355,10.7641,25.9598,121888,293960,1,0
9928,0.245623,0.325597,2.44885,9.96997,26472,107775,2,0
9929,0.259084,0.349681,6.72011,25.9392,90390,348883,1,0
9930,0.350909,0.540616,16.7983,47.871,170368,485505,1,0
9931,0.361731,0.566739,7.20523,19.9186,82864,229076,1,0
9932,0.0420249,0.0438685,1.2574,29.9202,14154,336800,1,0
9933,0.437822,0.778796,13.1056,29.9333,159238,363705,1,0
9934,0.112756,0.127086,14.4031,127.736,159465,1414249,1,0
9935,0.472393,0.895352,16.0182,33.9083,192001,406443,1,0
9936,0.119853,0.136174,6.57705,54.8775,73816,615888,1,0
9937,0.501662,1.00667,12.498,24.9131,148943,296899,1,0
9938,0.219667,0.281504,2.63007,11.973,26657,121352,1,0
9939,0.442655,0.79422,97.1562,219.492,1068548,2413953,1,0
9940,0.0727727,0.0784842,1.59653,21.9376,17948,246631,1,0
9941,0.368758,0.584178,11.7761,31.9343,128435,348291,1,0
9942,0.227894,0.295159,2.72634,11.9632,27894,122399,1,0
9943,0.500651,1.00261,18.986,37.9222,231444,462286,1,0
9944,0.215237,0.27427,2.36011,10.9651,24065,111807,1,0
9945,0.478121,0.916152,4.77276,9.98224,51430,107567,1,0
9946,0.0529521,0.0559128,1.26837,23.9533,14225,268639,1,0
9947,0.504009,1.01616,8.05139,15.9749,95362,189207,1,0
9948,0.0807391,0.0878305,1.85292,22.9485,20668,255985,2,0
9949,0.163944,0.196092,1.30717,7.97337,17574,107195,1,0
9950,0.166014,0.19906,1.49047,8.97797,15170,91378,1,0
9951,0.510174,1.04154,19.3405,37.9099,254534,498916,1,0
9952,0.239149,0.314318,6.20723,25.9555,66680,278822,1,0
9953,0.446616,0.807063,37.9068,84.8766,468962,1050034,1,0
9954,0.232473,0.302885,4.6298,19.9156,47612,204807,1,0
9955,0.47971,0.922007,7.66731,15.9831,89596,186771,1,0
9956,0.0487028,0.0511961,1.6042,32.9383,18047,370554,1,0
9957,0.389272,0.637391,7.74504,19.8963,89213,229179,1,0
9958,0.250516,0.334251,2.7506,10.9796,28766,114827,1,0
9959,0.51883,1.07827,49.6965,95.7877,621229,1197366,1,0
9960,0.301946,0.432554,2.11298,6.99785,21844,72344,1,0
9961,0.54441,1.19496,12.5047,22.969,164051,301337,1,0
9962,0.252647,0.338055,2.77111,10.9682,29137,115327,2,0
9963,0.46762,0.878358,18.1966,38.9119,217601,465337,1,0
9964,0.111868,0.125958,1.11814,9.99523,11470,102532,1,0
9965,0.387364,0.632289,8.90741,22.9949,100295,258917,1,0
9966,0.243571,0.322,1.9396,7.96324,19813,81344,1,0
9967,0.272339,0.374266,7.05585,25.9079,86353,317079,1,0
9968,0.322532,0.476085,45.3713,140.675,509293,1579045,1,0
9969,0.283717,0.396097,6.51121,22.9489,73699,259762,1,0
9970,0.0527421,0.0556787,2.31541,43.9007,25740,488035,1,0
9971,0.496674,0.986785,45.1021,90.8105,565047,1137661,1,0
9972,0.0965211,0.106833,3.6607,37.9276,41231,427171,1,0
9973,0.48913,0.957445,6.82997,13.9634,80343,164257,1,0
9974,0.0900476,0.0989586,1.70692,18.9551,18909,209989,1,0
9975,0.527556,1.11666,10.5275,19.9554,124899,236750,1,0
9976,0.301812,0.43228,3.31125,10.9711,34703,114982,1,0
9977,0.297914,0.424326,9.50948,31.92,116164,389925,1,0
9978,0.232195,0.302413,34.755,149.684,354607,1527197,1,0
9979,0.400648,0.668468,7.17998,17.9205,83977,209603,1,0
9980,0.154413,0.182611,2.3089,14.9527,23487,152105,1,0
9981,0.344037,0.524477,57.3256,166.62,702061,2040654,1,0
9982,0.086312,0.0944655,1.54904,17.9469,17473,202440,1,0
9983,0.403427,0.676241,10.8637,26.929,125507,311102,1,0
9984,0.140191,0.163049,13.2857,94.7655,148228,1057327,1,0
9985,0.272625,0.374807,2.71852,9.97147,37688,138241,1,0
9986,0.287011,0.402547,6.01569,20.9599,61931,215779,1,0
9987,0.41378,0.705845,12.7814,30.8895,139931,338177,1,0
9988,0.129414,0.148652,1.03365,7.98727,11581,89488,1,0
9989,0.388856,0.636275,5.82167,14.9718,68250,175515,2,0
9990,0.0623683,0.0665168,6.65592,106.72,74325,1191712,1,0
9991,0.469204,0.883962,18.7151,39.8865,232405,495318,1,0
9992,0.0510972,0.0538487,1.27556,24.9638,14351,280857,1,0
9993,0.384031,0.623458,5.74572,14.962,70134,182626,1,0
9994,0.28694,0.402407,2.28956,7.97921,23878,83216,1,0
9995,0.420159,0.724611,42.7605,101.771,533179,1268993,1,0
9996,0.281353,0.391505,52.515,186.649,564545,2006533,1,0
9997,0.144879,0.169425,2.45865,16.974,32722,225858,1,0
9998,0.078586,0.0852885,1.49086,18.9716,16700,212506,1,0
9999,0.441004,0.788922,17.6012,39.9109,214665,486764,1,0
10000,0.0695252,0.0747201,2.2885,32.9145,25598,368183,1,0
10001,0.188697,0.232585,16.3777,86.7903,200225,1061093,1,0
10002,0.0454311,0.0475934,1.40319,30.886,15708,345754,1,0
10003,0.389277,0.637404,27.5712,70.8226,320276,822745,1,0
10004,0.316974,0.464072,2.21587,6.99077,23160,73066,1,0
10005,0.328921,0.490137,5.90518,17.9526,67364,204803,1,0
10006,0.234054,0.305575,21.9402,93.7395,225615,963945,1,0
10007,0.455716,0.837277,22.7287,49.8737,279848,614084,1,0
10008,0.254202,0.340846,96.6347,380.157,1071362,4214601,1,0
10009,0.458463,0.846597,4.57981,9.98975,64851,141453,1,0
10010,0.29984,0.428245,12.874,42.9356,135105,450590,1,0
10011,0.260818,0.352847,7.54652,28.9333,86342,331043,1,0
10012,0.175624,0.213038,2.80514,15.9724,28509,162330,1,0
10013,0.360715,0.564247,4.32354,11.9861,48396,134167,1,0
10014,0.0688455,0.0739356,4.0513,58.8479,45421,659753,1,0
10015,0.377515,0.606464,6.397,16.9452,70445,186602,1,0
10016,0.166746,0.200114,1.49844,8.98652,16165,96944,1,0
10017,0.340136,0.515464,5.43157,15.9688,58615,172328,1,0
10018,0.18318,0.224259,1.82846,9.98171,19594,106966,1,0
10019,0.522945,1.09619,12.5178,23.9365,149886,286619,1,0
10020,0.0855765,0.0935852,1.79424,20.9669,20207,236128,1,0
10021,0.33673,0.507681,8.0731,23.9748,91381,271378,1,0
10022,0.126719,0.145106,4.55101,35.913,50786,400778,1,0
10023,0.402735,0.6743,67.1078,166.634,743778,1846816,1,0
10024,0.168788,0.203062,2.52903,14.9836,25888,153376,1,0
10025,0.407032,0.686431,27.6177,67.8538,368404,905099,1,0
10026,0.248218,0.330172,3.21656,12.9586,32868,132416,1,0
10027,0.293605,0.415638,33.3898,113.714,381085,1297952,1,0
10028,0.113427,0.127939,3.05485,26.9324,33813,298104,1,0
10029,0.375099,0.600253,28.4357,75.8072,332258,885788,2,0
10030,0.229172,0.297306,2.05998,8.98874,22278,97211,1,0
10031,0.522184,1.09286,5.2067,9.97072,77465,148348,1,0
10032,0.0842491,0.092,6.22072,73.8323,69552,825552,1,0
10033,0.538584,1.16724,17.1849,31.9073,214845,398907,1,0
10034,0.20342,0.255367,7.51299,36.9327,77048,378763,1,0
10035,0.404256,0.678574,6.05169,14.9698,65990,163238,1,0
10036,0.116786,0.132228,1.39746,11.9659,15709,134511,1,0
10037,0.261259,0.353654,5.73489,21.9517,64688,247601,1,0
10038,0.25676,0.34546,2.30272,8.96819,24120,93940,1,0
10039,0.353042,0.545695,4.93423,13.9762,54749,155078,1,0
10040,0.172689,0.208736,1.20794,6.99489,12401,71811,1,0
10041,0.431168,0.757988,30.5525,70.8613,344395,798749,1,0
10042,0.0915962,0.100832,1.46493,15.9932,16505,180193,1,0
10043,0.347436,0.532416,13.1687,37.9021,160747,462667,1,0
10044,0.222105,0.28552,2.21868,9.9893,23327,105027,1,0
10045,0.244951,0.324418,4.39535,17.9441,49440,201836,1,0
10046,0.231325,0.30094,17.3067,74.8158,178480,771556,1,0
10047,0.49267,0.971104,11.3159,22.9686,165444,335811,1,0
10048,0.062847,0.0670617,3.57437,56.8749,40112,638248,1,0
10049,0.483294,0.935335,18.7963,38.8925,231995,480029,2,0
10050,0.314393,0.458561,7.52684,23.941,76692,243937,1,0
10051,0.381545,0.616932,22.0891,57.8916,266851,699396,1,0
10052,0.281817,0.392402,7.30518,25.9215,74363,263870,1,0
10053,0.295275,0.418993,26.2187,88.8009,305453,1034470,1,0
10054,0.0464876,0.0487541,1.71852,36.9668,19335,415917,1,0
10055,0.440667,0.787843,4.82999,10.9603,65844,149419,1,0
10056,0.0933623,0.102976,4.37865,46.9002,48841,523134,2,0
10058,0.240753,0.317094,2.16242,8.98172,23582,97951,1,0
10060,0.213911,0.272121,15.5824,72.8447,160236,749077,1,0
10061,0.481318,0.927964,17.2935,35.93,186890,388288,2,0
10062,0.0680118,0.0729749,1.89602,27.8777,21250,312446,1,0
10063,0.419329,0.722144,8.35394,19.9224,102330,244033,1,0
10064,0.316248,0.462518,4.73385,14.9688,49415,156254,1,0
10065,0.429943,0.754212,15.8655,36.8999,234265,544874,2,0
10066,0.134238,0.155051,1.47477,10.9861,16508,122976,1,0
10067,0.373697,0.596672,18.2535,48.8521,266451,713013,1,0
10068,0.219199,0.280736,18.3755,83.8307,201745,920375,1,0
10069,0.513247,1.05443,15.88,30.9411,206629,402592,2,0
10070,0.194035,0.240749,4.44979,22.9327,45711,235581,1,0
10071,0.49796,0.991874,10.9259,21.9416,129136,259330,2,0
10072,0.274953,0.37922,2.75084,10.0047,27991,101803,1,0
10073,0.511865,1.04861,120.036,234.514,1500507,2931449,1,0
10074,0.346529,0.530289,59.833,172.663,643448,1856840,1,0
10075,0.438247,0.780143,16.1482,36.8476,191124,436110,1,0
10076,0.292573,0.413573,2.92074,9.98295,32092,109689,1,0
10077,0.346412,0.530017,5.186,14.9709,60362,174249,1,0
10078,0.116287,0.131589,2.43589,20.9472,24956,214607,1,0
10079,0.391342,0.64296,22.641,57.8572,276321,706085,1,0
10080,0.154139,0.182227,3.68901,23.9326,39701,257567,1,0
10081,0.492302,0.969675,7.36192,14.9551,106672,216680,1,0
10082,0.226483,0.292797,2.03566,8.98813,21267,93901,1,0
10083,0.493852,0.975707,4.91844,9.95925,66432,134518,1,0
10084,0.0502412,0.0528989,2.00319,39.8719,22288,443620,1,0
10085,0.211217,0.267775,2.94883,13.9613,36023,170550,1,0
10086,0.172311,0.208184,1.88976,10.9671,19516,113260,1,0
10087,0.389773,0.638735,5.44406,13.9671,60508,155239,1,0
10088,0.126224,0.144457,2.26783,17.9668,25314,200549,1,0
10089,0.54034,1.17552,8.07402,14.9425,110539,204573,1,0
10090,0.265039,0.360617,1.58594,5.98377,16601,62636,1,0
10091,0.449184,0.81549,15.234,33.9128,183106,407641,1,0
10092,0.192784,0.238825,2.30773,11.9706,23573,122277,1,0
10093,0.49713,0.988584,31.7426,63.8523,359448,723047,2,0
10094,0.238672,0.313495,2.14219,8.97543,22250,93224,1,0
10095,0.285897,0.400359,7.41977,25.9543,95434,333805,1,0
10096,0.160646,0.191392,1.60327,9.98034,17480,108811,1,0
10098,0.293281,0.414989,5.26424,17.9496,53473,182327,1,0
10099,0.442385,0.793351,87.8493,198.588,1048483,2370070,1,0
10100,0.134762,0.155752,4.43748,32.9271,49967,370779,1,0
10101,0.332322,0.497728,44.1083,132.727,507308,1526555,1,0
10102,0.161288,0.192304,10.7806,66.8422,120730,748538,1,0
10103,0.439982,0.785656,12.7433,28.9638,151374,344046,1,0
10104,0.309242,0.447684,8.01802,25.9278,83396,269679,2,0
10105,0.308481,0.446091,25.86,83.8212,323990,1050277,1,0
10106,0.0677305,0.0726512,7.57293,111.811,85104,1256509,2,0
10107,0.460468,0.853458,9.65104,20.96,108804,236290,1,0
10108,0.0969497,0.107358,2.90203,29.9345,32569,335937,1,0
10109,0.41377,0.705816,5.78229,13.9741,77140,186432,1,0
10110,0.207794,0.262298,12.0212,57.8537,133978,644763,1,0
10111,0.40308,0.675267,14.0728,34.9131,182516,452803,1,0
10112,0.198864,0.248227,4.76217,23.9472,52325,263120,1,0
10113,0.429383,0.75249,221.081,514.891,2851023,6639809,1,0
10114,0.229762,0.298299,4.81202,20.9435,50196,218470,1,0
10115,0.488791,0.956148,14.1365,28.9222,168260,344237,1,0
10116,0.197478,0.246072,1.37623,6.96906,15349,77725,1,0
10117,0.350342,0.539271,4.55159,12.9919,49785,142104,1,0
10118,0.237301,0.311134,2.13089,8.97979,22962,96763,1,0
10119,0.439728,0.784848,8.77132,19.9475,101327,230431,1,0
10120,0.151007,0.177866,2.2606,14.9703,23283,154185,1,0
10121,0.490633,0.963221,16.167,32.9511,219885,448166,1,0
10122,0.24317,0.3213,2.90903,11.963,29621,121812,1,0
10123,0.384297,0.624161,7.28961,18.969,84859,220816,2,0
10124,0.130974,0.150713,1.95985,14.9633,21720,165835,1,0
10125,0.384499,0.624692,41.4266,107.742,505943,1315851,1,0
10126,0.143249,0.1672,1.28487,8.96942,13113,91540,1,0
10127,0.354937,0.550236,59.144,166.636,714528,2013112,2,0
10128,0.127901,0.146658,1.27815,9.99307,14287,111704,1,0
10129,0.436441,0.774437,12.6288,28.9357,153000,350563,1,0
10130,0.229343,0.297595,5.71785,24.9315,61264,267128,1,0
10131,0.387922,0.633778,298.773,770.227,3477536,8964530,1,0
10132,0.295018,0.418477,17.3665,58.8662,177176,600559,1,0
10133,0.429975,0.754309,6.43783,14.9726,72035,167533,1,0
10134,0.368449,0.583403,5.14431,13.9622,54075,146764,1,0
10135,0.367317,0.58057,9.15755,24.9311,99483,270837,1,0
10136,0.194481,0.241435,1.16095,5.96949,11882,61096,1,0
10137,0.383404,0.621808,8.40899,21.9329,98615,257209,1,0
10138,0.205132,0.258071,3.06848,14.959,33846,164996,1,0
10139,0.373621,0.596478,4.84895,12.9784,57077,152767,1,0
10140,0.212799,0.270324,2.33452,10.9706,24088,113196,1,0
10141,0.387306,0.632135,14.3075,36.9405,175628,453461,2,0
10142,0.131331,0.151186,0.915305,6.96942,10126,77103,1,0
10143,0.441952,0.791962,113.762,257.416,1379519,3121420,1,0
10144,0.22862,0.296378,3.19245,13.9642,34445,150665,1,0
10145,0.417299,0.716147,3.7487,8.9833,41780,100120,1,0
10146,0.169002,0.203373,5.40062,31.9554,59463,351847,1,0
10147,0.366012,0.577317,6.94246,18.9678,81072,221501,1,0
10148,0.232131,0.302306,2.08524,8.98307,21464,92465,1,0
10149,0.369734,0.586632,7.01733,18.9795,81814,221278,1,0
10150,0.287391,0.403294,1.72366,5.99763,17678,61512,1,0
10151,0.272744,0.375031,3.54245,12.9883,40650,149041,1,0
10152,0.206894,0.260866,2.06291,9.97086,21055,101767,1,0
10153,0.172748,0.208821,2.24252,12.9812,32691,189241,1,0
10154,0.343271,0.522699,3.0828,8.98065,31974,93145,2,0
10155,0.464243,0.866517,8.34609,17.9775,115745,249320,1,0
10156,0.0420437,0.0438889,1.42729,33.9491,16041,381532,1,0
10157,0.452199,0.825482,20.7595,45.9092,236224,522389,1,0
10158,0.0550801,0.0582908,4.94488,89.7755,55537,1008295,1,0
10159,0.486532,0.947543,27.1524,55.8077,295857,608093,1,0
10160,0.308448,0.446022,25.5503,82.8357,276335,895889,1,0
10161,0.398811,0.66337,11.1382,27.9289,133326,334309,1,0
10162,0.270936,0.371622,6.48278,23.9276,68164,251587,1,0
10163,0.316862,0.463832,17.3891,54.878,220107,694647,1,0
10164,0.124887,0.14271,12.0903,96.8055,134351,1075777,1,0
10165,0.109159,0.122535,1.63513,14.9794,18829,172491,1,0
10166,0.306439,0.441834,3.3664,10.9855,34433,112365,1,0
10167,0.474798,0.904028,7.097,14.9476,96759,203790,2,0
10168,0.234966,0.307131,2.34186,9.9669,24205,103015,1,0
10169,0.383839,0.622951,48.2596,125.732,601275,1566479,1,0
10170,0.195018,0.242265,2.53284,12.9877,26018,133413,1,0
10171,0.447919,0.811329,8.48941,18.9533,103567,231218,1,0
10172,0.150329,0.176927,1.50216,9.99245,15333,101996,1,0
10173,0.301152,0.430926,6.60447,21.9307,75453,250548,1,0
10174,0.0615729,0.0656128,1.35146,21.9491,15171,246391,1,0
10175,0.29721,0.422899,13.6362,45.8828,147819,497356,1,0
10176,0.359325,0.560853,27.5941,76.7946,288146,801910,1,0
10177,0.451801,0.824156,27.9556,61.8727,351717,778477,2,0
10178,0.262817,0.356515,24.1387,91.8453,249822,950556,2,0
10179,0.373479,0.596114,4.83941,12.9577,53298,142707,1,0
10180,0.213121,0.270844,4.46404,20.946,45933,215525,1,0
10181,0.280958,0.390739,7.85261,27.9465,91179,324529,1,0
10182,0.0410701,0.0428291,0.656158,15.9769,7375,179571,1,0
10183,0.496313,0.985359,33.6631,67.8283,415864,837907,1,0
10184,0.0480429,0.0504675,3.73797,77.8053,41921,872575,1,0
10185,0.466701,0.87512,8.39143,17.9802,94779,203083,1,0
10186,0.0638515,0.0682066,1.40156,21.9504,15730,246353,1,0
10187,0.461015,0.855339,6.89493,14.9554,90589,196499,1,0
10188,0.113052,0.127462,2.70998,23.9714,30295,267973,1,0
10189,0.241545,0.318471,19.0462,78.8528,217818,901768,1,0
10190,0.247726,0.329302,10.1355,40.9146,103826,419117,1,0
10191,0.423876,0.735738,22.8326,53.8672,255588,602978,1,0
10192,0.0956748,0.105797,1.62374,16.9712,18019,188336,1,0
10193,0.491558,0.966792,21.5703,43.8824,265686,540498,1,0
10194,0.272091,0.373798,8.14413,29.9316,84836,311793,1,0
10195,0.38415,0.623772,14.5705,37.9298,177029,460833,1,0
10196,0.190269,0.234978,1.89287,9.9484,19432,102129,1,0
10197,0.312306,0.454135,4.67032,14.9537,54038,173029,2,0
10198,0.185232,0.227343,2.03404,10.9812,22913,123699,1,0
10199,0.448841,0.814357,371.245,827.154,4546625,10129710,1,0
10200,0.132831,0.153177,1.59086,11.9763,17758,133689,1,0
10201,0.427609,0.747057,6.39591,14.9574,72841,170345,1,0
10202,0.229748,0.298277,3.6673,15.9629,40302,175418,1,0
10203,0.469735,0.885848,22.0395,46.9191,278928,593799,1,0
10204,0.235672,0.308338,10.3477,43.9069,105637,448238,1,0
10205,0.512584,1.05164,6.65723,12.9876,90181,175934,1,0
10206,0.197642,0.246326,3.16225,15.9999,33941,171730,1,0
10207,0.485939,0.945296,21.3482,43.9317,252807,520244,1,0
10208,0.294792,0.418021,11.7674,39.9179,120957,410313,1,0
10209,0.410849,0.697359,15.166,36.9121,192381,468252,1,0
10210,0.100433,0.111646,2.40407,23.9367,24597,244910,1,0
10211,0.459958,0.85171,17.8978,38.9109,214509,466366,1,0
10212,0.0609367,0.064891,7.60103,124.739,85274,1399386,1,0
10213,0.388627,0.635662,11.645,29.9653,135251,348023,1,0
10214,0.184877,0.226809,2.02768,10.9676,21939,118668,1,0
10215,0.368719,0.584081,12.1388,32.9217,137453,372785,1,0
10216,0.119078,0.135174,0.83259,6.99197,8950,75161,1,0
10217,0.523431,1.09833,6.78343,12.9596,79998,152834,1,0
10218,0.0577577,0.0612982,0.924846,16.0123,10405,180149,1,0
10219,0.566927,1.30908,9.63258,16.9905,138362,244056,1,0
10220,0.200863,0.25135,3.80656,18.951,38971,194018,1,0
10221,0.343686,0.523661,13.0297,37.9096,151848,441822,1,0
10222,0.264901,0.360361,3.70176,13.9742,37723,142404,1,0
10223,0.357569,0.556588,42.8155,119.735,461114,1289579,1,0
10224,0.346596,0.530447,39.7741,114.758,415778,1199603,1,0
10225,0.486901,0.948941,12.1554,24.9651,166506,341971,1,0
10226,0.114295,0.129044,1.25173,10.9515,13983,122341,1,0
10227,0.320091,0.470784,9.90096,30.9298,114264,356974,1,0
10228,0.252672,0.338101,4.53571,17.951,47395,187575,1,0
10229,0.460801,0.854605,194.5,422.092,2211585,4799431,1,0
10230,0.0394141,0.0410313,1.06107,26.9208,11931,302709,1,0
10231,0.325053,0.481598,9.71237,29.8788,108857,334890,1,0
10232,0.0436321,0.0456227,8.66594,198.617,96987,2222836,1,0
10233,0.388809,0.636151,10.4712,26.9322,116997,300911,1,0
10234,0.19346,0.239864,3.47474,17.9611,35634,184193,1,0
10235,0.436621,0.775004,25.689,58.835,313762,718614,2,0
10236,0.136731,0.158387,2.31871,16.9579,25825,188875,1,0
10237,0.443215,0.796027,42.4535,95.7828,511011,1152963,1,0
10238,0.141572,0.16492,2.68007,18.9304,29791,210430,1,0
10239,0.391301,0.642847,17.1644,43.8628,201069,513848,1,0
10240,0.0624438,0.0666027,2.3656,37.8856,26604,426047,1,0
10241,0.268738,0.367498,13.9407,51.8757,152206,566374,1,0
10242,0.204959,0.257797,3.26721,15.9404,34049,166126,1,0
10243,0.497512,0.990096,16.8701,33.9093,212739,427606,1,0
10244,0.107981,0.121053,4.30888,39.9031,44080,408219,1,0
10245,0.372522,0.593682,2.97766,7.99318,32719,87831,1,0
10246,0.0562082,0.0595557,1.57197,27.9672,17665,314278,1,0
10247,0.325538,0.482662,4.2273,12.9857,45781,140632,1,0
10248,0.199293,0.248896,1.98797,9.97517,20858,104660,1,0
10249,0.492996,0.972372,7.87242,15.9685,91896,186403,1,0
10250,0.167196,0.200762,2.66825,15.9588,27332,163473,1,0
10251,0.307864,0.444804,16.5809,53.8581,215974,701523,1,0
10252,0.208172,0.2629,4.15258,19.948,42350,203438,1,0
10253,0.444752,0.800998,38.6309,86.8611,483354,1086794,2,0
10254,0.338779,0.512353,1.69761,5.01096,17295,51051,1,0
10255,0.411254,0.698525,8.61556,20.9498,96731,235210,1,0
10256,0.165856,0.198834,2.81686,16.9832,31717,191232,1,0
10257,0.495408,0.981801,10.8773,21.9559,129472,261344,1,0
10258,0.162468,0.193984,2.10659,12.9663,21971,135233,1,0
10259,0.221746,0.284927,13.4953,60.8579,194020,874966,1,0
10260,0.100375,0.111575,1.90504,18.9796,21095,210161,1,0
10261,0.476996,0.912031,25.7069,53.8942,316835,664230,1,0
10262,0.15939,0.189613,2.22688,13.9714,22759,142788,1,0
10263,0.110648,0.124415,2.42815,21.9444,26515,239633,1,0
10264,0.0534572,0.0564763,1.97397,36.9253,22136,414088,1,0
10265,0.349217,0.53661,4.86914,13.943,52914,151522,1,0
10266,0.228622,0.296382,7.3036,31.9464,75163,328765,1,0
10267,0.393821,0.649678,28.6811,72.8258,325234,825842,1,0
10268,0.255713,0.343569,6.12462,23.9507,63934,250022,1,0
10269,0.180547,0.220326,5.39785,29.8967,65495,362759,1,0
10270,0.306096,0.441122,2.7452,8.96847,29493,96352,1,0
10271,0.512373,1.05075,8.68456,16.9495,99761,194704,1,0
10272,0.0733247,0.0791267,1.09727,14.9644,11206,152827,1,0
10273,0.368614,0.583818,8.45279,22.9313,92412,250701,1,0
10274,0.0495422,0.0521246,1.53175,30.9177,17208,347340,1,0
10275,0.306603,0.442174,2.44885,7.98711,29413,95932,1,0
10276,0.140936,0.164058,2.52989,17.9515,27986,198572,1,0
10277,0.439548,0.784273,31.5687,71.8197,364840,830035,1,0
10278,0.0643817,0.0688119,1.02753,15.9598,11539,179228,1,0
10279,0.434887,0.769558,8.6612,19.9166,99774,229425,1,0
10280,0.0573863,0.0608799,3.3218,57.883,37116,646775,1,0
10281,0.427791,0.747612,67.8547,158.61,844783,1974758,1,0
10282,0.127479,0.146105,1.40239,11.0007,15644,122718,1,0
10283,0.371131,0.590157,62.9491,169.62,779916,2101455,2,0
10284,0.239715,0.315296,2.63011,10.9719,26710,111424,1,0
10285,0.43437,0.767941,7.36238,16.9492,82791,190600,1,0
10286,0.0898635,0.0987362,12.1914,135.686,136874,1523133,1,0
10287,0.250476,0.334179,2.74799,10.9711,30015,119832,1,0
10288,0.193928,0.240584,1.93608,9.98345,20268,104513,1,0
10289,0.486432,0.94716,27.187,55.8876,308132,633454,1,0
10290,0.283557,0.395785,24.8985,87.8094,255054,899480,1,0
10291,0.457398,0.842971,5.01662,10.9671,71462,156236,1,0
10292,0.175831,0.213343,13.8617,78.8336,141903,807043,1,0
10293,0.431356,0.758571,5.16471,11.9732,60163,139474,1,0
10294,0.0310017,0.0319935,3.09362,99.7878,34534,1113940,1,0
10295,0.448718,0.813954,14.3354,31.9442,205976,459032,1,0
10296,0.170717,0.205861,5.11079,29.9369,52199,305763,1,0
10297,0.353924,0.547804,12.701,35.8904,167271,472619,2,0
10298,0.161569,0.192705,1.93773,11.9933,20614,127586,1,0
10299,0.112434,0.126676,1.90974,16.9843,21217,188707,1,0
10300,0.314123,0.457987,329.811,1049.94,3392836,10800988,2,0
10301,0.17369,0.2102,1.73339,9.97935,20839,119978,1,0
10302,0.230043,0.298774,5.73559,24.9326,58641,254913,1,0
10303,0.499576,0.998304,12.9646,25.9513,160127,320526,1,0
10304,0.101026,0.112379,0.906578,8.97378,10193,100895,1,0
10305,0.319022,0.468476,38.198,119.739,463564,1453079,2,0
10306,0.0469802,0.0492961,52.4961,1117.55,586617,12486484,2,0
10307,0.176634,0.214527,6.69864,37.9254,76186,431321,1,0
10308,0.186513,0.229276,3.35012,17.9618,34518,185070,1,0
10309,0.458179,0.845628,10.0611,21.9584,113972,248750,1,0
10310,0.178737,0.217636,4.10214,22.9507,41851,234149,1,0
10311,0.352892,0.545337,4.22946,11.985,46466,131672,1,0
10312,0.102363,0.114036,1.83696,17.9456,18788,183543,1,0
10313,0.470515,0.888628,9.8624,20.961,119843,254706,2,0
10314,0.202332,0.253654,3.02743,14.9629,31101,153713,2,0
10315,0.406075,0.683714,8.50932,20.9544,100947,248592,1,0
10316,0.040921,0.042667,5.96251,145.706,66878,1634318,1,0
10317,0.299224,0.426989,5.67171,18.9562,64805,216577,1,0
10318,0.0611292,0.0651093,2.13559,34.9364,23808,389470,1,0
10319,0.429917,0.754129,9.43083,21.9364,111268,258813,1,0
10320,0.254766,0.34186,6.86797,26.9563,76310,299530,2,0
10321,0.352706,0.544893,38.3553,108.745,445770,1263857,1,0
10322,0.143929,0.168127,1.86832,12.9809,19091,132642,1,0
10323,0.382403,0.619178,61.4405,160.669,696464,1821285,1,0
10324,0.080502,0.0875499,2.00927,24.9593,22490,279372,1,0
10325,0.401729,0.671484,48.52,120.776,526851,1311458,1,0
10326,0.219732,0.281611,10.7448,48.898,116449,529959,1,0
10327,0.273985,0.377382,2.46921,9.01203,32256,117729,1,0
10328,0.285276,0.399141,2.56165,8.9795,27692,97071,2,0
10329,0.336426,0.50699,7.0519,20.9605,88850,264100,1,0
10330,0.174497,0.211382,1.73988,9.97073,18174,104151,1,0
10331,0.483228,0.935088,20.7501,42.94,254444,526551,1,0
10332,0.189469,0.23376,4.72306,24.9268,52879,279090,1,0
10333,0.52161,1.09035,18.226,34.9413,221967,425542,1,0
10334,0.157645,0.187148,14.318,90.8204,159343,1010772,1,0
10335,0.431352,0.758557,59.4198,137.745,667796,1548147,1,0
10336,0.131735,0.151722,1.31457,9.97864,14543,110396,1,0
10337,0.367959,0.582177,8.08027,21.9598,87507,237817,2,0
10338,0.242248,0.319693,7.74044,31.9521,86477,356977,1,0
10339,0.411983,0.700631,8.62392,20.9329,102723,249338,1,0
10340,0.0457173,0.0479075,2.55445,55.8739,28482,623003,2,0
10341,0.143631,0.167721,1.28737,8.96309,15163,105569,1,0
10342,0.101803,0.113341,0.914294,8.98109,10130,99506,1,0
10343,0.45379,0.830798,54.3312,119.733,764546,1684801,1,0
10344,0.0872841,0.0956311,0.87231,9.99382,9640,110444,1,0
10345,0.474346,0.902393,20.8326,43.9193,254621,536783,1,0
10346,0.208988,0.264204,2.91817,13.9632,31552,150975,1,0
10347,0.441709,0.79118,3.08169,6.97665,41351,93616,1,0
10348,0.148658,0.174616,1.92934,12.9783,20118,135331,1,0
10349,0.485161,0.942354,21.3032,43.908,266887,550100,1,0
10350,0.108241,0.12138,1.40338,12.9656,15632,144418,1,0
10351,0.444463,0.800061,3.99713,8.99312,44269,99601,1,0
10352,0.0478856,0.050294,1.19444,24.9443,13404,279917,1,0
10353,0.389985,0.639303,90.6706,232.489,1146035,2938667,1,0
10354,0.0520304,0.0548862,1.9723,37.9077,22098,424713,1,0
10355,0.383445,0.621916,4.59498,11.9836,54774,142847,1,0
10356,0.261611,0.354299,3.91205,14.9539,40878,156255,1,0
10357,0.34284,0.521698,11.6301,33.9235,123354,359801,1,0
10358,0.190498,0.235328,4.94115,25.9376,50438,264769,1,0
10359,0.147706,0.173304,2.20875,14.9538,25076,169770,2,0
10360,0.0908887,0.0999753,1.08868,11.9786,12147,133647,1,0
10361,0.46912,0.883666,71.1569,151.679,884793,1886068,2,0
10362,0.126003,0.144168,6.28712,49.8965,64145,509076,1,0
10363,0.235852,0.308648,2.35007,9.96406,27986,118659,1,0
10364,0.220536,0.282932,2.19963,9.9736,24438,110812,1,0
10365,0.369189,0.585262,3.31766,8.9863,37400,101303,1,0
10366,0.268195,0.366485,8.56704,31.9432,93366,348127,1,0
10367,0.572743,1.34051,10.2901,17.9667,149341,260747,1,0
10368,0.227109,0.293843,9.28891,40.9018,97202,427998,1,0
10369,0.516816,1.06961,6.1844,11.9664,74175,143523,1,0
10370,0.128931,0.148015,3.34203,25.9207,37587,291527,1,0
10371,0.408953,0.691913,15.5161,37.941,208375,509533,2,0
10372,0.0588545,0.062535,2.40753,40.9084,27020,459098,1,0
10373,0.429329,0.752323,5.98776,13.9466,79847,185981,1,0
10374,0.176153,0.213818,1.05779,6.0048,11779,66868,1,0
10375,0.442656,0.794223,9.28527,20.9763,103905,234731,1,0
10376,0.0652125,0.0697618,1.36637,20.953,15355,235461,1,0
10377,0.401394,0.670548,10.8129,26.9378,117476,292670,1,0
10378,0.0563092,0.0596691,4.83103,85.7956,54111,960962,1,0
10379,0.427724,0.747408,4.26561,9.97284,46994,109870,1,0
10380,0.030528,0.0314893,0.791641,25.9319,8789,287900,1,0
10381,0.425211,0.739769,21.6507,50.9177,271579,638692,1,0
10382,0.0351131,0.0363908,2.10248,59.8774,23584,671659,1,0
10383,0.464053,0.865858,9.72772,20.963,116967,252055,1,0
10385,0.370444,0.588422,4.43707,11.9778,51148,138072,1,0
10386,0.204939,0.257766,7.977,38.9239,88179,430269,2,0
10387,0.421063,0.727303,7.55917,17.9506,101597,241287,2,0
10388,0.0921004,0.101443,3.40305,36.9488,37875,411236,1,0
10389,0.446519,0.806745,7.57944,16.9746,84225,188626,1,0
10390,0.202333,0.253656,2.02084,9.98769,21193,104743,1,0
10391,0.350708,0.54014,6.64648,18.9517,79043,225381,1,0
10392,0.098709,0.10952,1.28098,12.9774,14237,144232,1,0
10393,0.578973,1.37514,8.08799,13.9697,106960,184741,1,0
10394,0.0352057,0.0364904,1.19508,33.9451,13256,376530,1,0
10395,0.472725,0.896544,25.0015,52.8849,303587,642206,1,0
10396,0.109024,0.122364,1.19607,10.9707,13300,121992,1,0
10397,0.341927,0.519588,55.6031,162.614,644698,1885484,1,0
10399,0.460553,0.85375,30.8125,66.9047,372073,807883,2,0
10400,0.0366772,0.0380737,5.12168,139.653,57386,1564622,1,0
10401,0.383868,0.62303,4.20813,10.9624,49091,127885,1,0
10402,0.049146,0.0516861,6.2779,127.741,69957,1423454,1,0
10403,0.333933,0.501351,55.9834,167.66,666246,1995147,1,0
10404,0.318652,0.467679,6.67951,20.9614,69708,218759,1,0
10405,0.394769,0.652262,9.85245,24.9586,138078,349769,1,0
10406,0.124301,0.141945,2.72783,21.9442,30363,244270,1,0
10407,0.41385,0.706048,5.79681,14.007,64590,156071,1,0
10408,0.0499267,0.0525504,1.44573,28.9564,16178,324035,1,0
10409,0.346109,0.529306,5.86825,16.9549,63575,183685,1,0
10410,0.0456235,0.0478045,2.95794,64.8359,33024,723837,1,0
10411,0.250975,0.335069,1.50388,5.99212,16214,64604,1,0
10412,0.18639,0.22909,3.53648,18.9735,38847,208418,1,0
10413,0.393211,0.648019,17.6458,44.877,210813,536132,1,0
10414,0.129647,0.148959,1.81179,13.9745,19588,151087,1,0
10415,0.308917,0.447004,13.5648,43.9151,154195,499147,1,0
10416,0.0655972,0.0702023,2.02836,30.9172,22380,341173,2,0
10417,0.352187,0.543655,6.32344,17.954,88277,250654,1,0
10418,0.062117,0.0662311,1.1168,17.9791,12459,200573,1,0
10419,0.331453,0.495781,7.94681,23.9756,86431,260764,1,0
10420,0.162498,0.194027,1.4578,8.97116,16150,99386,1,0
10421,0.283896,0.396445,3.68077,12.9657,41436,145955,1,0
10422,0.287107,0.402735,5.1566,17.9605,54687,190476,2,0
10423,0.342597,0.521138,31.4486,91.792,448146,1308084,1,0
10424,0.0537529,0.0568065,2.41319,44.894,27091,503991,1,0
10425,0.409753,0.694206,9.40337,22.9487,109325,266807,1,0
10426,0.0845911,0.092408,2.27648,26.9114,25327,299405,1,0
10427,0.136043,0.157465,2.71484,19.9561,30898,227120,1,0
10428,0.00803399,0.00809906,0.176368,21.9532,1870,232761,2,0
10429,0.476453,0.910048,16.1779,33.9542,223019,468082,1,0
10430,0.0634485,0.0677469,1.32898,20.9448,14930,235309,1,0
10431,0.379897,0.612636,13.2601,34.9042,164989,434299,1,0
10432,0.224109,0.28884,9.61782,42.9182,107850,481240,1,0
10433,0.433295,0.764587,15.9946,36.9136,215502,497356,1,0
10434,0.0912638,0.100429,1.00202,10.9787,11064,121231,1,0
10435,0.288947,0.406365,6.34042,21.9425,85596,296234,1,0
10436,0.167695,0.201482,1.17514,7.00764,12507,74582,1,0
10437,0.409897,0.69462,75.6719,184.621,930571,2270255,1,0
10438,0.0317009,0.0327387,1.4217,44.8466,15915,502037,1,0
10439,0.107748,0.120759,3.11617,28.9198,35486,329344,1,0
10440,0.0471451,0.0494777,7.24435,153.667,80982,1717718,1,0
10441,0.384173,0.623834,33.3602,86.8257,437346,1138408,1,0
10442,0.0932161,0.102799,1.39405,14.9551,15358,164757,2,0
10443,0.265254,0.361015,2.64613,9.97581,28892,108922,1,0
10444,0.0447625,0.04686,29.0764,649.518,324108,7240622,2,0
10445,0.0775125,0.0840255,2.86205,36.9235,33820,436317,2,0
10446,0.152655,0.180157,6.55066,42.911,72390,474206,1,0
10447,0.383122,0.621067,51.2334,133.729,611804,1596890,1,0
10448,0.210339,0.266366,1.04892,4.98684,11653,55401,1,0
10449,0.443698,0.797584,260.746,587.661,3239898,7302038,1,0
10450,0.0632795,0.0675543,1.76841,27.9449,19696,311254,1,0
10451,0.148306,0.174131,3.25229,21.9297,35775,241224,1,0
10452,0.0819816,0.0893027,1.06345,12.9711,11806,144008,1,0
10453,0.274927,0.379171,21.9457,79.8252,241552,878605,1,0
10454,0.0378942,0.0393868,4.27355,112.776,47705,1258899,1,0
10455,0.353716,0.547307,4.23388,11.9696,44952,127085,1,0
10456,0.113516,0.128052,1.13182,9.97054,12550,110557,1,0
10457,0.378807,0.609805,74.4633,196.565,899489,2374532,1,0
10458,0.194199,0.241001,1.93454,9.96176,20428,105191,1,0
10459,0.289567,0.407592,3.18149,10.9869,34261,118318,2,0
10460,0.0853465,0.0933102,0.937257,10.9817,10369,121493,1,0
10461,0.342666,0.521296,6.50483,18.9822,92543,270068,1,0
10462,0.234859,0.306948,10.7909,45.9452,120108,511405,1,0
10463,0.393747,0.649477,17.6824,44.9071,200098,508189,1,0
10464,0.207604,0.261995,4.56143,21.9723,47757,230039,1,0
10465,0.431488,0.758977,4.7395,10.9826,67086,155476,1,0
10466,0.226051,0.292075,6.0812,26.9017,63580,281264,1,0
10467,0.221438,0.28442,2.20505,9.9579,29719,134209,1,0
10468,0.0504297,0.053108,1.45829,28.9169,16347,324154,1,0
10469,0.433747,0.765994,41.1265,94.8181,508691,1172784,2,0
10470,0.21964,0.28146,9.86486,44.9149,109592,498962,1,0
10471,0.440756,0.788128,20.6887,46.9378,251702,571069,1,0
10472,0.0751481,0.0812542,2.47477,32.9315,27757,369364,1,0
10473,0.247796,0.329426,5.9411,23.9748,74978,302580,1,0
10474,0.0653492,0.0699183,3.91034,59.8427,43752,669511,1,0
10475,0.305367,0.439609,9.44713,30.9381,107178,350981,2,0
10476,0.128301,0.147186,2.30606,17.9739,25508,198813,1,0
10477,0.532077,1.1371,13.2757,24.9508,173383,325861,1,0
10478,0.0353058,0.0365979,0.915422,25.928,10079,285477,1,0
10479,0.341906,0.519539,26.6123,77.8352,326024,953550,1,0
10480,0.051946,0.0547922,1.1412,21.9689,12781,246044,1,0
10481,0.353771,0.547438,41.6673,117.777,491156,1388346,1,0
10482,0.0372053,0.038643,2.07954,55.8933,23247,624831,1,0
10483,0.368292,0.583009,64.3068,174.608,796595,2162945,2,0
10484,0.207718,0.262176,7.25357,34.9213,79603,383227,2,0
10485,0.378779,0.609734,3.4019,8.98137,41482,109515,1,0
10486,0.0646261,0.0690912,1.35492,20.9665,15179,234874,1,0
10487,0.339979,0.515102,4.41399,12.9832,51468,151386,1,0
10488,0.0419521,0.0437891,3.89049,92.7329,43551,1038113,1,0
10489,0.238276,0.312811,22.8269,95.7881,255465,1072140,1,0
10490,0.294259,0.416951,5.87173,19.9545,64803,220224,1,0
10491,0.0683664,0.0733833,1.36372,19.9509,17199,251571,1,0
10492,0.19762,0.246292,1.97032,9.97034,20639,104438,1,0
10493,0.174832,0.211874,19.1873,109.742,217376,1243343,1,0
10494,0.0687686,0.073847,3.15649,45.9016,35419,515046,1,0
10495,0.551326,1.22879,12.6427,22.9313,151914,275543,1,0
10496,0.0293285,0.0302146,0.615,20.9692,6815,232368,1,0
10498,0.0552473,0.058478,1.59915,28.9452,17932,324577,1,0
10499,0.509505,1.03876,4.56855,8.96648,50680,99469,1,0
10500,0.0489808,0.0515034,2.15083,43.9121,24016,490315,1,0
10501,0.452998,0.828146,5.41785,11.9599,77131,170268,1,0
10502,0.0572621,0.0607402,13.6572,238.485,152048,2655300,1,0
10503,0.324236,0.479806,22.9591,70.8064,280352,864655,1,0
10504,0.0714888,0.0769929,3.28234,45.9146,36468,510122,1,0
10505,0.464803,0.86847,18.0801,38.8979,228075,490692,1,0
10506,0.0385559,0.0401021,3.15624,81.8594,35358,917058,1,0
10507,0.432323,0.761566,12.5211,28.9628,134977,312213,1,0
10508,0.0351287,0.0364077,4.2394,120.686,47306,1346647,1,0
10509,0.524345,1.10236,13.0867,24.958,151822,289546,1,0
10510,0.0827145,0.0901731,4.29413,51.9153,47781,577662,1,0
10511,0.256031,0.344142,6.39228,24.9671,73270,286176,1,0
10512,0.035878,0.0372131,23.341,650.542,260959,7273511,1,0
10513,0.302157,0.432988,9.0454,29.936,102561,339429,1,0
10514,0.232483,0.302903,3.70995,15.9579,38831,167027,1,0
10515,0.198033,0.246934,2.37228,11.9793,26094,131766,1,0
10516,0.0355256,0.0368341,1.20455,33.9083,13325,375082,1,0
10517,0.293044,0.414515,10.2443,34.9592,111470,380387,1,0
10518,0.0519969,0.0548489,0.829655,15.9559,9210,177126,1,0
10519,0.385834,0.628224,4.61754,11.9676,54859,142183,1,0
10520,0.0406505,0.042373,0.811768,19.9693,9006,221547,1,0
10521,0.303195,0.435122,15.7515,51.9498,172128,567714,1,0
10522,0.0928666,0.102374,1.48188,15.9572,16419,176802,1,0
10523,0.457842,0.844481,7.76296,16.9557,91160,199108,1,0
10524,0.24639,0.326946,17.9425,72.8206,188053,763234,1,0
10525,0.153498,0.181332,4.13475,26.9364,44075,287137,1,0
10526,0.26585,0.36212,2.65395,9.98289,28673,107854,1,0
10527,0.400617,0.668383,8.39006,20.9425,96957,242019,1,0
10528,0.0498828,0.0525017,1.54385,30.9499,17299,346793,1,0
10529,0.451843,0.824294,6.33129,14.0121,75549,167202,1,0
10530,0.0214395,0.0219093,0.662612,30.9061,7318,341332,1,0
10531,0.083203,0.0907541,2.16008,25.9619,23522,282706,1,0
10532,0.0253173,0.0259749,1.51609,59.8817,16734,660972,1,0
10533,0.359401,0.561039,5.01977,13.967,54823,152540,1,0
10534,0.126308,0.144568,2.64232,20.9203,27610,218593,1,0
10535,0.415931,0.712125,9.56027,22.9854,108159,260041,1,0
10536,0.0763551,0.0826671,1.44856,18.9718,16224,212481,1,0
10537,0.388859,0.636285,6.59124,16.9502,70940,182431,1,0
10538,0.0389548,0.0405338,1.16592,29.9306,13051,335029,1,0
10539,0.461525,0.857096,9.21166,19.9594,103622,224521,1,0
10540,0.105963,0.118521,6.02763,56.8848,67012,632412,1,0
10541,0.319285,0.469044,10.508,32.9113,112744,353114,1,0
10542,0.263053,0.35695,6.30075,23.9521,68059,258727,1,0
10543,0.41787,0.717831,46.2711,110.719,563457,1348401,1,0
10544,0.150972,0.177818,3.16435,20.9594,33080,219113,1,0
10545,0.333539,0.500462,11.3217,33.9452,136510,409278,1,0
10546,0.046581,0.0488568,10.458,224.508,116656,2504368,2,0
10547,0.514191,1.05842,12.3213,23.9624,154177,299844,1,0
10548,0.160411,0.191059,3.36027,20.9479,37332,232727,1,0
10549,0.160021,0.190506,4.15566,25.9695,45215,282557,1,0
10550,0.0616362,0.0656848,1.29437,21.0005,14365,233061,1,0
10551,0.210653,0.26687,1.89336,8.988,20039,95128,1,0
10552,0.0254973,0.0261645,0.864955,33.9235,9564,375098,1,0
10553,0.412455,0.701999,35.8006,86.8016,405016,981963,1,0
10554,0.0951082,0.105105,1.5183,15.9642,15904,167220,1,0
10555,0.19103,0.23614,2.09829,10.9838,22498,117772,1,0
10556,0.0729194,0.0786549,0.799425,10.963,8839,121216,1,0
10557,0.344964,0.526634,9.63296,27.9251,115288,334203,1,0
10558,0.0802441,0.087245,1.20135,14.9712,13321,166006,1,0
10559,0.222516,0.286201,1.55297,6.97908,16638,74772,1,0
10560,0.0866491,0.0948694,1.29641,14.9616,13761,158813,1,0
10561,0.429486,0.752805,5.56501,12.9573,59321,138121,1,0
10562,0.187717,0.231097,1.49564,7.96753,15655,83397,1,0
10563,0.289002,0.406474,21.3404,73.8395,229525,794198,1,0
10564,0.103474,0.115416,2.27103,21.9476,25078,242361,1,0
10565,0.446296,0.80602,18.6976,41.8943,224650,503365,1,0
10566,0.0563953,0.0597658,1.9693,34.9193,21718,385103,1,0
10567,0.383882,0.623067,6.12896,15.9661,68766,179133,1,0
10568,0.049695,0.0522937,1.48863,29.955,16674,335527,1,0
10569,0.0878868,0.0963552,1.84012,20.9377,19740,224607,1,0
10570,0.0434809,0.0454574,2.25634,51.8925,25053,576184,1,0
10571,0.402555,0.673793,14.0482,34.8978,149382,371085,1,0
10572,0.0428354,0.0447524,0.939145,21.9246,10525,245708,1,0
10573,0.416897,0.714964,36.1739,86.7719,437916,1050417,1,0
10574,0.0206768,0.0211133,0.474292,22.9392,5200,251490,1,0
10575,0.182351,0.223018,1.81927,9.97662,20304,111346,1,0
10576,0.0654173,0.0699963,206.621,3159.06,2301146,35176419,4,0
10577,0.556152,1.25302,8.88061,15.9674,127088,228513,1,0
10578,0.166185,0.199306,1.65706,9.97128,17354,104426,1,0
10579,0.260343,0.351979,12.9881,49.8868,158403,608439,1,0
10580,0.0703375,0.0756592,15.72,223.476,176199,2505049,1,0
10581,0.332034,0.497082,2.31548,6.97372,26831,80808,1,0
10582,0.04262,0.0445173,1.53246,35.9575,17151,402417,1,0
10583,0.395383,0.653939,6.70319,16.9533,74587,188645,1,0
10584,0.0883438,0.0969047,0.881071,9.97323,9220,104365,1,0
10585,0.425807,0.741574,33.5488,78.7873,423832,995362,2,0
10586,0.304144,0.437079,79.5,261.425,883492,2904847,1,0
10587,0.152141,0.179441,1.3676,8.9891,14880,97804,1,0
10588,0.135453,0.156675,1.21822,8.99365,12787,94402,1,0
10589,0.346379,0.529938,7.25095,20.9339,78576,226850,1,0
10590,0.243876,0.322534,2.43453,9.9826,25784,105726,1,0
10591,0.349985,0.538426,27.2493,77.8561,292938,837002,1,0
10592,0.0400846,0.0417584,8.28159,206.599,92656,2311513,1,0
10593,0.2525,0.337792,3.27527,12.9709,44044,174432,1,0
10594,0.0348963,0.0361581,0.800879,22.951,8866,254067,1,0
10595,0.145203,0.169868,1.5931,10.9713,17402,119846,1,0
10596,0.246425,0.327008,1.72146,6.98577,18026,73150,1,0
10597,0.360537,0.563811,10.4328,28.9365,112504,312046,1,0
10598,0.0508939,0.053623,1.4217,27.9342,15896,312336,1,0
10599,0.201156,0.251809,1.40551,6.98712,15137,75250,1,0
10600,0.0847107,0.0925507,1.60618,18.9598,17754,209584,1,0
10601,0.365935,0.577124,5.85555,16.0019,66240,181016,2,0
10602,0.14019,0.163048,0.977352,6.97155,10415,74292,1,0
10603,0.421815,0.729552,14.3075,33.9195,179334,425148,1,0
10604,0.0512734,0.0540444,3.88816,75.8287,43125,841080,1,0
10605,0.237539,0.311542,4.74118,19.9589,54465,229289,1,0
10606,0.213962,0.272203,4.05568,18.9552,44928,209981,1,0
10607,0.388835,0.63622,5.05073,12.9895,55981,143971,1,0
10608,0.194825,0.241966,2.13494,10.9583,22384,114893,1,0
10609,0.32552,0.482623,2.26613,6.96153,27552,84640,1,0
10610,0.204981,0.257832,3.27004,15.9529,34195,166820,2,0
10611,0.31654,0.463144,14.8366,46.8724,171448,541631,1,0
10612,0.0547409,0.057911,1.52946,27.9405,17161,313495,1,0
10613,0.39265,0.646498,5.87156,14.953,78128,198976,1,0
10614,0.186142,0.228716,2.96665,15.9377,31099,167071,1,0
10615,0.229161,0.297288,10.2866,44.8872,111124,484917,1,0
10616,0.0542119,0.0573193,1.40725,25.9581,15767,290840,1,0
10617,0.329863,0.492231,3.95035,11.9758,44098,133686,1,0
10618,0.0685925,0.0736439,1.91698,27.9484,21214,309276,1,0
10619,0.207071,0.261147,2.89094,13.9616,31897,154039,1,0
10620,0.167917,0.201803,1.33632,7.95822,14279,85036,1,0
10621,0.117948,0.13372,4.11885,34.9203,44379,376258,1,0
10622,0.0490855,0.0516193,1.27241,25.9225,14248,290269,1,0
10623,0.470774,0.88955,7.98432,16.9597,89640,190410,1,0
10624,0.0604566,0.0643467,1.02652,16.9799,11470,189723,1,0
10625,0.418473,0.719612,25.0621,59.8868,316247,755716,1,0
10626,0.165237,0.197944,2.14412,12.9756,23628,142995,1,0
10627,0.467276,0.877146,25.6442,54.8806,308986,661249,1,0
10628,0.070948,0.0763661,2.83112,39.9019,31701,446820,1,0
10629,0.437278,0.777075,264.422,604.71,3119626,7134199,2,0
10630,0.0506975,0.053405,1.41463,27.903,15801,311672,1,0
10631,0.350317,0.539213,6.63797,18.9485,73278,209176,1,0
10632,0.0637512,0.0680922,1.78255,27.9627,19705,309092,1,0
10633,0.341201,0.517914,3.40469,9.97851,37137,108842,1,0
10634,0.187021,0.230044,2.05126,10.9681,21511,115019,1,0
10635,0.446822,0.807735,13.3657,29.9126,158871,355558,1,0
10636,0.278069,0.385174,19.9714,71.8214,209278,752612,1,0
10637,0.0971386,0.10759,1.55088,15.9654,16981,174812,1,0
10638,0.0309589,0.031948,2.59425,83.7966,28744,928457,1,0
10639,0.247145,0.328276,6.90542,27.941,73806,298635,1,0
10640,0.0492219,0.0517701,1.62127,32.9392,18143,368596,1,0
10641,0.214546,0.273148,1.92791,8.98602,20408,95122,1,0
10642,0.183689,0.225024,23.4673,127.765,259047,1410244,1,0
10643,0.467409,0.877612,6.99712,14.9696,79502,170091,1,0
10644,0.164293,0.196592,4.09678,24.9347,44083,268319,1,0
10645,0.391369,0.643032,21.1026,53.9183,234892,600180,1,0
10646,0.123354,0.140712,1.35271,10.9661,14157,114767,1,0
10647,0.465449,0.870728,16.7289,35.9399,202944,436018,1,0
10648,0.153791,0.181741,3.37301,21.9327,37456,243552,1,0
10649,0.19136,0.236644,2.67431,13.9754,28793,150465,1,0
10650,0.229928,0.29858,3.66612,15.9445,39079,169962,1,0
10651,0.357691,0.556884,31.4088,87.8062,338732,946995,1,0
10652,0.0440831,0.046116,1.49692,33.9563,16703,378898,1,0
10653,0.257928,0.347579,6.42011,24.8913,67772,262755,1,0
10654,0.0670256,0.0718408,2.27267,33.9074,25246,376662,1,0
10655,0.283439,0.395555,9.60529,33.8891,120286,424380,1,0
10656,0.0428424,0.04476,1.45352,33.9274,16228,378784,1,0
10657,0.379069,0.610484,21.9538,57.9148,276232,728712,2,0
10658,0.0735526,0.079392,1.39517,18.9682,15425,209714,1,0
10659,0.464598,0.867755,12.5277,26.9647,147206,316846,1,0
10660,0.0647986,0.0692884,1.74497,26.9295,19319,298139,1,0
10661,0.31038,0.450075,15.1613,48.8464,163244,525948,1,0
10662,0.197469,0.246057,4.33089,21.932,46402,234984,1,0
10663,0.303313,0.435365,33.589,110.737,380632,1254914,1,0
10664,0.0585323,0.0621714,0.935159,15.9771,9897,169086,1,0
10666,0.0641684,0.0685683,1.08749,16.948,12048,187756,1,0
10667,0.343452,0.523118,3.77113,10.9802,40154,116913,2,0
10669,0.51951,1.08121,8.30431,15.985,96179,185134,1,0
10670,0.0501716,0.0528218,3.85478,76.8294,43071,858473,1,0
10671,0.35172,0.542543,3.50954,9.97848,48180,136984,1,0
10672,0.152737,0.180272,1.21664,7.96541,13489,88315,1,0
10673,0.0350132,0.0362836,1.15352,32.9468,13745,392566,2,0
10674,0.101652,0.113154,15.6148,153.607,173352,1705348,1,0
10675,0.535509,1.1529,10.6883,19.9591,123301,230250,1,0
10676,0.206724,0.260595,2.47423,11.9689,26767,129482,1,0
10677,0.411822,0.700167,4.51401,10.961,50837,123444,1,0
10678,0.106645,0.119376,1.80693,16.9439,19508,182924,1,0
10679,0.342948,0.52195,9.92704,28.9463,110654,322655,1,0
10680,0.0446811,0.0467709,1.20395,26.9451,13308,297844,1,0
10681,0.200782,0.251223,4.81504,23.9825,51354,255770,2,0
10682,0.187891,0.231362,2.43873,12.9793,26798,142625,1,0
10683,0.293156,0.41474,21.0637,71.8523,222326,758387,1,0
10684,0.0356996,0.0370213,1.06783,29.9121,11828,331320,1,0
10685,0.408245,0.689888,4.48262,10.9803,49734,121824,1,0
10686,0.190812,0.235807,1.90571,9.98725,20045,105051,1,0
10687,0.359452,0.561164,6.81047,18.9473,79173,220260,1,0
10688,0.0748104,0.0808595,1.26672,16.9326,14164,189332,1,0
10689,0.39006,0.639507,10.1142,25.9287,117251,300597,1,0
10690,0.0606993,0.0646217,2.18127,35.9358,24356,401257,1,0
10691,0.153364,0.181145,2.90746,18.958,31347,204396,1,0
10692,0.0256562,0.0263317,0.7681,29.9377,8512,331772,1,0
10693,0.132997,0.153398,4.5171,33.9639,49014,368535,1,0
10694,0.0408069,0.0425429,1.62912,39.9226,18065,442695,1,0
10695,0.371236,0.590421,73.7162,198.567,786277,2118000,2,0
10696,0.191119,0.236275,3.2437,16.9719,34061,178219,1,0
10697,0.360791,0.564434,10.7962,29.9234,117348,325252,1,0
10698,0.0434446,0.0454178,8.27911,190.568,92585,2131105,2,0
10699,0.373367,0.595831,5.2136,13.9637,57161,153096,1,0
10700,0.233072,0.303903,3.9489,16.9427,42644,182965,2,0
10701,0.256842,0.34561,4.61454,17.9665,50299,195836,1,0
10702,0.255631,0.34342,1.52949,5.9832,16479,64464,1,0
10703,0.0924941,0.101921,3.59837,38.9038,38807,419562,1,0
10704,0.12285,0.140056,18.5135,150.665,206720,1682701,1,0
10705,0.463355,0.863429,16.6346,35.8999,201324,434492,1,0
10706,0.126363,0.14464,1.38892,10.9912,15335,121357,1,0
10707,0.311266,0.451938,7.76156,24.9357,83619,268642,1,0
10708,0.18027,0.219914,3.41632,18.9506,37319,207017,1,0
10710,0.0722851,0.0779173,1.58762,21.9647,17609,243605,1,0
10711,0.442142,0.792572,7.93628,17.9493,92448,209091,1,0
10712,0.159526,0.189805,3.50383,21.9637,38161,239215,1,0
10713,0.224427,0.289368,2.912,12.9753,34232,152531,1,0
10714,0.224698,0.28982,7.62408,33.9323,82109,365419,2,0
10715,0.423331,0.734098,85.7282,202.522,1031464,2436540,1,0
10716,0.0469151,0.0492244,1.02972,21.9487,11399,242971,1,0
10717,0.369555,0.586182,4.42989,11.9871,47061,127345,1,0
10718,0.073944,0.0798483,1.4002,18.9365,15437,208766,1,0
10719,0.422377,0.731232,15.1746,35.926,181339,429330,1,0
10720,0.0530946,0.0560717,1.16509,21.9437,12856,242134,1,0
10721,0.413466,0.704932,40.8461,98.788,471299,1139873,2,0
10722,0.15226,0.179607,1.36839,8.98709,15136,99409,1,0
10723,0.407813,0.688656,7.73462,18.966,87993,215768,1,0
10724,0.0443941,0.0464565,0.975379,21.9708,10810,243501,1,0
10725,0.525102,1.10571,14.1458,26.9387,165480,315139,1,0
10726,0.11557,0.130672,2.4154,20.9003,27071,234239,1,0
10727,0.369902,0.587056,3.69035,9.97662,42605,115179,2,0
10728,0.260323,0.351942,10.6552,40.9318,118021,453363,1,0
10729,0.401539,0.670953,7.20645,17.9471,81661,203370,1,0
10730,0.0555413,0.0588075,5.37517,96.7751,60163,1083212,1,0
10731,0.414906,0.709128,5.38098,12.9691,59254,142813,1,0
10732,0.0694553,0.0746394,1.87091,26.9375,20872,300510,1,0
10733,0.465839,0.872095,12.0854,25.9425,146450,314379,1,0
10734,0.168688,0.202918,6.56177,38.8987,73388,435051,1,0
10735,0.478822,0.918732,9.08114,18.9656,104684,218628,1,0
10736,0.0721691,0.0777826,1.00832,13.9717,11242,155773,1,0
10737,0.38246,0.619328,13.3392,34.877,167743,438590,1,0
10738,0.128047,0.14685,1.66407,12.9958,18067,141097,1,0
10739,0.15364,0.181531,3.51967,22.9086,37922,246823,1,0
10740,0.0272784,0.0280434,0.707835,25.9486,7845,287590,1,0
10741,0.4913,0.965794,17.6416,35.9084,212720,432974,1,0
10742,0.0538889,0.0569583,1.0748,19.9457,11893,220695,1,0
10743,0.402972,0.674963,5.62877,13.9674,64704,160567,1,0
10744,0.157417,0.186826,1.41383,8.98133,15614,99189,1,0
10745,0.491937,0.968261,7.85357,15.9645,91582,186166,1,0
10746,0.0620037,0.0661023,1.3623,21.9713,15039,242550,1,0
10747,0.516639,1.06885,7.73687,14.9754,108520,210050,1,0
10748,0.233326,0.304336,0.928758,3.98049,9778,41907,1,0
10749,0.214691,0.273383,5.78769,26.96,66132,308034,1,0
10750,0.0710998,0.0765419,4.1858,58.8688,46774,657864,1,0
10751,0.170141,0.205024,1.53353,9.01347,16518,97084,1,0
10752,0.0783547,0.0850161,1.0174,12.9844,11363,145020,1,0
10753,0.39082,0.641552,30.0313,76.8396,361056,923841,1,0
10754,0.228981,0.296984,7.08349,30.9331,78264,341793,1,0
10755,0.487207,0.950104,5.82915,11.9644,65542,134526,1,0
10756,0.205017,0.257888,2.87007,13.9992,30454,148544,1,0
10757,0.419876,0.723768,9.21441,21.9463,108026,257281,1,0
10758,0.0520347,0.0548909,2.59695,49.9075,29019,557686,1,0
10759,0.313546,0.456761,3.12411,9.96377,35885,114449,1,0
10760,0.0685339,0.0735764,7.93395,115.753,88145,1286151,1,0
10761,0.188499,0.232284,3.57265,18.9537,38486,204171,1,0
10762,0.0394489,0.041069,0.904647,22.9325,10010,253746,1,0
10764,0.202965,0.25465,3.43835,16.9406,36171,178213,1,0
10765,0.405029,0.680755,5.25828,12.9823,72431,178829,1,0
10766,0.0527228,0.0556572,31.9313,605.618,355239,6737867,2,0
10767,0.358584,0.559051,4.65123,12.971,53220,148417,1,0
10768,0.128401,0.147317,1.79286,13.9634,19861,154679,1,0
10769,0.359995,0.562487,11.8623,32.9516,129092,358594,2,0
10770,0.079871,0.0868041,1.43482,17.9638,15869,198683,1,0
10771,0.38799,0.633961,7.74483,19.9611,81857,210977,1,0
10772,0.0557677,0.0590615,1.55848,27.9446,17201,308440,1,0
10773,0.141282,0.164527,2.81947,19.9569,33872,239747,1,0
10774,0.076539,0.0828827,5.19474,67.8645,57972,757418,1,0
10775,0.436448,0.77446,4.79378,10.9836,54110,123978,1,0
10776,0.0749547,0.0810282,1.64419,21.9365,18129,241866,1,0
10777,0.285915,0.400393,3.70848,12.9701,42804,149709,1,0
10779,0.40045,0.667917,43.138,107.725,488824,1220687,1,0
10780,0.257895,0.347518,3.86044,14.9691,41788,162035,1,0
10781,0.422372,0.731219,4.6314,10.9656,53311,126218,1,0
10782,0.0635715,0.0678872,1.33185,20.9501,14873,233957,1,0
10783,0.396897,0.658091,3.95612,9.96754,43280,109046,1,0
10784,0.0472836,0.0496303,0.943286,19.9495,10506,222191,1,0
10785,0.26022,0.351753,15.0511,57.8408,171548,659243,1,0
10786,0.0854226,0.0934012,3.83671,44.9108,42883,502010,1,0
10788,0.0901727,0.0991097,1.26053,13.9793,14005,155313,1,0
10789,0.333166,0.499623,6.64776,19.9531,73592,220887,1,0
10790,0.193138,0.239369,1.54345,7.99155,16319,84494,1,0
10791,0.398283,0.661911,10.3388,25.958,111898,280951,1,0
10792,0.196738,0.244924,2.15957,10.9769,22714,115453,1,0
10793,0.46339,0.863552,36.5126,78.7908,432933,934273,1,0
10794,0.157273,0.186624,1.41159,8.97518,14943,95013,1,0
10795,0.234964,0.307128,4.21359,17.9321,48294,205538,1,0
10796,0.259615,0.350648,54.6651,210.564,575155,2215418,1,0
10797,0.345734,0.52843,8.27655,23.939,87862,254132,1,0
10798,0.0788752,0.0856292,1.26024,15.9788,13921,176494,1,0
10799,0.270832,0.371427,5.67833,20.9658,61275,226247,1,0
10800,0.116052,0.131288,2.77885,23.945,30828,265640,1,0
10801,0.503022,1.01216,17.5575,34.9044,212251,421952,2,0
10802,0.0560806,0.0594125,1.23187,21.9657,13749,245165,1,0
10803,0.400436,0.667878,6.79034,16.9573,78684,196496,1,0
10804,0.124899,0.142726,0.996061,7.97476,11011,88159,1,0
10805,0.53432,1.1474,36.7807,68.8374,503238,941828,1,0
10806,0.0668647,0.071656,1.20041,17.9525,12625,188814,1,0
10807,0.413104,0.70388,14.0185,33.9342,167558,405607,1,0
10808,0.0564699,0.0598496,2.87189,50.8566,32084,568161,1,0
10809,0.319291,0.469057,5.41296,16.9543,73626,230592,1,0
10810,0.0460087,0.0482276,1.00896,21.9302,11137,242063,1,0
10811,0.354052,0.548112,18.3751,51.8996,216249,610783,1,0
10812,0.180692,0.220542,5.94478,32.8989,65447,362202,1,0
10813,0.451608,0.823513,31.5607,69.8879,367244,813192,1,0
10814,0.274284,0.37795,12.052,43.9393,132217,482044,2,0
10815,0.266674,0.363651,7.43764,27.8902,78746,295289,1,0
10816,0.13686,0.15856,29.4975,215.528,327361,2391943,2,0
10817,0.44538,0.803037,16.0014,35.927,189320,425075,1,0
10818,0.152907,0.180508,2.59241,16.954,28701,187702,1,0
10820,0.0864216,0.0945969,1.46423,16.9429,16319,188830,1,0
10821,0.416739,0.714499,3.73036,8.95133,41178,98810,1,0
10822,0.104797,0.117065,1.25614,11.9863,13959,133200,1,0
10823,0.553745,1.24087,7.73525,13.9686,107890,194837,1,0
10824,0.497914,0.991692,5.95973,11.9693,62669,125863,1,0
10825,0.241574,0.318521,5.30553,21.9615,61852,256037,1,0
10826,0.0767874,0.0831741,6.58873,85.8059,73183,953060,1,0
10827,0.300315,0.429214,3.89412,12.9667,41432,137962,1,0
10828,0.05072,0.05343,2.22831,43.9339,24884,490615,1,0
10829,0.382554,0.619575,11.45,29.9304,124397,325175,1,0
10830,0.120508,0.13702,3.84369,31.8958,42058,349006,1,0
10831,0.389602,0.638276,196.325,503.868,2242220,5755152,2,0
10832,0.242069,0.319381,48.2968,199.509,527294,2178280,1,0
10833,0.399653,0.665705,20.7319,51.8742,248441,621641,1,0
10834,0.246103,0.326441,8.35126,33.934,88063,357830,1,0
10835,0.334281,0.502135,31.0096,92.7645,337804,1010540,1,0
10836,0.0812231,0.0884036,2.02732,24.9604,22668,279083,1,0
10837,0.487776,0.952271,20.4528,41.9311,246622,505605,1,0
10838,0.144853,0.169389,1.87846,12.968,20822,143746,1,0
10839,0.414224,0.707136,4.96658,11.9901,67808,163699,1,0
10840,0.277269,0.383641,22.129,79.807,239597,864131,1,0
10841,0.378238,0.608333,6.79664,17.9689,81780,216213,1,0
10842,0.274066,0.377536,3.82737,13.9651,40291,147012,1,0
10843,0.446412,0.806398,6.23833,13.9744,73508,164664,1,0
10844,0.0780669,0.0846774,2.88021,36.8946,32010,410033,1,0
10845,0.395786,0.655043,3.94615,9.97058,43263,109309,1,0
10846,0.0389406,0.0405184,1.55438,39.9161,17365,445936,1,0
10847,0.368919,0.584582,5.15697,13.9786,56159,152226,1,0
10848,0.108927,0.122243,1.19372,10.9591,13346,122522,1,0
10849,0.276722,0.382595,14.9073,53.8698,162737,588088,1,0
10850,0.163151,0.194958,1.13931,6.98327,12189,74710,1,0
10851,0.430942,0.757289,36.1201,83.8196,390073,905164,2,0
10852,0.0575323,0.0610443,2.58239,44.8875,28644,497877,1,0
10853,0.436011,0.773084,3.47844,7.97832,47639,109261,1,0
10854,0.0446986,0.0467901,0.803078,17.9664,8934,199872,1,0
10855,0.2989,0.42633,7.15453,23.9349,83932,280803,1,0
10856,0.182502,0.223245,4.37064,23.948,48401,265208,1,0
10857,0.301764,0.43218,9.33677,30.9425,106032,351374,1,0
10858,0.12738,0.145974,1.77775,13.9564,18783,147457,1,0
10859,0.336347,0.506813,28.1821,83.7886,311152,925091,1,0
10860,0.0494988,0.0520765,2.81407,56.8517,31286,632056,1,0
10861,0.433289,0.764568,12.1094,27.9471,144196,332794,1,0
10862,0.134176,0.15497,6.42851,47.9091,70331,524168,1,0
10863,0.226635,0.29305,31.8804,140.664,348965,1539768,1,0
10864,0.0789594,0.0857285,4.80746,60.8792,53668,679691,1,0
10865,0.387392,0.632365,7.73978,19.9788,87088,224806,1,0
10866,0.0362475,0.0376108,3.03945,83.8538,33829,933277,1,0
10867,0.333153,0.499594,5.64505,16.9439,61455,184465,1,0
10868,0.13048,0.150059,3.51359,26.9288,38989,298813,1,0
10869,0.402091,0.672495,3.60559,8.96707,41770,103882,1,0
10870,0.0868668,0.0951304,0.953528,10.9769,10561,121577,1,0
10871,0.446598,0.807003,17.3854,38.9288,195758,438332,1,0
10872,0.0771165,0.0835604,1.38486,17.9588,15086,195626,1,0
10873,0.385038,0.626117,6.52639,16.9495,70517,183143,1,0
10874,0.0630489,0.0672916,1.13157,17.9479,12563,199258,1,0
10875,0.325962,0.483597,11.0566,33.9204,128819,395196,1,0
10877,0.359602,0.561529,5.02875,13.9837,56952,158375,1,0
10878,0.0343936,0.0356186,1.92202,55.8826,21486,624710,1,0
10879,0.428711,0.750426,25.2376,58.8725,303227,707300,1,0
10880,0.144341,0.168689,10.2229,70.83,113876,788939,1,0
10881,0.0948102,0.104741,1.13623,11.9837,12925,136325,1,0
10882,0.0831184,0.0906533,3.0694,36.9275,34059,409765,1,0
10883,0.200941,0.251472,5.01457,24.9558,57022,283775,1,0
10884,0.10323,0.115113,1.03046,9.9821,11422,110646,1,0
10885,0.375096,0.600246,8.23327,21.9505,92061,245433,1,0
10886,0.0394882,0.0411116,3.23096,81.8193,36048,912881,1,0
10887,0.365866,0.576955,369.325,1009.65,4368183,11939286,2,0
10888,0.0301975,0.0311378,1.41628,46.8994,15786,522758,1,0
10889,0.138201,0.160363,3.03175,21.9379,33472,242198,1,0
10890,0.0492182,0.0517661,1.12945,22.9483,12431,252569,2,0
10891,0.3367,0.507613,18.8158,55.884,205271,609656,1,0
10892,0.124462,0.142155,6.70896,53.9037,74505,598615,1,0
10893,0.425344,0.740171,6.78615,15.955,79954,187975,1,0
10894,0.12227,0.139302,0.974277,7.96829,10793,88272,1,0
10895,0.45647,0.839826,10.0175,21.9455,110506,242088,1,0
10896,0.068667,0.0737299,1.16544,16.9717,12804,186465,1,0
10897,0.327694,0.487418,4.90346,14.9636,55261,168636,1,0
10898,0.0485684,0.0510477,4.55559,93.8007,50673,1043332,1,0
10899,0.412687,0.702669,9.8761,23.9311,112290,272095,1,0
10900,0.0856444,0.0936664,1.62235,18.9431,18137,211771,1,0
10901,0.382104,0.618396,5.71781,14.9641,64200,168017,1,0
10902,0.217016,0.277165,4.33069,19.9558,47862,220546,1,0
10903,0.301398,0.43143,16.2374,53.8716,175750,583116,1,0
10904,0.126937,0.145393,14.5601,114.712,161463,1271989,1,0
10905,0.299227,0.426995,3.2838,10.9744,37427,125079,1,0
10906,0.27028,0.370388,6.73636,24.924,71110,263098,1,0
10907,0.448737,0.814016,5.79975,12.9246,63188,140813,1,0
10908,0.0286395,0.0294839,1.02884,35.9236,11498,401473,1,0
10909,0.435856,0.772597,27.4006,62.8668,320189,734621,1,0
10910,0.0708172,0.0762145,1.34451,18.9853,15009,211940,1,0
10911,0.344261,0.524997,7.55903,21.9572,83053,241250,1,0
10912,0.0850623,0.0929706,6.36337,74.8118,70911,833636,1,0
10913,0.379322,0.611142,9.84366,25.9512,107311,282902,1,0
10914,0.0539015,0.0569724,0.753311,13.9756,8377,155413,1,0
10915,0.43549,0.771447,57.7826,132.68,680646,1562944,1,0
10916,0.0429201,0.0448448,1.19844,27.9235,13232,308294,1,0
10917,0.386522,0.63005,2.30382,5.96048,25793,66731,1,0
10918,0.12339,0.140759,0.985269,7.98498,10741,87049,1,0
10919,0.553782,1.24106,19.8738,35.8876,239616,432690,1,0
10920,0.0614595,0.0654841,1.2241,19.9168,13615,221528,1,0
10921,0.340711,0.516786,22.7548,66.7874,247544,726551,1,0
10922,0.120243,0.136678,2.39736,19.9375,26257,218366,1,0
10923,0.428501,0.749784,10.2614,23.9472,111933,261220,1,0
10924,0.175989,0.213576,1.58154,8.98647,16742,95131,1,0
10925,0.48533,0.942991,23.2318,47.869,276950,570643,1,0
10926,0.0961221,0.106344,4.41225,45.901,48969,509446,1,0
10927,0.380022,0.612962,74.7034,196.573,876923,2307556,1,0
10928,0.0796894,0.0865897,1.19279,14.968,13085,164200,4,0
10929,0.415926,0.712112,15.3694,36.9521,167928,403745,1,0
10930,0.104895,0.117187,1.1522,10.9844,12772,121760,1,0
10931,0.43558,0.771731,4.36069,10.0111,49194,112939,1,0
10932,0.0967151,0.10707,1.74078,17.9992,19064,197115,1,0
10933,0.377709,0.606966,2432.1,6439.54,26460630,70055520,2,0
10934,0.133683,0.154311,1.86775,13.9718,20616,154216,1,0
10935,0.413857,0.70607,7.01274,16.9448,82488,199315,1,0
10936,0.140421,0.163361,2.6644,18.974,29179,207796,2,0
10937,0.375835,0.602142,61.856,164.586,675432,1797148,1,0
10938,0.0757065,0.0819074,1.35951,17.9569,15050,198794,1,0
10939,0.26883,0.367672,2.41264,8.97463,28410,105680,1,0
10940,0.0909374,0.100034,0.999616,10.9922,11090,121952,1,0
10941,0.458464,0.846599,102.017,222.517,1224363,2670576,1,0
10942,0.106555,0.119262,1.06359,9.98159,11339,106415,1,0
10943,0.17859,0.217419,2.67373,14.9717,32045,179433,1,0
10944,0.0859362,0.0940155,1.71569,19.9643,19023,221362,1,0
10945,0.454211,0.832209,26.266,57.8286,311380,685541,1,0
10946,0.0798044,0.0867254,0.875755,10.9739,9562,119818,1,0
10947,0.270791,0.37135,2.97247,10.9769,33088,122190,1,0
10948,0.225761,0.291591,1.35111,5.98468,14616,64741,1,0
10949,0.389036,0.636759,17.8549,45.8957,193518,497429,1,0
10950,0.12169,0.13855,1.09332,8.98442,12181,100099,1,0
10951,0.302278,0.433236,4.22749,13.9855,46731,154596,1,0
10952,0.189127,0.233239,2.45339,12.972,26649,140905,1,0
10953,0.376952,0.605014,4.8913,12.9759,57244,151860,1,0
10954,0.209224,0.264581,15.0339,71.8584,165162,789403,1,0
10955,0.440132,0.786134,10.9776,24.9415,125044,284106,1,0
10956,0.244049,0.322838,1.21096,4.96196,12806,52473,1,0
10957,0.350197,0.538928,10.8322,30.9327,124127,354449,1,0
10958,0.0487625,0.0512622,1.9952,40.9164,22242,456129,2,0
10959,0.452648,0.826977,4.51694,9.97871,50114,110713,1,0
10960,0.112124,0.126283,2.57481,22.9642,28530,254451,1,0
10961,0.444536,0.800296,11.0956,24.9595,120603,271301,1,0
10962,0.0394356,0.0410547,1.02339,25.951,11376,288470,1,0
10963,0.388179,0.634466,10.0679,25.937,109184,281272,1,0
10964,0.0549001,0.0580892,0.985114,17.9436,10945,199362,1,0
10965,0.307354,0.44374,4.29572,13.9764,47079,153175,1,0
10966,0.0486718,0.0511619,2.28211,46.889,25255,518884,1,0
10967,0.294516,0.417467,12.9326,43.9116,141282,479709,1,0
10968,0.222861,0.286771,1.55605,6.98235,17411,78125,1,0
10969,0.558224,1.26359,15.6112,27.965,213482,382431,1,0
10970,0.195157,0.242479,19.2662,98.718,210803,1080169,1,0
10971,0.12145,0.13824,3.88021,31.9484,45492,374573,1,0
10972,0.0879744,0.0964605,2.10955,23.9788,23099,262565,1,0
10973,0.528903,1.12271,82.3251,155.655,977102,1847411,1,0
10974,0.12732,0.145895,4.31873,33.9192,48283,379227,1,0
10975,0.337713,0.509919,6.40492,18.9654,69481,205740,1,0
10976,0.100284,0.111462,4.20496,41.9308,46650,465179,1,0
10977,0.358703,0.559339,7.52272,20.9717,88691,247255,1,0
10978,0.0272411,0.028004,0.570998,20.961,6317,231892,1,0
10979,0.403193,0.675583,27.7568,68.8414,331410,821964,1,0
10980,0.0769481,0.0833627,1.15105,14.9588,12792,166242,1,0
10981,0.335112,0.504012,5.68565,16.9664,62935,187803,1,0
10982,0.0691731,0.0743136,1.17193,16.9419,12469,180258,1,0
10983,0.27535,0.379976,4.94955,17.9754,55098,200102,1,0
10984,0.238651,0.313458,7.61075,31.8908,81617,341993,1,0
10985,0.335677,0.505292,12.392,36.9166,134190,399759,1,0
10986,0.220501,0.282875,1.98163,8.98687,20976,95129,1,0
10987,0.383104,0.621018,4.96604,12.9626,59029,154081,1,0
10988,0.178372,0.217095,0.891748,4.99937,9951,55788,1,0
10989,0.361508,0.566191,3.60947,9.98452,43227,119574,1,0
10990,0.0795313,0.086403,1.90563,23.9601,21230,266939,1,0
10991,0.530681,1.13075,30.7351,57.9163,364959,687718,1,0
10992,0.135468,0.156695,3.65077,26.9491,39177,289197,1,0
10993,0.335187,0.504183,11.3758,33.9383,129981,387786,1,0
10994,0.0272611,0.0280251,1.03358,37.9145,11430,419278,1,0
10995,0.397798,0.660571,35.3359,88.8279,393003,987947,1,0
10996,0.0500475,0.0526843,3.24604,64.8605,36049,720295,1,0
10997,0.413726,0.705688,5.36542,12.9684,60771,146887,1,0
10998,0.159057,0.189141,47.2845,297.319,517837,3255677,1,0
10999,0.378838,0.609886,4.53387,11.9679,51192,135129,1,0
11000,0.0313298,0.0323431,3.56354,113.737,39432,1258611,1,0
11001,0.399211,0.664477,7.1725,17.9668,84368,211337,1,0
11002,0.251217,0.335501,3.50825,13.9651,38071,151546,1,0
11003,0.353235,0.546158,52.8686,149.667,588775,1666806,1,0
11004,0.0617435,0.0658066,0.738905,11.9671,7866,127398,1,0
11005,0.245696,0.325725,9.30841,37.8863,101765,414191,1,0
11006,0.0785322,0.0852251,1.95862,24.9411,21793,277504,1,0
11007,0.452231,0.825587,16.2474,35.927,191916,424376,1,0
11008,0.333142,0.499569,16.278,48.8619,180367,541412,1,0
11009,0.469232,0.884064,8.89317,18.9525,103889,221402,1,0
11010,0.130153,0.149627,0.907529,6.97294,10066,77340,1,0
11011,0.36258,0.568825,35.4454,97.7565,407341,1123451,1,0
11012,0.21747,0.277906,11.7249,53.9133,129133,593797,1,0
11013,0.281722,0.392218,3.6523,12.9644,39898,141622,1,0
11014,0.0899079,0.0987899,3.40956,37.9229,37823,420686,1,0
11015,0.465583,0.871197,41.8373,89.8611,495507,1064273,1,0
11016,0.0868767,0.0951424,8.83998,101.751,98693,1136012,1,0
11017,0.416807,0.7147,10.4046,24.9625,121847,292334,1,0
11018,0.272391,0.374364,15.2121,55.8469,161548,593074,1,0
11019,0.333569,0.500531,37.9464,113.754,430594,1290869,2,0
11020,0.330007,0.492552,3.29724,9.99115,35349,107116,1,0
11021,0.386133,0.629017,13.4756,34.8981,158677,410939,1,0
11022,0.148418,0.174285,2.81191,18.9457,30914,208290,1,0
11023,0.436927,0.775968,3.49085,7.98959,38405,87898,1,0
11024,0.198204,0.247201,2.76839,13.9673,29849,150597,1,0
11025,0.500341,1.00137,11.9563,23.8966,141494,282795,1,0
11026,0.0152286,0.0154641,1.92981,126.728,21363,1402819,1,0
11027,0.192734,0.238749,4.80776,24.9452,52458,272178,1,0
11028,0.188622,0.232471,1.88132,9.97405,20785,110194,1,0
11029,0.402459,0.673525,8.02942,19.9515,89787,223096,1,0
11030,0.0129701,0.0131406,0.478795,36.9161,5257,405316,1,0
11031,0.532559,1.13931,7.44039,13.9708,84646,158942,1,0
11032,0.326911,0.485689,52.4974,160.588,570726,1745812,1,0
11033,0.390989,0.642006,17.1633,43.8967,201412,515135,1,0
11034,0.0932527,0.102843,1.67777,17.9917,17909,192048,1,0
11035,0.354137,0.548316,17.321,48.9117,198422,560297,1,0
11036,0.136354,0.157882,0.94846,6.95602,10334,75788,1,0
11037,0.491913,0.968167,57.9323,117.771,688297,1399225,2,0
11038,0.0452845,0.0474324,1.80785,39.9217,20162,445230,2,0
11039,0.542134,1.18404,21.1001,38.921,252714,466147,1,0
11040,0.223804,0.288335,6.02868,26.9364,65802,294016,1,0
11041,0.488597,0.955404,6.33445,12.9647,73826,151098,1,0
11042,0.0516251,0.0544353,2.21507,42.9076,24726,478953,1,0
11043,0.467966,0.879578,26.1414,55.8622,311448,665536,1,0
11044,0.270189,0.370218,16.4421,60.8537,183000,677303,1,0
11045,0.367993,0.582262,3.67731,9.99284,41570,112964,1,0
11046,0.0666845,0.0714491,1.92962,28.9364,21427,321319,1,0
11047,0.338942,0.512726,7.10687,20.968,77195,227753,1,0
11048,0.112562,0.12684,3.92821,34.8986,43531,386728,1,0
11049,0.357551,0.556543,2.86079,8.0011,31571,88298,1,0
11050,0.172296,0.208161,1.54629,8.97461,16426,95336,1,0
11051,0.432076,0.760799,7.7624,17.9653,86111,199296,1,0
11052,0.0494376,0.0520088,4.93264,99.7738,54979,1112089,2,0
11053,0.491938,0.968264,8.35011,16.9738,95406,193939,1,0
11054,0.029095,0.0299669,0.638223,21.9351,7057,242550,1,0
11055,0.142058,0.16558,9.35535,65.8535,101640,715481,1,0
11056,0.0182199,0.018558,2.67264,146.665,30075,1650668,1,0
11057,0.493078,0.972691,32.961,66.845,389552,790041,2,0
11058,0.0527579,0.0556963,1.84225,34.9183,20581,390103,1,0
11059,0.200537,0.25084,3.00906,15.0053,32550,162314,1,0
11060,0.0482987,0.0507498,4.04644,83.7807,44931,930274,1,0
11061,0.346262,0.529665,18.9953,54.8594,221973,641055,1,0
11062,0.0830194,0.0905357,1.32309,15.937,14657,176549,1,0
11063,0.303917,0.436611,10.6133,34.9214,115808,381051,1,0
11064,0.0585511,0.0621925,0.874933,14.943,9317,159126,1,0
11065,0.333693,0.50081,3.99724,11.9788,43872,131474,1,0
11066,0.139244,0.161769,1.6648,11.956,18234,130950,1,0
11067,0.3998,0.66611,25.1294,62.8577,299791,749853,1,0
11068,0.0381215,0.0396324,0.723258,18.9723,7736,202930,1,0
11069,0.543977,1.19287,24.9685,45.8999,295861,543885,1,0
11070,0.0811188,0.08828,1.29364,15.9478,14457,178220,1,0
11071,0.241235,0.317931,3.61521,14.9859,41119,170452,1,0
11072,0.0251866,0.0258374,0.527512,20.9446,5840,231869,1,0
11073,0.46235,0.859946,10.6126,22.9544,125848,272192,1,0
11074,0.0774812,0.0839887,1.00478,12.968,11138,143751,1,0
11075,0.278808,0.386592,13.6207,48.8539,147439,528820,1,0
11076,0.251579,0.336147,3.76164,14.9523,41539,165113,1,0
11077,0.38633,0.629539,8.86807,22.9549,98854,255880,1,0
11078,0.227423,0.29437,9.3013,40.8964,103322,454316,1,0
11079,0.272986,0.375489,74.6335,273.386,808385,2961272,1,0
11080,0.157725,0.187261,39.193,248.485,429009,2719983,1,0
11081,0.466506,0.874436,30.2367,64.8154,359326,770249,1,0
11082,0.129099,0.148236,2.44652,18.9507,26205,202984,1,0
11083,0.415359,0.710451,9.52212,22.9247,105222,253328,1,0
11084,0.0630815,0.0673287,2.01242,31.902,22260,352877,1,0
11085,0.531507,1.1345,22.2882,41.9338,263636,496016,1,0
11086,0.041802,0.0436256,1.46098,34.9492,16338,390843,2,0
11087,0.261758,0.354569,2.8722,10.973,31601,120726,1,0
11088,0.0601154,0.0639604,2.39968,39.9164,26733,444695,1,0
11089,0.158651,0.188567,3.3241,20.9524,35968,226712,1,0
11090,0.166614,0.199924,4.48864,26.9403,49182,295186,1,0
11091,0.474541,0.903097,25.0788,52.8489,295581,622878,1,0
11092,0.0903087,0.0992741,3.15499,34.9346,35145,389165,1,0
11093,0.368879,0.584482,8.82572,23.9252,104472,283215,1,0
11094,0.0733471,0.0791527,2.19751,29.9598,24375,332324,1,0
11095,0.417534,0.716838,6.65678,15.9423,75506,180838,1,0
11096,0.182006,0.222502,4.17399,22.9333,46584,255948,1,0
11097,0.299921,0.428411,3.5864,11.958,39263,130911,1,0
11098,0.0655038,0.0700953,0.915983,13.9833,10252,156510,1,0
11099,0.306195,0.441328,12.8259,41.8847,145914,476539,1,0
11100,0.102404,0.114087,1.32664,12.9546,14401,140629,1,0
11101,0.451886,0.824439,32.0369,70.8962,379341,839461,2,0
11102,0.0419344,0.0437698,1.67462,39.9345,18583,443145,1,0
11103,0.39355,0.64894,10.2086,25.9398,111044,282160,1,0
11104,0.151186,0.178114,2.71808,17.9783,29023,191969,1,0
11105,0.374275,0.598146,29.8573,79.7733,350677,936950,1,0
11106,0.0751851,0.0812974,1.65186,21.9714,18635,247855,1,0
11107,0.450139,0.81864,7.63744,16.9669,86351,191832,1,0
11108,0.110707,0.124488,4.19545,37.8976,46486,419903,1,0
11109,0.284899,0.398404,3.97622,13.9566,45538,159839,1,0
11110,0.29431,0.417053,36.4159,123.739,408580,1388263,1,0
11111,0.262178,0.35534,3.93509,15.0094,46852,178703,1,0
11112,0.255341,0.342896,5.85448,22.9279,64365,252075,1,0
11113,0.451982,0.824759,276.486,611.719,3259234,7210975,2,0
11114,0.146902,0.172198,2.20104,14.9829,23500,159971,1,0
11115,0.181355,0.22153,4.52086,24.9282,48919,269742,1,0
11116,0.0645883,0.069048,2.06133,31.9148,22899,354538,1,0
11117,0.35568,0.552023,4.61775,12.9829,53050,149151,1,0
11118,0.282672,0.394062,18.6178,65.866,199163,704573,1,0
11119,0.347864,0.533423,7.98883,22.9654,90922,261372,1,0
11120,0.173214,0.209503,2.0717,11.9605,23153,133667,1,0
11121,0.388496,0.635313,21.3197,54.875,251821,648194,2,0
11122,0.262768,0.356425,40.6476,154.688,434323,1652876,1,0
11123,0.388884,0.636352,6.97787,17.9433,78130,200908,2,0
11124,0.0371238,0.0385552,1.07439,28.9411,11911,320845,1,0
11125,0.529557,1.12566,41.7108,78.7659,495828,936307,1,0
11126,0.175087,0.212249,3.15206,18.0029,34500,197045,1,0
11127,0.254215,0.340869,3.55233,13.9736,39037,153559,1,0
11128,0.177011,0.215083,6.18139,34.9221,67613,381970,1,0
11129,0.357108,0.555472,12.8297,35.9264,152025,425711,1,0
11130,0.147327,0.172782,2.79158,18.9483,29869,202740,1,0
11131,0.380957,0.615398,6.07603,15.9495,68479,179755,1,0
11132,0.13085,0.15055,2.8721,21.9492,30823,235559,1,0
11133,0.392579,0.646304,3.91229,9.96567,43186,110006,1,0
11134,0.0302361,0.0311788,1.41877,46.9242,15709,519545,1,0
11135,0.267611,0.365394,16.0215,59.8691,184885,690873,1,0
11137,0.371377,0.590779,17.0501,45.9095,198572,534691,1,0
11138,0.122783,0.139969,1.34828,10.9806,14731,119976,1,0
11139,0.405918,0.683268,4.04876,9.97438,45479,112040,1,0
11140,0.259739,0.350875,8.29417,31.9334,90465,348292,1,0
11141,0.369993,0.587284,8.11735,21.9395,93828,253594,1,0
11142,0.0613219,0.0653279,5.8136,94.8072,64277,1048190,1,0
11143,0.355036,0.550474,4.24813,11.9654,46771,131736,1,0
11144,0.105021,0.117344,2.09319,19.9306,22915,218195,1,0
11145,0.336504,0.507168,10.076,29.9433,109848,326439,1,0
11146,0.0562783,0.0596345,0.729338,12.9599,8046,142968,1,0
11147,0.347329,0.532165,4.50897,12.982,51372,147906,1,0
11148,0.271739,0.373134,7.04637,25.931,75063,276232,1,0
11149,0.440048,0.785867,5.70507,12.9646,63157,143523,1,0
11150,0.100126,0.111266,6.49803,64.8981,72232,721414,1,0
11151,0.540194,1.17483,32.3347,59.8572,383803,710491,1,0
11152,0.120936,0.137573,1.08689,8.98743,12058,99706,2,0
11153,0.472038,0.894076,47.5795,100.795,562382,1191391,2,0
11154,0.154135,0.182222,1.07646,6.98398,11890,77140,1,0
11155,0.226107,0.292168,25.7159,113.743,278827,1233166,2,0
11156,0.0581183,0.0617045,1.74047,29.9475,19290,331909,2,0
11157,0.484075,0.938266,71.4754,147.649,843800,1743119,1,0
11158,0.0505934,0.0532895,4.69502,92.8033,51967,1027149,2,0
11159,0.355793,0.552295,22.0172,61.8876,241036,677462,1,0
11160,0.0929258,0.102446,1.39057,14.9642,15352,165207,1,0
11161,0.124276,0.141913,2.97742,23.9583,32560,261997,1,0
11162,0.153551,0.181406,1.07209,6.98206,12045,78443,1,0
11163,0.444681,0.800765,14.6595,32.9664,171214,385027,1,0
11164,0.323977,0.47924,17.7652,54.8342,194239,599545,1,0
11165,0.385837,0.628232,20.8006,53.9115,226499,587033,1,0
11166,0.0402506,0.0419387,0.804034,19.9759,8602,213711,1,0
11167,0.12794,0.14671,1.4026,10.9631,15193,118751,1,0
11168,0.0194934,0.019881,0.661535,33.9376,7092,363815,1,0
11169,0.431318,0.758453,35.3021,81.8427,414434,960854,1,0
11170,0.162243,0.193664,2.1036,12.9656,22978,141627,1,0
11171,0.373533,0.596253,4.8489,12.9811,55253,147920,1,0
11172,0.116178,0.131449,5.56817,47.9269,62374,536885,1,0
11173,0.326863,0.485582,49.5558,151.607,540001,1652071,1,0
11174,0.0433781,0.0453451,2.72646,62.8534,30159,695258,2,0
11175,0.323363,0.477896,5.1645,15.9719,57392,177485,1,0
11176,0.266769,0.363828,14.3871,53.9312,157243,589434,1,0
11177,0.20424,0.256661,6.72964,32.9504,79696,390207,1,0
11178,0.0207446,0.0211841,0.600077,28.926,6426,309767,1,0
11179,0.440306,0.786691,11.8631,26.9429,132150,300132,2,0
11180,0.210195,0.266135,5.87743,27.9628,64433,306539,1,0
11181,0.215876,0.275308,4.95356,22.9466,53738,248930,1,0
11182,0.0932367,0.102824,1.39458,14.958,14956,160409,1,0
11183,0.386629,0.630336,5.7879,14.9704,65270,168818,1,0
11184,0.118083,0.133893,31.5734,267.405,348060,2947592,2,0
11185,0.18278,0.223661,40.122,219.516,434673,2378119,1,0
11186,0.137687,0.159672,4.12125,29.9312,45444,330052,1,0
11187,0.365808,0.576809,6.57411,17.9718,71496,195447,1,0
11188,0.2084,0.263263,4.99129,23.9501,53929,258777,1,0
11189,0.418983,0.72112,18.8043,44.8811,220494,526260,1,0
11190,0.0485128,0.0509863,1.16059,23.9222,12399,255582,1,0
11191,0.468813,0.882575,19.1711,40.8932,225842,481732,1,0
11192,0.0531242,0.0561047,1.96273,36.946,21700,408477,2,0
11193,0.392575,0.646293,6.25911,15.9439,69989,178282,1,0
11194,0.0694382,0.0746197,4.01871,57.8756,44377,639086,2,0
11195,0.478416,0.917237,169.463,354.22,2000039,4180542,2,0
11196,0.152369,0.179758,1.826,11.9842,20299,133223,1,0
11197,0.158795,0.188771,4.43633,27.9377,48111,302976,1,0
11198,0.219991,0.282037,2.41557,10.9803,26195,119073,1,0
11199,0.419997,0.724128,755.018,1797.95,8866371,21110581,1,0
11200,0.0924149,0.101825,1.56764,16.9631,17273,186907,1,0
11201,0.455556,0.836735,7.27165,15.9619,85716,188157,1,0
11202,0.19097,0.236048,5.14298,26.9301,55237,289244,1,0
11203,0.242092,0.319422,7.72678,31.9171,83867,346426,1,0
11204,0.231519,0.301268,8.54068,36.8905,94453,407971,1,0
11205,0.410651,0.696788,4.91631,11.972,55966,136286,1,0
11206,0.0206551,0.0210908,0.515205,24.9447,5508,266665,1,0
11207,0.340644,0.516631,47.2308,138.655,513390,1507116,1,0
11208,0.145186,0.169846,1.88176,12.961,20846,143581,1,0
11209,0.154595,0.182865,6.78246,43.8716,73523,475585,1,0
11210,0.122323,0.139371,1.09903,8.98467,12315,100676,1,0
11211,0.381576,0.617014,36.9306,96.7847,420951,1103190,2,0
11212,0.196319,0.244275,2.54266,12.9516,28097,143119,1,0
11213,0.331396,0.495654,2.64632,7.98546,29254,88275,1,0
11214,0.0490238,0.051551,2.10392,42.9159,23224,473729,2,0
11215,0.299583,0.42772,2.38609,7.96473,25910,86487,1,0
11216,0.144628,0.169083,2.44852,16.9295,26852,185662,1,0
11218,0.269951,0.36977,2.96457,10.9817,32295,119633,1,0
11219,0.357983,0.557591,2.85733,7.98178,32299,90225,1,0
11220,0.0141334,0.014336,0.550145,38.9248,6169,436484,1,0
11221,0.343096,0.522293,6.50705,18.9661,71445,208236,1,0
11222,0.15971,0.190065,2.06899,12.9548,22751,142452,1,0
11223,0.526856,1.11352,15.7745,29.9402,186370,353740,1,0
11224,0.342055,0.519884,3.75555,10.9795,41259,120621,1,0
11225,0.368064,0.582438,241.645,656.514,2856404,7760628,2,0
11226,0.0741437,0.0800812,0.518541,6.99365,5799,78213,1,0
11227,0.45198,0.824752,27.9545,61.8485,326868,723191,1,0
11228,0.115349,0.130389,1.95255,16.927,21493,186330,1,0
11229,0.355691,0.552051,16.6676,46.8606,181459,510159,1,0
11230,0.0435238,0.0455043,0.568108,13.0527,6071,139487,1,0
11231,0.443228,0.796067,26.0758,58.8306,307169,693027,1,0
11233,0.430541,0.756051,22.3507,51.9127,260338,604677,1,0
11234,0.0665089,0.0712475,0.528833,7.95139,5706,85793,1,0
11235,0.464355,0.866909,8.33968,17.9596,92872,200002,1,0
11236,0.099463,0.110448,1.2897,12.9668,13872,139469,1,0
11237,0.345364,0.527566,9.65348,27.9505,110285,319330,1,0
11238,0.0141826,0.0143867,0.311194,21.9417,3334,235076,1,0
11239,0.352123,0.543504,3.85998,10.9619,43139,122511,1,0
11240,0.122255,0.139283,1.83015,14.9704,19583,160182,1,0
11241,0.501477,1.00593,15.5046,30.9184,182847,364617,1,0
11242,0.0526163,0.0555385,2.09772,39.8683,23510,446820,1,0
11243,0.329174,0.490701,5.90619,17.9427,64613,196288,1,0
11244,0.210161,0.266081,1.04583,4.9763,11487,54658,1,0
11245,0.354145,0.548334,14.4859,40.9045,165092,466171,1,0
11246,0.119053,0.135141,1.66391,13.976,18396,154520,1,0
11247,0.441767,0.791365,17.6347,39.9196,209112,473354,1,0
11248,0.240127,0.31601,5.98843,24.9381,65530,272897,1,0
11250,0.173493,0.209912,1.73379,9.9935,18840,108592,1,0
11251,0.472629,0.896197,88.1712,186.556,1038130,2196502,1,0
11252,0.0485211,0.0509954,0.629774,12.9795,6742,138950,1,0
11253,0.213361,0.271231,3.19456,14.9728,36824,172590,1,0
11254,0.124087,0.141666,1.61124,12.9848,17877,144068,1,0
11255,0.377247,0.605774,4.89519,12.976,54175,143606,1,0
11256,0.278656,0.386301,6.67849,23.9672,71937,258157,1,0
11257,0.320966,0.472681,10.8914,33.9344,127778,398104,1,0
11258,0.0968089,0.107185,1.44812,14.9582,15912,164365,2,0
11259,0.410023,0.69498,33.1498,80.8476,387097,944087,1,0
11260,0.0287639,0.0296158,0.430009,14.9505,4606,160131,1,0
11261,0.239143,0.314307,4.05344,16.9486,45732,191233,1,0
11262,0.241302,0.318048,12.5196,51.8846,135658,562191,1,0
11263,0.40602,0.683558,28.773,70.8639,338206,832979,1,0
11264,0.343363,0.522912,7.19699,20.9603,78030,227252,1,0
11265,0.324916,0.481298,4.86275,14.9662,53592,164941,1,0
11266,0.0877849,0.0962326,4.64188,52.8788,51090,581991,1,0
11267,0.234765,0.306789,2.81206,11.9785,30866,131476,1,0
11268,0.105282,0.11767,2.20393,20.9338,24171,229584,2,0
11269,0.282536,0.393798,3.37819,11.9567,36728,129994,1,0
11270,0.0990423,0.10993,1.08877,10.993,11831,119454,1,0
11271,0.380191,0.613399,3.41132,8.97268,39452,103769,1,0
11272,0.121917,0.138844,2.19122,17.973,24544,201318,1,0
11273,0.278765,0.38651,23.0792,82.7892,253477,909286,1,0
11274,0.122187,0.139194,6.33855,51.8768,67731,554324,1,0
11275,0.361518,0.566216,13.7084,37.9199,156647,433303,1,0
11276,0.266865,0.364005,1.86329,6.98243,20931,78433,1,0
11277,0.359609,0.561547,25.4681,70.8185,300107,834536,1,0
11278,0.128945,0.148033,1.41716,10.9905,15849,122913,1,0
11279,0.27347,0.376405,50.489,184.613,578241,2114462,1,0
11280,0.105013,0.117335,12.8827,122.691,141433,1346810,2,0
11281,0.407253,0.687061,15.8423,38.901,183764,451228,1,0
11282,0.155919,0.184721,1.86835,11.9828,20536,131709,1,0
11283,0.322634,0.476307,3.85842,11.9593,41935,129977,1,0
11284,0.386197,0.629186,14.2595,36.9222,155533,402730,1,0
11285,0.501113,1.00446,17.5032,34.9287,203692,406479,2,0
11286,0.0649841,0.0695005,0.843063,12.9733,9457,145528,1,0
11287,0.452819,0.827548,13.5569,29.9376,158281,349546,1,0
11288,0.123479,0.140874,1.35597,10.9813,14850,120263,1,0
11289,0.326045,0.483778,7.15708,21.9507,83757,256888,1,0
11290,0.139026,0.161475,3.05191,21.9514,33813,243214,1,0
11291,0.345894,0.528805,4.83774,13.9863,56644,163761,1,0
11292,0.0834242,0.0910173,1.16412,13.9541,12617,151239,1,0
11293,0.342935,0.52192,4.79563,13.9841,54310,158368,2,0
11294,0.122911,0.140135,6.00579,48.8636,65854,535787,1,0
11295,0.364631,0.573888,37.8116,103.7,446336,1224077,1,0
11296,0.174398,0.211237,2.43143,13.9419,26450,151665,1,0
11297,0.284653,0.397923,7.11091,24.9805,81864,287592,1,0
11298,0.0888375,0.0974991,1.50763,16.9706,16374,184314,1,0
11299,0.304426,0.437661,6.98754,22.9533,77055,253116,1,0
11300,0.0835086,0.0911178,1.66651,19.956,18260,218660,1,0
11301,0.363297,0.570591,5.80034,15.9661,64171,176635,1,0
11302,0.0374658,0.0389241,33.2268,886.947,360199,9614082,2,0
11303,0.316034,0.462061,11.9817,37.913,131376,415702,1,0
11304,0.207371,0.261624,3.72039,17.9411,40703,196281,1,0
11305,0.256646,0.345254,10.7525,41.8965,125731,489901,1,0
11306,0.0191611,0.0195354,0.860316,44.896,9628,502477,1,0
11307,0.469995,0.886776,22.0308,46.8746,257259,547365,1,0
11308,0.0268677,0.0276095,0.590147,21.9649,6412,238651,1,0
11309,0.32368,0.478589,2.57956,7.96945,28064,86703,1,0
11310,0.112745,0.127071,6.9743,61.8488,77990,691741,1,0
11311,0.396479,0.656942,600.103,1513.59,6960286,17555258,4,0
11312,0.0342455,0.0354599,1.70794,49.8737,18556,541852,1,0
11313,0.186396,0.229099,2.04731,10.9839,22410,120228,1,0
11314,0.0850242,0.0929251,1.94978,22.9319,21136,248588,1,0
11315,0.393496,0.648795,3.92305,9.96965,45391,115353,2,0
11316,0.14705,0.172401,3.81773,25.9605,42755,290752,1,0
11317,0.305007,0.438863,35.3033,115.741,388207,1272782,1,0
11318,0.0394893,0.0411128,0.828437,20.9787,9084,230037,1,0
11319,0.388139,0.634359,3.48355,8.97492,40762,105019,1,0
11320,0.0270072,0.0277569,2.34521,86.8365,25367,939267,1,0
11321,0.392596,0.64635,16.0492,40.8792,174709,445010,1,0
11322,0.117296,0.132882,0.936039,7.98015,10111,86201,1,0
11323,0.358151,0.557999,9.28722,25.931,107994,301532,1,0
11324,0.0863332,0.0944909,1.37664,15.9453,15121,175147,1,0
11325,0.394356,0.651136,4.72197,11.9739,54993,139450,1,0
11326,0.0370405,0.0384653,2.6981,72.8422,29435,794670,1,0
11327,0.42049,0.725597,12.5749,29.905,147918,351775,1,0
11328,0.0892957,0.0980513,0.800751,8.96729,8770,98213,1,0
11329,0.371503,0.591098,12.6003,33.9171,145526,391722,1,0
11330,0.0515572,0.0543599,1.08187,20.9834,11664,226234,1,0
11331,0.270252,0.370336,2.15856,7.98712,23513,87004,1,0
11332,0.0384811,0.0400211,1.72733,44.8859,18791,488318,2,0
11333,0.347456,0.532464,32.9432,94.8109,381385,1097650,4,0
11334,0.0326419,0.0337433,2.37734,72.8324,25835,791468,2,0
11335,0.364405,0.573328,58.1898,159.675,679717,1865280,1,0
11336,0.0602877,0.0641555,1.14285,18.9562,12532,207870,1,0
11337,0.0399702,0.0416344,0.956882,23.9409,10962,274254,1,0
11338,0.0646041,0.069066,1.67509,25.9293,18340,283883,1,0
11339,0.381174,0.615964,7.22637,18.9583,84129,220710,1,0
11340,0.156401,0.185398,2.49689,15.9645,27874,178221,1,0
11341,0.372941,0.594746,16.7156,44.8204,197680,530057,1,0
11342,0.100037,0.111157,1.19683,11.9634,13143,131381,1,0
11343,0.224809,0.290005,10.5401,46.8869,114580,509677,1,0
11344,0.0421569,0.0440123,1.0513,24.9379,11480,272316,1,0
11345,0.405467,0.681993,1265.27,3120.84,14827178,36568133,1,0
11346,0.0231535,0.0237023,1.96415,84.8326,21331,921287,2,0
11347,0.21562,0.274892,4.51778,20.9537,49298,228634,1,0
11348,0.201856,0.252907,1.81744,9.00361,19879,98481,1,0
11349,0.238928,0.313937,23.831,99.7385,278760,1166709,1,0
11350,0.0791353,0.0859359,1.49913,18.9438,16389,207101,1,0
11351,0.31701,0.464151,5.69209,17.9555,64226,202599,1,0
11352,0.1651,0.197748,408.589,2476.48,4436291,26870405,2,0
11353,0.365153,0.575183,18.574,50.8652,213306,584155,1,0
11354,0.21994,0.281953,4.60695,20.946,50314,228762,1,0
11355,0.519839,1.08263,14.5342,27.9593,170411,327815,1,0
11356,0.110496,0.124222,1.43161,12.9562,16007,144865,1,0
11357,0.379628,0.611936,7.56903,19.9382,88071,231993,1,0
11358,0.0501282,0.0527736,1.15072,22.9557,12513,249620,1,0
11359,0.408267,0.689951,4.07429,9.97957,46215,113198,1,0
11360,0.0295927,0.0304952,1.0334,34.9209,11177,377694,1,0
11361,0.496137,0.984666,39.1058,78.8194,455547,918188,1,0
11362,0.147546,0.173084,4.71191,31.9339,51392,348311,1,0
11363,0.350391,0.539387,5.94055,16.9538,64891,185196,1,0
11364,0.0533928,0.0564044,2.9305,54.8941,31627,592346,1,0
11365,0.392928,0.64725,55.6677,141.672,649278,1652411,1,0
11366,0.0265566,0.0272811,3.15305,118.729,34125,1284991,2,0
11367,0.3398,0.514692,7.12498,20.9681,82836,243779,1,0
11368,0.109441,0.12289,1.64047,14.9894,17995,164427,1,0
11369,0.344131,0.524694,10.3032,29.9399,121283,352433,1,0
11370,0.034515,0.0357488,1.17061,33.9155,12781,370303,1,0
11371,0.391183,0.642529,9.37036,23.9542,104470,267062,2,0
11372,0.10688,0.11967,1.81165,16.9507,19736,184656,1,0
11373,0.294582,0.4176,10.585,35.9339,115202,391069,1,0
11374,0.111679,0.125719,7.90865,70.8228,86364,773325,1,0
11375,0.26198,0.354976,6.27529,23.9532,73463,280415,1,0
11376,0.00654118,0.00658425,0.548354,83.8314,5925,905800,2,0
11377,0.488473,0.954932,28.276,57.8853,333509,682758,1,0
11378,0.257767,0.347286,4.62995,17.9617,50503,195925,1,0
11379,0.337661,0.5098,53.2404,157.669,610642,1808448,1,0
11380,0.123195,0.140504,1.22845,9.97134,13428,108998,1,0
11381,0.277196,0.3835,8.02177,28.9409,89642,323389,1,0
11382,0.108282,0.121431,1.51248,13.968,16505,152426,1,0
11383,0.409533,0.693576,11.0376,26.9517,127808,312082,1,0
11384,0.0693773,0.0745494,1.59173,22.9423,17341,249952,1,0
11385,0.29096,0.410357,10.4526,35.9239,114460,393388,1,0
11386,0.155421,0.184022,1.39709,8.98908,15638,100617,2,0
11387,0.411862,0.700281,34.5188,83.8106,402995,978471,1,0
11388,0.152976,0.180604,8.8502,57.8521,95709,625648,1,0
11389,0.176135,0.213791,3.869,21.9667,44965,255287,1,0
11390,0.0343249,0.035545,0.787821,22.9518,8593,250343,1,0
11391,0.109347,0.122771,1.74698,15.9764,19094,174619,1,0
11392,0.197046,0.245402,4.72027,23.9542,51461,261162,1,0
11393,0.346656,0.530588,2.07753,5.9932,22923,66126,1,0
11394,0.160218,0.190786,2.8758,17.9493,31328,195533,1,0
11395,0.463343,0.863389,27.7413,59.8721,322739,696544,1,0
11396,0.0293616,0.0302498,1.66992,56.8744,18076,615634,1,0
11397,0.369531,0.58612,21.3811,57.8597,236632,640358,1,0
11398,0.040613,0.0423322,1.29527,31.8932,14099,347155,1,0
11399,0.386803,0.630798,17.7344,45.8495,204125,527723,1,0
11400,0.0380408,0.0395452,0.607396,15.967,6625,174155,1,0
11401,0.331402,0.495667,6.27213,18.9268,70179,211764,1,0
11402,0.089951,0.098842,7.18,79.8112,80104,890529,2,0
11403,0.204673,0.257345,21.0266,102.736,229633,1121949,1,0
11404,0.0852615,0.0932086,1.52995,17.9439,16523,193792,1,0
11405,0.290524,0.409491,4.93301,16.9793,57615,198314,1,0
11406,0.0204978,0.0209267,0.408731,19.9407,4425,215877,1,0
11407,0.28976,0.407975,566.919,1956.61,6192926,21372583,1,0
11408,0.0193795,0.0197625,0.561113,28.9553,6070,313218,1,0
11409,0.374224,0.598017,41.8211,111.753,482620,1289654,1,0
11410,0.0835503,0.0911673,2.67105,31.9689,29048,347671,1,0
11411,0.390399,0.640419,7.80074,19.9812,90210,231071,1,0
11412,0.029304,0.0301886,1.46164,49.8819,16256,554737,1,0
11413,0.249486,0.33242,5.96868,23.9247,64899,260131,1,0
11414,0.081426,0.088644,5.84847,71.827,65340,802446,1,0
11415,0.376321,0.603388,4.51732,12.0042,50827,135063,1,0
11416,0.0194737,0.0198604,3.2061,164.646,34781,1786054,1,0
11417,0.370188,0.587775,19.9434,53.8718,232499,628057,1,0
11418,0.0117631,0.0119032,0.856664,72.8266,9239,785419,1,0
11419,0.26081,0.352833,5.72853,21.9637,66425,254687,1,0
11420,0.0137175,0.0139083,1.68341,122.74,18217,1328013,1,0
11421,0.390386,0.640382,3.89534,9.97816,42855,109776,1,0
11422,0.0194135,0.0197978,0.465438,23.9738,5057,260489,1,0
11423,0.235276,0.307661,2.81862,11.9801,30704,130502,2,0
11424,0.0182826,0.0186231,0.383173,20.9583,4150,226992,1,0
11425,0.363881,0.572032,15.2565,41.9257,175262,481647,1,0
11426,0.015163,0.0153965,0.590264,38.9275,6561,432698,2,0
11427,0.310392,0.450099,3.40506,10.9703,39741,128035,1,0
11428,0.116007,0.13123,1.61783,13.9449,17972,154922,1,0
11429,0.386711,0.630552,5.79407,14.983,67674,174999,1,0
11430,0.0121793,0.0123295,1.47064,120.747,15977,1311817,1,0
11431,0.363595,0.571327,11.9796,32.9476,138857,381900,1,0
11432,0.0203386,0.0207609,0.303799,14.9372,3307,162597,1,0
11433,0.211562,0.268331,1.69037,7.99,19458,91973,1,0
11434,0.014071,0.0142718,1.15058,81.7714,12422,882807,1,0
11435,0.209158,0.264476,5.42801,25.9522,60863,290990,1,0
11436,0.139363,0.16193,2.08731,14.9773,22734,163128,1,0
11437,0.36427,0.572994,13.4437,36.9064,156424,429418,1,0
11438,0.0988303,0.109669,0.986826,9.98508,10992,111221,1,0
11439,0.388794,0.636109,45.0131,115.781,517388,1330752,2,0
11440,0.0149771,0.0152048,0.537702,35.9043,5837,389729,1,0
11441,0.336618,0.507428,6.38457,18.9666,72518,215431,1,0
11442,0.00629372,0.00633358,1.56986,249.434,17036,2706825,1,0
11443,0.283567,0.395803,5.09214,17.9578,59790,210850,1,0
11444,0.0277272,0.0285179,4.01079,144.638,43457,1567308,1,0
11445,0.283315,0.395313,4.5254,15.973,52881,186651,1,0
11446,0.010101,0.0102041,0.393331,38.9389,4277,423424,1,0
11447,0.394746,0.652199,5.91088,14.974,67995,172250,1,0
11448,0.0356284,0.0369447,2.16883,60.8725,23556,661158,1,0
11449,0.470448,0.88839,13.1426,27.9362,153042,325311,1,0
11450,0.231629,0.301454,8.54793,36.904,95719,413243,1,0
11451,0.268217,0.366526,4.54816,16.9572,52529,195845,1,0
11452,0.0128304,0.0129972,0.345643,26.94,3756,292742,1,0
11453,0.188415,0.232157,5.63646,29.9161,61313,325415,1,0
11454,0.049142,0.0516817,1.71705,34.9399,18588,378251,1,0
11455,0.354018,0.54803,4.59477,12.9787,50935,143877,1,0
11456,0.0184811,0.0188291,0.33186,17.9573,3602,194902,1,0
11457,0.390113,0.639648,6.61785,16.9637,75980,194764,2,0
11458,0.0877503,0.0961911,1.31394,14.9734,14592,166290,1,0
11459,0.413873,0.706116,4.12705,9.97183,47045,113670,1,0
11460,0.158543,0.188414,1.89975,11.9826,21275,134191,1,0
11461,0.352412,0.544193,8.086,22.9447,92571,262678,1,0
11462,0.0258327,0.0265178,1.10821,42.8997,11992,464217,1,0
11463,0.325384,0.482326,5.52177,16.9701,64486,198184,1,0
11464,0.134719,0.155694,2.15055,15.9637,24049,178512,1,0
11465,0.231558,0.301334,3.23525,13.9713,37699,162806,1,0
11466,0.164696,0.197169,5.75392,34.9356,64249,390107,1,0
11467,0.13112,0.150907,5.23616,39.9342,57008,434778,1,0
11468,0.00922976,0.00931574,0.54345,58.8798,5884,637503,1,0
11469,0.509596,1.03914,27.9682,54.8829,321380,630656,1,0
11470,0.0518963,0.0547369,4.91896,94.7866,55001,1059825,1,0
11471,0.303641,0.436041,12.4209,40.9079,143854,473763,1,0
11472,0.113374,0.127871,2.26415,19.9709,25254,222750,2,0
11473,0.352536,0.544488,26.7291,75.8211,311654,884034,1,0
11474,0.259587,0.350598,3.62913,13.9805,40642,156564,1,0
11475,0.156851,0.186029,8.13591,51.8707,88838,566386,1,0
11476,0.0342124,0.0354244,1.1603,33.9132,12979,379365,1,0
11477,0.312614,0.454787,5.61587,17.9641,64271,205592,1,0
11478,0.157573,0.187047,2.82888,17.9528,31633,200751,1,0
11479,0.237405,0.311313,4.9733,20.9489,54612,230037,1,0
11480,0.0609786,0.0649385,2.18704,35.8653,24414,400370,1,0
11481,0.227567,0.29461,7.72551,33.9488,84133,369707,1,0
11482,0.0708242,0.0762226,2.82507,39.8888,31574,445808,1,0
11483,0.314428,0.458635,12.5545,39.9284,146544,466066,1,0
11484,0.00859683,0.00867138,0.145821,16.9622,1634,190070,1,0
11485,0.288726,0.405927,26.5057,91.8126,306810,1062635,2,0
11486,0.0542239,0.0573327,3.46594,63.9181,38681,713357,1,0
11487,0.38853,0.635405,28.6952,73.8564,328534,845581,2,0
11488,0.217443,0.277862,4.55362,20.9414,50971,234411,1,0
11489,0.489205,0.957734,165.393,338.093,1917363,3919342,1,0
11490,0.0333907,0.0345441,2.36559,70.8458,26461,792467,1,0
11491,0.276296,0.381781,2.76195,9.99627,30846,111641,1,0
11492,0.166005,0.199048,3.48206,20.9757,38975,234782,1,0
11494,0.151077,0.177962,4.22335,27.9549,47133,311981,1,0
11495,0.34532,0.527464,5.5073,15.9484,63178,182955,1,0
11496,0.0930915,0.102647,2.23213,23.9774,24965,268177,1,0
11497,0.243173,0.321306,2.18345,8.97897,23829,97992,1,0
11498,0.17386,0.210449,1.73422,9.97472,19448,111860,1,0
11499,0.381826,0.617668,12.9479,33.9107,148606,389198,1,0
11500,0.329273,0.49092,63.7401,193.573,711670,2161337,1,0
11501,0.276497,0.382164,10.4888,37.9346,120158,434573,1,0
11502,0.194057,0.240782,2.12961,10.9743,23901,123165,1,0
11503,0.38272,0.620011,5.72558,14.9605,65054,169978,1,0
11504,0.235934,0.308787,4.94573,20.9621,55359,234638,2,0
11505,0.053183,0.0561703,1.06194,19.9679,11568,217513,1,0
11506,0.114537,0.129353,4.4606,38.9427,49966,436242,1,0
11507,0.418547,0.71983,55.5558,132.735,607117,1450534,1,0
11508,0.269843,0.369569,13.4666,49.9043,149631,554511,1,0
11509,0.398318,0.662007,3.97274,9.97376,43762,109867,1,0
11510,0.149291,0.17549,2.23415,14.9654,24938,167043,1,0
11511,0.344427,0.525384,13.4142,38.9468,152923,443992,1,0
11512,0.163109,0.194899,2.92991,17.9628,32871,201528,1,0
11513,0.30114,0.430902,6.91193,22.9517,76058,252567,1,0
11514,0.0590929,0.0628042,12.5575,212.509,140554,2378526,1,0
11515,0.220801,0.28337,7.26991,32.9262,79316,359219,1,0
11516,0.250641,0.334475,2.98979,11.9284,33411,133302,1,0
11517,0.398377,0.66217,59.6255,149.674,690345,1732894,2,0
11518,0.298322,0.425154,31.8418,106.727,348890,1169510,1,0
11519,0.313706,0.457101,10.3209,32.9001,112945,360035,1,0
11520,0.192129,0.237822,10.5472,54.8955,118265,615549,1,0
11521,0.198189,0.247177,3.36021,16.9552,38375,193628,1,0
11522,0.149328,0.175541,1.78925,11.9817,19859,132989,1,0
11523,0.333003,0.499257,4.31364,12.9538,50388,151314,1,0
11524,0.30945,0.448122,11.1304,35.9683,124486,402281,1,0
11525,0.251497,0.335999,3.0155,11.9897,34997,139155,1,0
11526,0.0567386,0.0601515,3.90595,68.8402,43722,770587,1,0
11527,0.476208,0.909156,24.2253,50.8706,281023,590126,1,0
11528,0.0584199,0.0620446,2.15633,36.9101,24122,412907,1,0
11529,0.343036,0.522154,4.10676,11.9716,46973,136933,1,0
11530,0.15431,0.182467,5.6949,36.907,62253,403427,1,0
11531,0.345712,0.528378,16.9108,48.9147,194905,563779,1,0
11532,0.0899999,0.098901,1.52752,16.9726,17116,190178,1,0
11533,0.361367,0.565844,4.67444,12.9354,52387,144969,1,0
11534,0.160842,0.191671,3.04914,18.9579,34218,212743,1,0
11535,0.328158,0.488444,10.4861,31.9549,120761,367997,1,0
11536,0.0794273,0.0862804,2.61591,32.9336,28772,362243,2,0
11537,0.328558,0.489333,136.678,416.017,1505203,4581235,2,0
11538,0.181824,0.222231,5.80065,31.8996,64690,355783,2,0
11539,0.261844,0.354727,4.70324,17.9624,52109,199008,1,0
11540,0.144681,0.169155,3.61049,24.9561,39883,275661,1,0
11541,0.226811,0.293346,6.56673,28.9531,71882,316924,1,0
11542,0.174206,0.210956,2.08806,11.9862,22937,131666,1,0
11543,0.0596466,0.06343,0.476115,7.98294,5286,88622,1,0
11544,0.226092,0.292144,3.61246,15.9777,39750,175813,1,0
11545,0.398589,0.662757,5.96899,14.9754,66277,166279,1,0
11546,0.202215,0.253471,2.82591,13.9746,31490,155725,1,0
11547,0.318024,0.466327,6.34064,19.938,69535,218647,1,0
11548,0.349877,0.538171,4.18443,11.9599,47105,134633,1,0
11549,0.315635,0.461208,6.29262,19.9365,72810,230678,2,0
11550,0.0733525,0.079159,2.19558,29.9307,24254,330650,1,0
11551,0.277148,0.383409,8.018,28.9302,88901,320771,1,0
11552,0.183,0.22399,2.01003,10.9839,22171,121153,1,0
11553,0.202839,0.254452,5.26109,25.9372,58184,286848,1,0
11554,0.18521,0.22731,2.4031,12.9753,26944,145478,1,0
11555,0.304919,0.438681,2.74012,8.98643,30977,101591,1,0
11556,0.207423,0.261707,13.6531,65.8235,150755,726800,1,0
11557,0.33657,0.507318,3.02879,8.9991,35080,104228,1,0
11558,0.232712,0.303292,3.4793,14.951,38717,166373,1,0
11559,0.348659,0.535295,10.0876,28.9326,111609,320109,1,0
11560,0.0569889,0.0604329,0.796748,13.9805,8780,154065,1,0
11561,0.420713,0.726259,9.65361,22.9458,106012,251982,1,0
11562,0.239018,0.314092,1.67012,6.98743,18495,77379,1,0
11563,0.366874,0.579463,191.432,521.806,2212820,6031560,2,0
11564,0.0472022,0.0495407,0.989398,20.9605,10931,231578,1,0
11565,0.346927,0.531223,4.15486,11.9761,47937,138176,1,0
11566,0.242555,0.320228,5.57041,22.9652,62790,258869,1,0
11567,0.342414,0.520713,9.90709,28.9335,113368,331085,1,0
11568,0.0354873,0.036793,1.16927,32.9487,12911,363820,1,0
11569,0.450391,0.819475,8.52999,18.9392,98691,219123,1,0
11570,0.281134,0.39108,4.21098,14.9783,46896,166810,1,0
11571,0.414655,0.708394,22.7471,54.8579,250712,604628,2,0
11572,0.208869,0.264014,1.04138,4.98582,11445,54795,1,0
11573,0.366119,0.577584,12.4243,33.9353,142564,389392,1,0
11574,0.0724511,0.0781102,1.08652,14.9965,11995,165560,1,0
11575,0.33835,0.511373,8.43446,24.9282,92918,274621,2,0
11576,0.278217,0.385458,3.88978,13.9811,43566,156590,1,0
11577,0.388809,0.63615,15.1316,38.918,174545,448922,1,0
11578,0.254638,0.34163,22.3576,87.8074,249083,978185,1,0
11579,0.180305,0.219967,1.79995,9.98277,20458,113463,1,0
11580,0.149496,0.175773,4.32012,28.898,47298,316383,1,0
11581,0.270696,0.37117,4.58528,16.9387,50713,187343,1,0
11582,0.234408,0.306179,12.1616,51.8837,136496,582301,1,0
11583,0.349006,0.536112,4.8744,13.9667,56280,161258,1,0
11584,0.283372,0.395424,2.54141,8.96834,28709,101312,1,0
11585,0.408201,0.689762,31.3646,76.8334,346021,847674,1,0
11586,0.0917973,0.101076,1.64462,17.9151,18434,200812,1,0
11587,0.237233,0.311017,1.89691,7.99612,21490,90586,1,0
11588,0.224935,0.290214,2.46874,10.9755,27918,124116,1,0
11589,0.316505,0.463069,8.53366,26.9617,96072,303540,1,0
11590,0.230715,0.299908,5.75036,24.9239,64673,280316,1,0
11591,0.369048,0.584906,8.47202,22.9564,93385,253043,1,0
11592,0.318362,0.467055,11.4438,35.947,129271,406050,1,0
11593,0.311597,0.452638,57.5081,184.566,633379,2032685,2,0
11594,0.144661,0.169126,1.15134,7.95906,12525,86582,1,0
11595,0.246819,0.327702,3.2013,12.971,36388,147428,1,0
11596,0.192788,0.238832,1.54266,8.0021,17216,89300,1,0
11597,0.308272,0.445654,17.2196,55.8579,190415,617686,1,0
11599,0.311363,0.452143,28.2663,90.7834,313544,1007006,1,0
11600,0.156974,0.186203,2.50576,15.9628,28165,179425,1,0
11601,0.278399,0.385807,7.77677,27.9341,86097,309258,1,0
11602,0.269091,0.36816,2.15333,8.00221,24261,90159,1,0
11603,0.363649,0.571459,15.9623,43.8944,176046,484110,1,0
11604,0.280964,0.390752,2.24287,7.98275,25080,89264,1,0
11605,0.357786,0.557114,9.27346,25.9194,103534,289374,1,0
11606,0.112684,0.126995,1.2366,10.9743,13705,121623,2,0
11607,0.316639,0.463355,3.15824,9.97434,35177,111095,1,0
11608,0.289348,0.407159,58.3244,201.6,643809,2225031,1,0
11609,0.196574,0.24467,3.91993,19.9409,44079,224236,1,0
11610,0.319935,0.470447,7.97922,24.9399,87775,274353,1,0
11611,0.30699,0.44298,4.29226,13.9821,49418,160976,1,0
11612,0.293851,0.416132,7.91506,26.9353,89423,304314,1,0
11613,0.258577,0.348757,11.8659,45.8906,131289,507737,1,0
11614,0.274217,0.377823,8.48301,30.9355,93550,341153,2,0
11615,0.445557,0.803612,46.2534,103.808,534781,1200253,1,0
11616,0.23214,0.302321,4.62787,19.9359,52222,224959,1,0
11617,0.332038,0.49709,12.9249,38.9252,144951,436550,1,0
11618,0.292812,0.414051,3.80224,12.9853,41909,143126,1,0
11619,0.172281,0.208139,2.06395,11.9801,22805,132371,1,0
11620,0.343259,0.52267,2.39997,6.9917,26433,77006,2,0
11621,0.376673,0.604295,96.2191,255.439,1073472,2849876,2,0
11622,0.220007,0.282063,1.97427,8.97374,21850,99315,1,0
11623,0.356638,0.554335,284.311,797.241,3138731,8800890,1,0
11624,0.183475,0.224703,2.74375,14.9545,30973,168813,1,0
11625,0.440438,0.787114,17.5811,39.9162,202093,458845,1,0
11626,0.168033,0.201971,1.84617,10.9869,20821,123910,1,0
11627,0.200445,0.250695,4.60758,22.9869,53459,266702,1,0
11628,0.123909,0.141434,7.66893,61.8895,78479,633361,1,0
11629,0.369777,0.58674,21.4021,57.8775,244913,662326,1,0
11630,0.369232,0.585369,189.356,512.829,2147646,5816521,2,0
11631,0.378153,0.608114,5.28185,13.9677,60590,160226,1,0
11632,0.288974,0.406419,3.46262,11.9822,38776,134185,1,0
11633,0.289563,0.407584,4.04478,13.9687,45759,158028,1,0
11634,0.31855,0.467459,4.13413,12.978,45832,143877,1,0
11635,0.370786,0.589284,11.487,30.9805,132963,358598,2,0
11636,0.229179,0.297318,103.572,451.989,1149124,5014090,1,0
11637,0.24695,0.327934,17.744,71.8535,196648,796306,1,0
11638,0.367915,0.582067,6.23659,16.951,70355,191226,1,0
11639,0.251544,0.336084,5.27094,20.9539,59713,237386,1,0
11640,0.293765,0.415959,4.68829,15.9592,52289,177996,1,0
11641,0.375809,0.602074,8.62374,22.9476,96336,256343,1,0
11642,0.263969,0.358638,26.8663,101.779,297127,1125615,1,0
11643,0.412228,0.70134,5.75231,13.9542,66567,161481,2,0
11644,0.369789,0.58677,11.7985,31.9072,133330,360557,1,0
11645,0.342895,0.521826,14.3799,41.9346,160225,467272,1,0
11646,0.249854,0.333073,16.209,64.8727,179442,718188,1,0
11647,0.350875,0.540535,9.45277,26.9407,104440,297656,1,0
11648,0.443402,0.796628,34.0455,76.7839,388843,876954,1,0
11649,0.304338,0.437479,3.64217,11.9673,41312,135744,1,0
11650,0.415016,0.709448,5.39373,12.9966,60611,146045,2,0
11651,0.400941,0.669285,29.197,72.8218,330153,823445,1,0
11652,0.223433,0.287719,10.6965,47.8738,117941,527859,1,0
11653,0.298127,0.424759,69.3056,232.468,787382,2641096,2,0
11654,0.391897,0.644459,5.47364,13.9671,61948,158072,1,0
11655,0.267889,0.365913,14.9604,55.8442,166788,622601,2,0
11656,0.274224,0.377836,13.3951,48.8495,154961,565089,1,0
11657,0.312189,0.453888,5.91803,18.9569,66053,211580,1,0
11658,0.189705,0.234119,4.73471,24.9591,52227,275306,1,0
11659,0.48619,0.946245,14.0712,28.9412,161981,333164,1,0
11660,0.374157,0.597846,23.523,62.8701,261674,699369,1,0
11661,0.26567,0.361786,10.3384,38.9142,114091,429446,1,0
11662,0.282449,0.393629,4.5104,15.9688,51469,182224,1,0
11663,0.256025,0.34413,3.06953,11.9892,34975,136608,1,0
11664,0.310347,0.450004,5.8916,18.9845,66570,214502,1,0
11665,0.384818,0.625536,127.453,331.224,1454625,3780029,1,0
11666,0.299837,0.428239,8.66968,28.9151,95791,319477,1,0
11667,0.241666,0.318681,14.9466,61.8435,166642,689554,2,0
11668,0.332636,0.498432,3.32117,9.98466,37520,112796,1,0
11669,0.336899,0.508065,10.762,31.9454,122208,362744,2,0
11670,0.425422,0.740409,9.34029,21.9555,106781,251000,1,0
11671,0.221879,0.285148,6.86337,30.9327,76186,343367,1,0
11672,0.215887,0.275326,7.74841,35.8914,86189,399232,1,0
11673,0.270815,0.371395,7.56211,27.923,86438,319177,1,0
11674,0.296247,0.420952,3.84002,12.9622,43364,146378,1,0
11675,0.240007,0.315802,11.9694,49.8702,133019,554229,1,0
11676,0.412279,0.701486,30.4534,73.866,346986,841630,1,0
11677,0.210335,0.26636,5.66417,26.9285,65038,309211,1,0
11678,0.230928,0.300269,4.37489,18.9447,49702,215227,1,0
11679,0.230877,0.300182,4.37669,18.9564,48619,210584,1,0
11680,0.374696,0.599222,15.3335,40.9228,174434,465535,1,0
11681,0.303209,0.435151,5.44846,17.9691,62120,204875,1,0
11682,0.295379,0.419202,15.9145,53.8804,180843,612241,1,0
11683,0.348477,0.534865,3.82172,10.9666,43315,124298,1,0
11684,0.311501,0.452435,7.45515,23.9327,84898,272545,1,0
11685,0.152665,0.180171,4.87435,31.93,55473,363364,1,0
11686,0.409491,0.693453,6.13624,14.9852,68138,166397,1,0
